Zeit,CH1 Temperature(℃),CH1 Taupunkt(℃),CH1 Wärmeindex(℃),CH1 Luftfeuchtigkeit(%),CH2 Temperature(℃),CH2 Taupunkt(℃),CH2 Wärmeindex(℃),CH2 Luftfeuchtigkeit(%),CH3 Temperature(℃),CH3 Taupunkt(℃),CH3 Wärmeindex(℃),CH3 Luftfeuchtigkeit(%),CH4 Temperature(℃),CH4 Taupunkt(℃),CH4 Wärmeindex(℃),CH4 Luftfeuchtigkeit(%),CH5 Temperature(℃),CH5 Taupunkt(℃),CH5 Wärmeindex(℃),CH5 Luftfeuchtigkeit(%),CH6 Temperature(℃),CH6 Taupunkt(℃),CH6 Wärmeindex(℃),CH6 Luftfeuchtigkeit(%),CH7 Temperature(℃),CH7 Taupunkt(℃),CH7 Wärmeindex(℃),CH7 Luftfeuchtigkeit(%),CH8 Temperature(℃),CH8 Taupunkt(℃),CH8 Wärmeindex(℃),CH8 Luftfeuchtigkeit(%),WN35CH1hum(%),WN35CH2hum(%),WN35CH3hum(%),WN35CH4hum(%),WN35CH5hum(%),WN35CH6hum(%),WN35CH7hum(%),WN35CH8hum(%),Blitzanzahl,Blitzentfernung,WH45 Temperatur(℃),WH45 Luftfeuchtigkeit(%),WH45 CO2(ppm),WH45 Pm2.5(ug/m3),WH45 Pm10(ug/m3),BodenfeuchteKA1(%),BodenfeuchteKA2(%),BodenfeuchteKA3(%),BodenfeuchteKA4(%),BodenfeuchteKA5(%),BodenfeuchteKA6(%),BodenfeuchteKA7(%),BodenfeuchteKA8(%),LeckenAuf KA1,LeckenAuf KA2,LeckenAuf KA3,LeckenAuf KA4,Pm2.5KA1(ug/m3),Pm2.5KA2(ug/m3),Pm2.5KA3(ug/m3),Pm2.5KA4(ug/m3),WN34KA1(℃),WN34KA2(℃),WN34KA3(℃),WN34KA4(℃),WN34KA5(℃),WN34KA6(℃),WN34KA7(℃),WN34KA8(℃)
2026/5/1 0:00,--,--,--,--,22.3,6.5,22.3,36,--,--,--,--,8.9,-1.0,8.9,50,--,--,--,--,--,--,--,--,--,--,--,--,--,--,--,--,--,--,--,55,44,--,--,--,--,--,--,--,--,--,--,--,--,--,--,--,--,--,--,--,--,--,--,--,--,--,--,--,--,--,--,--,--,--,--
2026/5/1 0:05,--,--,--,--,22.3,6.5,22.3,36,--,--,--,--,8.8,-1.1,8.8,50,--,--,--,--,--,--,--,--,--,--,--,--,--,--,--,--,--,--,--,55,44,--,--,--,--,--,--,--,--,--,--,--,--,--,--,--,--,--,--,--,--,--,--,--,--,--,--,--,--,--,--,--,--,--,--
2026/5/1 0:20,--,--,--,--,22.3,6.5,22.3,36,--,--,--,--,9.1,-0.5,9.1,51,--,--,--,--,--,--,--,--,--,--,--,--,--,--,--,--,--,--,--,55,44,--,--,--,--,--,--,--,--,--,--,--,--,--,--,--,--,--,--,--,--,--,--,--,--,--,--,--,--,--,--,--,--,--,--
2026/5/1 0:35,--,--,--,--,22.2,6.5,22.2,36,--,--,--,--,9.6,-0.3,9.6,50,--,--,--,--,--,--,--,--,--,--,--,--,--,--,--,--,--,--,--,55,44,--,--,--,--,--,--,--,--,--,--,--,--,--,--,--,--,--,--,--,--,--,--,--,--,--,--,--,--,--,--,--,--,--,--
2026/5/1 0:50,--,--,--,--,22.2,6.5,22.2,36,--,--,--,--,9.2,-0.1,9.2,52,--,--,--,--,--,--,--,--,--,--,--,--,--,--,--,--,--,--,--,55,44,--,--,--,--,--,--,--,--,--,--,--,--,--,--,--,--,--,--,--,--,--,--,--,--,--,--,--,--,--,--,--,--,--,--
2026/5/1 1:05,--,--,--,--,22.2,6.5,22.2,36,--,--,--,--,9.0,-0.1,9.0,53,--,--,--,--,--,--,--,--,--,--,--,--,--,--,--,--,--,--,--,55,44,--,--,--,--,--,--,--,--,--,--,--,--,--,--,--,--,--,--,--,--,--,--,--,--,--,--,--,--,--,--,--,--,--,--
2026/5/1 1:20,--,--,--,--,22.2,6.5,22.2,36,--,--,--,--,9.0,-0.1,9.0,53,--,--,--,--,--,--,--,--,--,--,--,--,--,--,--,--,--,--,--,55,44,--,--,--,--,--,--,--,--,--,--,--,--,--,--,--,--,--,--,--,--,--,--,--,--,--,--,--,--,--,--,--,--,--,--
2026/5/1 1:35,--,--,--,--,22.2,6.5,22.2,36,--,--,--,--,8.3,-0.5,8.3,54,--,--,--,--,--,--,--,--,--,--,--,--,--,--,--,--,--,--,--,55,44,--,--,--,--,--,--,--,--,--,--,--,--,--,--,--,--,--,--,--,--,--,--,--,--,--,--,--,--,--,--,--,--,--,--
2026/5/1 1:50,--,--,--,--,22.1,6.4,22.1,36,--,--,--,--,7.4,-0.3,7.4,58,--,--,--,--,--,--,--,--,--,--,--,--,--,--,--,--,--,--,--,55,44,--,--,--,--,--,--,--,--,--,--,--,--,--,--,--,--,--,--,--,--,--,--,--,--,--,--,--,--,--,--,--,--,--,--
2026/5/1 2:05,--,--,--,--,22.1,6.4,22.1,36,--,--,--,--,7.0,-0.5,7.0,59,--,--,--,--,--,--,--,--,--,--,--,--,--,--,--,--,--,--,--,55,44,--,--,--,--,--,--,--,--,--,--,--,--,--,--,--,--,--,--,--,--,--,--,--,--,--,--,--,--,--,--,--,--,--,--
2026/5/1 2:20,--,--,--,--,22.1,6.4,22.1,36,--,--,--,--,6.7,-0.3,6.7,61,--,--,--,--,--,--,--,--,--,--,--,--,--,--,--,--,--,--,--,55,44,--,--,--,--,--,--,--,--,--,--,--,--,--,--,--,--,--,--,--,--,--,--,--,--,--,--,--,--,--,--,--,--,--,--
2026/5/1 2:35,--,--,--,--,22.1,6.4,22.1,36,--,--,--,--,6.3,-0.5,6.3,62,--,--,--,--,--,--,--,--,--,--,--,--,--,--,--,--,--,--,--,55,44,--,--,--,--,--,--,--,--,--,--,--,--,--,--,--,--,--,--,--,--,--,--,--,--,--,--,--,--,--,--,--,--,--,--
2026/5/1 2:50,--,--,--,--,22.0,6.3,22.0,36,--,--,--,--,5.9,-0.4,5.9,64,--,--,--,--,--,--,--,--,--,--,--,--,--,--,--,--,--,--,--,55,44,--,--,--,--,--,--,--,--,--,--,--,--,--,--,--,--,--,--,--,--,--,--,--,--,--,--,--,--,--,--,--,--,--,--
2026/5/1 3:05,--,--,--,--,22.0,6.3,22.0,36,--,--,--,--,5.5,-0.5,5.5,65,--,--,--,--,--,--,--,--,--,--,--,--,--,--,--,--,--,--,--,55,44,--,--,--,--,--,--,--,--,--,--,--,--,--,--,--,--,--,--,--,--,--,--,--,--,--,--,--,--,--,--,--,--,--,--
2026/5/1 3:20,--,--,--,--,22.0,6.3,22.0,36,--,--,--,--,5.8,-0.3,5.8,65,--,--,--,--,--,--,--,--,--,--,--,--,--,--,--,--,--,--,--,55,44,--,--,--,--,--,--,--,--,--,--,--,--,--,--,--,--,--,--,--,--,--,--,--,--,--,--,--,--,--,--,--,--,--,--
2026/5/1 3:35,--,--,--,--,22.0,6.3,22.0,36,--,--,--,--,5.7,-0.3,5.7,65,--,--,--,--,--,--,--,--,--,--,--,--,--,--,--,--,--,--,--,55,44,--,--,--,--,--,--,--,--,--,--,--,--,--,--,--,--,--,--,--,--,--,--,--,--,--,--,--,--,--,--,--,--,--,--
2026/5/1 3:50,--,--,--,--,22.0,6.3,22.0,36,--,--,--,--,5.9,-0.4,5.9,64,--,--,--,--,--,--,--,--,--,--,--,--,--,--,--,--,--,--,--,55,44,--,--,--,--,--,--,--,--,--,--,--,--,--,--,--,--,--,--,--,--,--,--,--,--,--,--,--,--,--,--,--,--,--,--
2026/5/1 4:05,--,--,--,--,22.0,6.3,22.0,36,--,--,--,--,6.5,-0.3,6.5,62,--,--,--,--,--,--,--,--,--,--,--,--,--,--,--,--,--,--,--,55,44,--,--,--,--,--,--,--,--,--,--,--,--,--,--,--,--,--,--,--,--,--,--,--,--,--,--,--,--,--,--,--,--,--,--
2026/5/1 4:20,--,--,--,--,21.9,6.6,21.9,37,--,--,--,--,7.1,-0.1,7.1,60,--,--,--,--,--,--,--,--,--,--,--,--,--,--,--,--,--,--,--,55,44,--,--,--,--,--,--,--,--,--,--,--,--,--,--,--,--,--,--,--,--,--,--,--,--,--,--,--,--,--,--,--,--,--,--
2026/5/1 4:35,--,--,--,--,21.9,6.6,21.9,37,--,--,--,--,6.2,-0.3,6.2,63,--,--,--,--,--,--,--,--,--,--,--,--,--,--,--,--,--,--,--,55,44,--,--,--,--,--,--,--,--,--,--,--,--,--,--,--,--,--,--,--,--,--,--,--,--,--,--,--,--,--,--,--,--,--,--
2026/5/1 4:50,--,--,--,--,21.9,6.6,21.9,37,--,--,--,--,5.4,-0.5,5.4,66,--,--,--,--,--,--,--,--,--,--,--,--,--,--,--,--,--,--,--,55,44,--,--,--,--,--,--,--,--,--,--,--,--,--,--,--,--,--,--,--,--,--,--,--,--,--,--,--,--,--,--,--,--,--,--
2026/5/1 5:05,--,--,--,--,21.9,6.6,21.9,37,--,--,--,--,4.6,-0.8,4.6,68,--,--,--,--,--,--,--,--,--,--,--,--,--,--,--,--,--,--,--,55,44,--,--,--,--,--,--,--,--,--,--,--,--,--,--,--,--,--,--,--,--,--,--,--,--,--,--,--,--,--,--,--,--,--,--
2026/5/1 5:20,--,--,--,--,21.9,6.6,21.9,37,--,--,--,--,5.2,-0.2,5.2,68,--,--,--,--,--,--,--,--,--,--,--,--,--,--,--,--,--,--,--,55,44,--,--,--,--,--,--,--,--,--,--,--,--,--,--,--,--,--,--,--,--,--,--,--,--,--,--,--,--,--,--,--,--,--,--
2026/5/1 5:35,--,--,--,--,21.9,6.6,21.9,37,--,--,--,--,5.2,-0.5,5.2,67,--,--,--,--,--,--,--,--,--,--,--,--,--,--,--,--,--,--,--,55,44,--,--,--,--,--,--,--,--,--,--,--,--,--,--,--,--,--,--,--,--,--,--,--,--,--,--,--,--,--,--,--,--,--,--
2026/5/1 5:50,--,--,--,--,21.9,6.6,21.9,37,--,--,--,--,4.7,-0.7,4.7,68,--,--,--,--,--,--,--,--,--,--,--,--,--,--,--,--,--,--,--,55,44,--,--,--,--,--,--,--,--,--,--,--,--,--,--,--,--,--,--,--,--,--,--,--,--,--,--,--,--,--,--,--,--,--,--
2026/5/1 6:05,--,--,--,--,21.9,6.6,21.9,37,--,--,--,--,4.8,-0.6,4.8,68,--,--,--,--,--,--,--,--,--,--,--,--,--,--,--,--,--,--,--,55,44,--,--,--,--,--,--,--,--,--,--,--,--,--,--,--,--,--,--,--,--,--,--,--,--,--,--,--,--,--,--,--,--,--,--
2026/5/1 6:20,--,--,--,--,21.9,6.6,21.9,37,--,--,--,--,5.0,-0.7,5.0,67,--,--,--,--,--,--,--,--,--,--,--,--,--,--,--,--,--,--,--,55,44,--,--,--,--,--,--,--,--,--,--,--,--,--,--,--,--,--,--,--,--,--,--,--,--,--,--,--,--,--,--,--,--,--,--
2026/5/1 6:35,--,--,--,--,21.9,6.6,21.9,37,--,--,--,--,5.2,-0.2,5.2,68,--,--,--,--,--,--,--,--,--,--,--,--,--,--,--,--,--,--,--,55,44,--,--,--,--,--,--,--,--,--,--,--,--,--,--,--,--,--,--,--,--,--,--,--,--,--,--,--,--,--,--,--,--,--,--
2026/5/1 6:50,--,--,--,--,22.0,6.7,22.0,37,--,--,--,--,5.5,0.1,5.5,68,--,--,--,--,--,--,--,--,--,--,--,--,--,--,--,--,--,--,--,55,44,--,--,--,--,--,--,--,--,--,--,--,--,--,--,--,--,--,--,--,--,--,--,--,--,--,--,--,--,--,--,--,--,--,--
2026/5/1 7:05,--,--,--,--,22.0,6.7,22.0,37,--,--,--,--,6.5,0.4,6.5,65,--,--,--,--,--,--,--,--,--,--,--,--,--,--,--,--,--,--,--,55,44,--,--,--,--,--,--,--,--,--,--,--,--,--,--,--,--,--,--,--,--,--,--,--,--,--,--,--,--,--,--,--,--,--,--
2026/5/1 7:20,--,--,--,--,22.1,7.2,22.1,38,--,--,--,--,7.6,1.0,7.6,63,--,--,--,--,--,--,--,--,--,--,--,--,--,--,--,--,--,--,--,55,44,--,--,--,--,--,--,--,--,--,--,--,--,--,--,--,--,--,--,--,--,--,--,--,--,--,--,--,--,--,--,--,--,--,--
2026/5/1 7:35,--,--,--,--,22.2,7.2,22.2,38,--,--,--,--,9.2,1.6,9.2,59,--,--,--,--,--,--,--,--,--,--,--,--,--,--,--,--,--,--,--,55,44,--,--,--,--,--,--,--,--,--,--,--,--,--,--,--,--,--,--,--,--,--,--,--,--,--,--,--,--,--,--,--,--,--,--
2026/5/1 7:50,--,--,--,--,22.3,7.3,22.3,38,--,--,--,--,10.6,2.2,10.6,56,--,--,--,--,--,--,--,--,--,--,--,--,--,--,--,--,--,--,--,55,44,--,--,--,--,--,--,--,--,--,--,--,--,--,--,--,--,--,--,--,--,--,--,--,--,--,--,--,--,--,--,--,--,--,--
2026/5/1 8:05,--,--,--,--,22.2,6.8,22.2,37,--,--,--,--,11.6,2.9,11.6,55,--,--,--,--,--,--,--,--,--,--,--,--,--,--,--,--,--,--,--,55,44,--,--,--,--,--,--,--,--,--,--,--,--,--,--,--,--,--,--,--,--,--,--,--,--,--,--,--,--,--,--,--,--,--,--
2026/5/1 8:20,--,--,--,--,22.2,6.8,22.2,37,--,--,--,--,12.5,2.9,12.5,52,--,--,--,--,--,--,--,--,--,--,--,--,--,--,--,--,--,--,--,55,44,--,--,--,--,--,--,--,--,--,--,--,--,--,--,--,--,--,--,--,--,--,--,--,--,--,--,--,--,--,--,--,--,--,--
2026/5/1 8:35,--,--,--,--,22.2,6.8,22.2,37,--,--,--,--,13.4,2.3,13.4,47,--,--,--,--,--,--,--,--,--,--,--,--,--,--,--,--,--,--,--,55,44,--,--,--,--,--,--,--,--,--,--,--,--,--,--,--,--,--,--,--,--,--,--,--,--,--,--,--,--,--,--,--,--,--,--
2026/5/1 8:50,--,--,--,--,22.3,6.9,22.3,37,--,--,--,--,13.9,1.9,13.9,44,--,--,--,--,--,--,--,--,--,--,--,--,--,--,--,--,--,--,--,55,44,--,--,--,--,--,--,--,--,--,--,--,--,--,--,--,--,--,--,--,--,--,--,--,--,--,--,--,--,--,--,--,--,--,--
2026/5/1 9:05,--,--,--,--,22.3,6.9,22.3,37,--,--,--,--,14.6,1.9,14.6,42,--,--,--,--,--,--,--,--,--,--,--,--,--,--,--,--,--,--,--,55,44,--,--,--,--,--,--,--,--,--,--,--,--,--,--,--,--,--,--,--,--,--,--,--,--,--,--,--,--,--,--,--,--,--,--
2026/5/1 9:20,--,--,--,--,22.3,6.5,22.3,36,--,--,--,--,15.3,1.4,15.3,39,--,--,--,--,--,--,--,--,--,--,--,--,--,--,--,--,--,--,--,55,44,--,--,--,--,--,--,--,--,--,--,--,--,--,--,--,--,--,--,--,--,--,--,--,--,--,--,--,--,--,--,--,--,--,--
2026/5/1 9:35,--,--,--,--,22.2,6.0,22.2,35,--,--,--,--,16.4,1.3,16.4,36,--,--,--,--,--,--,--,--,--,--,--,--,--,--,--,--,--,--,--,55,44,--,--,--,--,--,--,--,--,--,--,--,--,--,--,--,--,--,--,--,--,--,--,--,--,--,--,--,--,--,--,--,--,--,--
2026/5/1 9:50,--,--,--,--,22.2,6.0,22.2,35,--,--,--,--,17.8,1.3,17.8,33,--,--,--,--,--,--,--,--,--,--,--,--,--,--,--,--,--,--,--,55,44,--,--,--,--,--,--,--,--,--,--,--,--,--,--,--,--,--,--,--,--,--,--,--,--,--,--,--,--,--,--,--,--,--,--
2026/5/1 10:05,--,--,--,--,22.3,6.1,22.3,35,--,--,--,--,19.7,3.0,19.7,33,--,--,--,--,--,--,--,--,--,--,--,--,--,--,--,--,--,--,--,55,44,--,--,--,--,--,--,--,--,--,--,--,--,--,--,--,--,--,--,--,--,--,--,--,--,--,--,--,--,--,--,--,--,--,--
2026/5/1 10:20,--,--,--,--,22.3,6.5,22.3,36,--,--,--,--,24.0,4.9,24.0,29,--,--,--,--,--,--,--,--,--,--,--,--,--,--,--,--,--,--,--,55,44,--,--,--,--,--,--,--,--,--,--,--,--,--,--,--,--,--,--,--,--,--,--,--,--,--,--,--,--,--,--,--,--,--,--
2026/5/1 10:35,--,--,--,--,22.3,6.5,22.3,36,--,--,--,--,27.2,6.1,27.2,26,--,--,--,--,--,--,--,--,--,--,--,--,--,--,--,--,--,--,--,55,44,--,--,--,--,--,--,--,--,--,--,--,--,--,--,--,--,--,--,--,--,--,--,--,--,--,--,--,--,--,--,--,--,--,--
2026/5/1 10:50,--,--,--,--,22.3,6.5,22.3,36,--,--,--,--,28.7,5.6,28.7,23,--,--,--,--,--,--,--,--,--,--,--,--,--,--,--,--,--,--,--,55,44,--,--,--,--,--,--,--,--,--,--,--,--,--,--,--,--,--,--,--,--,--,--,--,--,--,--,--,--,--,--,--,--,--,--
2026/5/1 11:05,--,--,--,--,22.4,6.6,22.4,36,--,--,--,--,29.7,5.1,29.7,21,--,--,--,--,--,--,--,--,--,--,--,--,--,--,--,--,--,--,--,55,44,--,--,--,--,--,--,--,--,--,--,--,--,--,--,--,--,--,--,--,--,--,--,--,--,--,--,--,--,--,--,--,--,--,--
2026/5/1 11:20,--,--,--,--,22.4,7.0,22.4,37,--,--,--,--,29.6,6.3,29.6,23,--,--,--,--,--,--,--,--,--,--,--,--,--,--,--,--,--,--,--,55,44,--,--,--,--,--,--,--,--,--,--,--,--,--,--,--,--,--,--,--,--,--,--,--,--,--,--,--,--,--,--,--,--,--,--
2026/5/1 11:35,--,--,--,--,22.4,7.0,22.4,37,--,--,--,--,31.4,7.2,31.4,22,--,--,--,--,--,--,--,--,--,--,--,--,--,--,--,--,--,--,--,55,44,--,--,--,--,--,--,--,--,--,--,--,--,--,--,--,--,--,--,--,--,--,--,--,--,--,--,--,--,--,--,--,--,--,--
2026/5/1 11:50,--,--,--,--,22.4,7.0,22.4,37,--,--,--,--,31.7,8.1,31.7,23,--,--,--,--,--,--,--,--,--,--,--,--,--,--,--,--,--,--,--,55,44,--,--,--,--,--,--,--,--,--,--,--,--,--,--,--,--,--,--,--,--,--,--,--,--,--,--,--,--,--,--,--,--,--,--
2026/5/1 12:05,--,--,--,--,22.4,7.0,22.4,37,--,--,--,--,31.1,8.2,31.1,24,--,--,--,--,--,--,--,--,--,--,--,--,--,--,--,--,--,--,--,55,44,--,--,--,--,--,--,--,--,--,--,--,--,--,--,--,--,--,--,--,--,--,--,--,--,--,--,--,--,--,--,--,--,--,--
2026/5/1 12:20,--,--,--,--,22.4,7.0,22.4,37,--,--,--,--,32.3,7.9,32.3,22,--,--,--,--,--,--,--,--,--,--,--,--,--,--,--,--,--,--,--,55,44,--,--,--,--,--,--,--,--,--,--,--,--,--,--,--,--,--,--,--,--,--,--,--,--,--,--,--,--,--,--,--,--,--,--
2026/5/1 12:35,--,--,--,--,22.4,7.0,22.4,37,--,--,--,--,33.3,8.1,33.3,21,--,--,--,--,--,--,--,--,--,--,--,--,--,--,--,--,--,--,--,55,44,--,--,--,--,--,--,--,--,--,--,--,--,--,--,--,--,--,--,--,--,--,--,--,--,--,--,--,--,--,--,--,--,--,--
2026/5/1 12:50,--,--,--,--,22.4,7.0,22.4,37,--,--,--,--,34.4,9.0,34.4,21,--,--,--,--,--,--,--,--,--,--,--,--,--,--,--,--,--,--,--,55,44,--,--,--,--,--,--,--,--,--,--,--,--,--,--,--,--,--,--,--,--,--,--,--,--,--,--,--,--,--,--,--,--,--,--
2026/5/1 13:05,--,--,--,--,22.4,7.0,22.4,37,--,--,--,--,35.5,9.2,35.5,20,--,--,--,--,--,--,--,--,--,--,--,--,--,--,--,--,--,--,--,55,44,--,--,--,--,--,--,--,--,--,--,--,--,--,--,--,--,--,--,--,--,--,--,--,--,--,--,--,--,--,--,--,--,--,--
2026/5/1 13:20,--,--,--,--,22.4,7.0,22.4,37,--,--,--,--,35.4,9.1,35.4,20,--,--,--,--,--,--,--,--,--,--,--,--,--,--,--,--,--,--,--,55,44,--,--,--,--,--,--,--,--,--,--,--,--,--,--,--,--,--,--,--,--,--,--,--,--,--,--,--,--,--,--,--,--,--,--
2026/5/1 13:35,--,--,--,--,22.4,7.0,22.4,37,--,--,--,--,36.4,9.2,36.4,19,--,--,--,--,--,--,--,--,--,--,--,--,--,--,--,--,--,--,--,55,44,--,--,--,--,--,--,--,--,--,--,--,--,--,--,--,--,--,--,--,--,--,--,--,--,--,--,--,--,--,--,--,--,--,--
2026/5/1 13:50,--,--,--,--,22.4,7.0,22.4,37,--,--,--,--,37.8,12.5,37.8,22,--,--,--,--,--,--,--,--,--,--,--,--,--,--,--,--,--,--,--,55,44,--,--,--,--,--,--,--,--,--,--,--,--,--,--,--,--,--,--,--,--,--,--,--,--,--,--,--,--,--,--,--,--,--,--
2026/5/1 14:05,--,--,--,--,22.4,7.0,22.4,37,--,--,--,--,38.6,10.1,38.6,18,--,--,--,--,--,--,--,--,--,--,--,--,--,--,--,--,--,--,--,55,44,--,--,--,--,--,--,--,--,--,--,--,--,--,--,--,--,--,--,--,--,--,--,--,--,--,--,--,--,--,--,--,--,--,--
2026/5/1 14:20,--,--,--,--,22.4,7.0,22.4,37,--,--,--,--,38.9,11.9,38.9,20,--,--,--,--,--,--,--,--,--,--,--,--,--,--,--,--,--,--,--,55,44,--,--,--,--,--,--,--,--,--,--,--,--,--,--,--,--,--,--,--,--,--,--,--,--,--,--,--,--,--,--,--,--,--,--
2026/5/1 14:35,--,--,--,--,22.4,7.0,22.4,37,--,--,--,--,39.2,10.6,39.2,18,--,--,--,--,--,--,--,--,--,--,--,--,--,--,--,--,--,--,--,55,44,--,--,--,--,--,--,--,--,--,--,--,--,--,--,--,--,--,--,--,--,--,--,--,--,--,--,--,--,--,--,--,--,--,--
2026/5/1 14:50,--,--,--,--,22.4,7.4,22.4,38,--,--,--,--,40.1,12.9,40.1,20,--,--,--,--,--,--,--,--,--,--,--,--,--,--,--,--,--,--,--,55,44,--,--,--,--,--,--,--,--,--,--,--,--,--,--,--,--,--,--,--,--,--,--,--,--,--,--,--,--,--,--,--,--,--,--
2026/5/1 15:05,--,--,--,--,22.4,7.4,22.4,38,--,--,--,--,40.8,11.9,40.8,18,--,--,--,--,--,--,--,--,--,--,--,--,--,--,--,--,--,--,--,55,44,--,--,--,--,--,--,--,--,--,--,--,--,--,--,--,--,--,--,--,--,--,--,--,--,--,--,--,--,--,--,--,--,--,--
2026/5/1 15:20,--,--,--,--,22.4,7.4,22.4,38,--,--,--,--,40.7,11.8,40.7,18,--,--,--,--,--,--,--,--,--,--,--,--,--,--,--,--,--,--,--,55,44,--,--,--,--,--,--,--,--,--,--,--,--,--,--,--,--,--,--,--,--,--,--,--,--,--,--,--,--,--,--,--,--,--,--
2026/5/1 15:35,--,--,--,--,22.4,7.4,22.4,38,--,--,--,--,41.3,12.3,41.3,18,--,--,--,--,--,--,--,--,--,--,--,--,--,--,--,--,--,--,--,55,44,--,--,--,--,--,--,--,--,--,--,--,--,--,--,--,--,--,--,--,--,--,--,--,--,--,--,--,--,--,--,--,--,--,--
2026/5/1 15:50,--,--,--,--,22.4,7.4,22.4,38,--,--,--,--,40.5,11.7,40.5,18,--,--,--,--,--,--,--,--,--,--,--,--,--,--,--,--,--,--,--,55,44,--,--,--,--,--,--,--,--,--,--,--,--,--,--,--,--,--,--,--,--,--,--,--,--,--,--,--,--,--,--,--,--,--,--
2026/5/1 16:05,--,--,--,--,22.4,7.4,22.4,38,--,--,--,--,41.5,14.1,41.5,20,--,--,--,--,--,--,--,--,--,--,--,--,--,--,--,--,--,--,--,55,44,--,--,--,--,--,--,--,--,--,--,--,--,--,--,--,--,--,--,--,--,--,--,--,--,--,--,--,--,--,--,--,--,--,--
2026/5/1 16:20,--,--,--,--,22.4,7.4,22.4,38,--,--,--,--,40.9,11.1,40.9,17,--,--,--,--,--,--,--,--,--,--,--,--,--,--,--,--,--,--,--,55,44,--,--,--,--,--,--,--,--,--,--,--,--,--,--,--,--,--,--,--,--,--,--,--,--,--,--,--,--,--,--,--,--,--,--
2026/5/1 16:35,--,--,--,--,22.4,7.4,22.4,38,--,--,--,--,39.7,11.8,39.7,19,--,--,--,--,--,--,--,--,--,--,--,--,--,--,--,--,--,--,--,55,44,--,--,--,--,--,--,--,--,--,--,--,--,--,--,--,--,--,--,--,--,--,--,--,--,--,--,--,--,--,--,--,--,--,--
2026/5/1 16:50,--,--,--,--,22.4,7.4,22.4,38,--,--,--,--,38.4,10.8,38.4,19,--,--,--,--,--,--,--,--,--,--,--,--,--,--,--,--,--,--,--,55,44,--,--,--,--,--,--,--,--,--,--,--,--,--,--,--,--,--,--,--,--,--,--,--,--,--,--,--,--,--,--,--,--,--,--
2026/5/1 17:05,--,--,--,--,22.4,7.4,22.4,38,--,--,--,--,36.9,10.3,36.9,20,--,--,--,--,--,--,--,--,--,--,--,--,--,--,--,--,--,--,--,55,44,--,--,--,--,--,--,--,--,--,--,--,--,--,--,--,--,--,--,--,--,--,--,--,--,--,--,--,--,--,--,--,--,--,--
2026/5/1 17:20,--,--,--,--,22.4,7.4,22.4,38,--,--,--,--,34.9,10.1,34.9,22,--,--,--,--,--,--,--,--,--,--,--,--,--,--,--,--,--,--,--,55,44,--,--,--,--,--,--,--,--,--,--,--,--,--,--,--,--,--,--,--,--,--,--,--,--,--,--,--,--,--,--,--,--,--,--
2026/5/1 17:35,--,--,--,--,22.4,7.4,22.4,38,--,--,--,--,33.7,10.4,33.7,24,--,--,--,--,--,--,--,--,--,--,--,--,--,--,--,--,--,--,--,55,44,--,--,--,--,--,--,--,--,--,--,--,--,--,--,--,--,--,--,--,--,--,--,--,--,--,--,--,--,--,--,--,--,--,--
2026/5/1 17:50,--,--,--,--,22.4,7.4,22.4,38,--,--,--,--,32.9,9.1,32.9,23,--,--,--,--,--,--,--,--,--,--,--,--,--,--,--,--,--,--,--,55,44,--,--,--,--,--,--,--,--,--,--,--,--,--,--,--,--,--,--,--,--,--,--,--,--,--,--,--,--,--,--,--,--,--,--
2026/5/1 18:05,--,--,--,--,22.4,7.4,22.4,38,--,--,--,--,32.5,10.0,32.5,25,--,--,--,--,--,--,--,--,--,--,--,--,--,--,--,--,--,--,--,55,44,--,--,--,--,--,--,--,--,--,--,--,--,--,--,--,--,--,--,--,--,--,--,--,--,--,--,--,--,--,--,--,--,--,--
2026/5/1 18:20,--,--,--,--,22.4,7.8,22.4,39,--,--,--,--,31.9,8.9,31.9,24,--,--,--,--,--,--,--,--,--,--,--,--,--,--,--,--,--,--,--,55,44,--,--,--,--,--,--,--,--,--,--,--,--,--,--,--,--,--,--,--,--,--,--,--,--,--,--,--,--,--,--,--,--,--,--
2026/5/1 18:35,--,--,--,--,22.4,7.8,22.4,39,--,--,--,--,28.7,6.8,28.7,25,--,--,--,--,--,--,--,--,--,--,--,--,--,--,--,--,--,--,--,55,44,--,--,--,--,--,--,--,--,--,--,--,--,--,--,--,--,--,--,--,--,--,--,--,--,--,--,--,--,--,--,--,--,--,--
2026/5/1 18:50,--,--,--,--,22.4,7.8,22.4,39,--,--,--,--,26.3,5.3,26.3,26,--,--,--,--,--,--,--,--,--,--,--,--,--,--,--,--,--,--,--,55,44,--,--,--,--,--,--,--,--,--,--,--,--,--,--,--,--,--,--,--,--,--,--,--,--,--,--,--,--,--,--,--,--,--,--
2026/5/1 19:05,--,--,--,--,22.4,7.8,22.4,39,--,--,--,--,24.5,5.3,24.5,29,--,--,--,--,--,--,--,--,--,--,--,--,--,--,--,--,--,--,--,55,44,--,--,--,--,--,--,--,--,--,--,--,--,--,--,--,--,--,--,--,--,--,--,--,--,--,--,--,--,--,--,--,--,--,--
2026/5/1 19:20,--,--,--,--,22.5,7.9,22.5,39,--,--,--,--,23.1,4.1,23.1,29,--,--,--,--,--,--,--,--,--,--,--,--,--,--,--,--,--,--,--,55,44,--,--,--,--,--,--,--,--,--,--,--,--,--,--,--,--,--,--,--,--,--,--,--,--,--,--,--,--,--,--,--,--,--,--
2026/5/1 19:35,--,--,--,--,22.5,7.5,22.5,38,--,--,--,--,22.1,5.5,22.1,34,--,--,--,--,--,--,--,--,--,--,--,--,--,--,--,--,--,--,--,55,44,--,--,--,--,--,--,--,--,--,--,--,--,--,--,--,--,--,--,--,--,--,--,--,--,--,--,--,--,--,--,--,--,--,--
2026/5/1 19:50,--,--,--,--,22.5,7.9,22.5,39,--,--,--,--,21.1,6.6,21.1,39,--,--,--,--,--,--,--,--,--,--,--,--,--,--,--,--,--,--,--,55,44,--,--,--,--,--,--,--,--,--,--,--,--,--,--,--,--,--,--,--,--,--,--,--,--,--,--,--,--,--,--,--,--,--,--
2026/5/1 20:05,--,--,--,--,22.5,7.9,22.5,39,--,--,--,--,20.2,6.5,20.2,41,--,--,--,--,--,--,--,--,--,--,--,--,--,--,--,--,--,--,--,55,44,--,--,--,--,--,--,--,--,--,--,--,--,--,--,--,--,--,--,--,--,--,--,--,--,--,--,--,--,--,--,--,--,--,--
2026/5/1 20:20,--,--,--,--,22.5,7.9,22.5,39,--,--,--,--,18.9,7.3,18.9,47,--,--,--,--,--,--,--,--,--,--,--,--,--,--,--,--,--,--,--,55,44,--,--,--,--,--,--,--,--,--,--,--,--,--,--,--,--,--,--,--,--,--,--,--,--,--,--,--,--,--,--,--,--,--,--
2026/5/1 20:35,--,--,--,--,22.5,8.3,22.5,40,--,--,--,--,17.3,7.9,17.3,54,--,--,--,--,--,--,--,--,--,--,--,--,--,--,--,--,--,--,--,55,44,--,--,--,--,--,--,--,--,--,--,--,--,--,--,--,--,--,--,--,--,--,--,--,--,--,--,--,--,--,--,--,--,--,--
2026/5/1 20:50,--,--,--,--,22.4,7.8,22.4,39,--,--,--,--,15.8,8.1,15.8,60,--,--,--,--,--,--,--,--,--,--,--,--,--,--,--,--,--,--,--,55,44,--,--,--,--,--,--,--,--,--,--,--,--,--,--,--,--,--,--,--,--,--,--,--,--,--,--,--,--,--,--,--,--,--,--
2026/5/1 21:05,--,--,--,--,22.4,7.8,22.4,39,--,--,--,--,14.6,8.1,14.6,65,--,--,--,--,--,--,--,--,--,--,--,--,--,--,--,--,--,--,--,55,44,--,--,--,--,--,--,--,--,--,--,--,--,--,--,--,--,--,--,--,--,--,--,--,--,--,--,--,--,--,--,--,--,--,--
2026/5/1 21:20,--,--,--,--,22.4,7.8,22.4,39,--,--,--,--,13.6,7.8,13.6,68,--,--,--,--,--,--,--,--,--,--,--,--,--,--,--,--,--,--,--,55,44,--,--,--,--,--,--,--,--,--,--,--,--,--,--,--,--,--,--,--,--,--,--,--,--,--,--,--,--,--,--,--,--,--,--
2026/5/1 21:35,--,--,--,--,22.3,7.7,22.3,39,--,--,--,--,13.3,8.0,13.3,70,--,--,--,--,--,--,--,--,--,--,--,--,--,--,--,--,--,--,--,55,44,--,--,--,--,--,--,--,--,--,--,--,--,--,--,--,--,--,--,--,--,--,--,--,--,--,--,--,--,--,--,--,--,--,--
2026/5/1 21:50,--,--,--,--,22.3,7.7,22.3,39,--,--,--,--,13.6,7.8,13.6,68,--,--,--,--,--,--,--,--,--,--,--,--,--,--,--,--,--,--,--,55,44,--,--,--,--,--,--,--,--,--,--,--,--,--,--,--,--,--,--,--,--,--,--,--,--,--,--,--,--,--,--,--,--,--,--
2026/5/1 22:05,--,--,--,--,22.3,7.7,22.3,39,--,--,--,--,12.8,7.5,12.8,70,--,--,--,--,--,--,--,--,--,--,--,--,--,--,--,--,--,--,--,55,44,--,--,--,--,--,--,--,--,--,--,--,--,--,--,--,--,--,--,--,--,--,--,--,--,--,--,--,--,--,--,--,--,--,--
2026/5/1 22:20,--,--,--,--,22.3,7.7,22.3,39,--,--,--,--,12.6,7.5,12.6,71,--,--,--,--,--,--,--,--,--,--,--,--,--,--,--,--,--,--,--,55,44,--,--,--,--,--,--,--,--,--,--,--,--,--,--,--,--,--,--,--,--,--,--,--,--,--,--,--,--,--,--,--,--,--,--
2026/5/1 22:35,--,--,--,--,22.2,7.6,22.2,39,--,--,--,--,12.5,7.4,12.5,71,--,--,--,--,--,--,--,--,--,--,--,--,--,--,--,--,--,--,--,55,44,--,--,--,--,--,--,--,--,--,--,--,--,--,--,--,--,--,--,--,--,--,--,--,--,--,--,--,--,--,--,--,--,--,--
2026/5/1 22:50,--,--,--,--,22.2,7.6,22.2,39,--,--,--,--,12.1,7.2,12.1,72,--,--,--,--,--,--,--,--,--,--,--,--,--,--,--,--,--,--,--,55,44,--,--,--,--,--,--,--,--,--,--,--,--,--,--,--,--,--,--,--,--,--,--,--,--,--,--,--,--,--,--,--,--,--,--
2026/5/1 23:05,--,--,--,--,22.2,8.0,22.2,40,--,--,--,--,12.4,6.9,12.4,69,--,--,--,--,--,--,--,--,--,--,--,--,--,--,--,--,--,--,--,55,44,--,--,--,--,--,--,--,--,--,--,--,--,--,--,--,--,--,--,--,--,--,--,--,--,--,--,--,--,--,--,--,--,--,--
2026/5/1 23:20,--,--,--,--,22.2,8.0,22.2,40,--,--,--,--,12.8,6.8,12.8,67,--,--,--,--,--,--,--,--,--,--,--,--,--,--,--,--,--,--,--,55,44,--,--,--,--,--,--,--,--,--,--,--,--,--,--,--,--,--,--,--,--,--,--,--,--,--,--,--,--,--,--,--,--,--,--
2026/5/1 23:35,--,--,--,--,22.2,8.0,22.2,40,--,--,--,--,12.7,6.7,12.7,67,--,--,--,--,--,--,--,--,--,--,--,--,--,--,--,--,--,--,--,55,44,--,--,--,--,--,--,--,--,--,--,--,--,--,--,--,--,--,--,--,--,--,--,--,--,--,--,--,--,--,--,--,--,--,--
2026/5/1 23:50,--,--,--,--,22.2,8.0,22.2,40,--,--,--,--,11.6,6.7,11.6,72,--,--,--,--,--,--,--,--,--,--,--,--,--,--,--,--,--,--,--,55,44,--,--,--,--,--,--,--,--,--,--,--,--,--,--,--,--,--,--,--,--,--,--,--,--,--,--,--,--,--,--,--,--,--,--
2026/5/1 23:59,--,--,--,--,22.2,8.0,22.2,40,--,--,--,--,11.1,6.7,11.1,74,--,--,--,--,--,--,--,--,--,--,--,--,--,--,--,--,--,--,--,55,44,--,--,--,--,--,--,--,--,--,--,--,--,--,--,--,--,--,--,--,--,--,--,--,--,--,--,--,--,--,--,--,--,--,--
2026/5/2 0:00,--,--,--,--,22.2,8.0,22.2,40,--,--,--,--,11.1,6.7,11.1,74,--,--,--,--,--,--,--,--,--,--,--,--,--,--,--,--,--,--,--,55,44,--,--,--,--,--,--,--,--,--,--,--,--,--,--,--,--,--,--,--,--,--,--,--,--,--,--,--,--,--,--,--,--,--,--
2026/5/2 0:05,--,--,--,--,22.1,7.9,22.1,40,--,--,--,--,10.9,6.5,10.9,74,--,--,--,--,--,--,--,--,--,--,--,--,--,--,--,--,--,--,--,55,44,--,--,--,--,--,--,--,--,--,--,--,--,--,--,--,--,--,--,--,--,--,--,--,--,--,--,--,--,--,--,--,--,--,--
2026/5/2 0:20,--,--,--,--,22.1,7.9,22.1,40,--,--,--,--,10.5,6.4,10.5,76,--,--,--,--,--,--,--,--,--,--,--,--,--,--,--,--,--,--,--,55,44,--,--,--,--,--,--,--,--,--,--,--,--,--,--,--,--,--,--,--,--,--,--,--,--,--,--,--,--,--,--,--,--,--,--
2026/5/2 0:35,--,--,--,--,22.1,7.9,22.1,40,--,--,--,--,10.1,6.2,10.1,77,--,--,--,--,--,--,--,--,--,--,--,--,--,--,--,--,--,--,--,55,44,--,--,--,--,--,--,--,--,--,--,--,--,--,--,--,--,--,--,--,--,--,--,--,--,--,--,--,--,--,--,--,--,--,--
2026/5/2 0:50,--,--,--,--,22.1,7.9,22.1,40,--,--,--,--,9.8,6.0,9.8,77,--,--,--,--,--,--,--,--,--,--,--,--,--,--,--,--,--,--,--,55,44,--,--,--,--,--,--,--,--,--,--,--,--,--,--,--,--,--,--,--,--,--,--,--,--,--,--,--,--,--,--,--,--,--,--
2026/5/2 1:05,--,--,--,--,22.1,7.9,22.1,40,--,--,--,--,9.5,5.9,9.5,78,--,--,--,--,--,--,--,--,--,--,--,--,--,--,--,--,--,--,--,55,44,--,--,--,--,--,--,--,--,--,--,--,--,--,--,--,--,--,--,--,--,--,--,--,--,--,--,--,--,--,--,--,--,--,--
2026/5/2 1:20,--,--,--,--,22.1,7.9,22.1,40,--,--,--,--,9.3,6.0,9.3,80,--,--,--,--,--,--,--,--,--,--,--,--,--,--,--,--,--,--,--,55,44,--,--,--,--,--,--,--,--,--,--,--,--,--,--,--,--,--,--,--,--,--,--,--,--,--,--,--,--,--,--,--,--,--,--
2026/5/2 1:35,--,--,--,--,22.1,7.9,22.1,40,--,--,--,--,9.0,5.7,9.0,80,--,--,--,--,--,--,--,--,--,--,--,--,--,--,--,--,--,--,--,55,44,--,--,--,--,--,--,--,--,--,--,--,--,--,--,--,--,--,--,--,--,--,--,--,--,--,--,--,--,--,--,--,--,--,--
2026/5/2 1:50,--,--,--,--,22.1,7.9,22.1,40,--,--,--,--,8.9,5.8,8.9,81,--,--,--,--,--,--,--,--,--,--,--,--,--,--,--,--,--,--,--,55,44,--,--,--,--,--,--,--,--,--,--,--,--,--,--,--,--,--,--,--,--,--,--,--,--,--,--,--,--,--,--,--,--,--,--
2026/5/2 2:05,--,--,--,--,22.0,7.8,22.0,40,--,--,--,--,8.9,5.8,8.9,81,--,--,--,--,--,--,--,--,--,--,--,--,--,--,--,--,--,--,--,55,44,--,--,--,--,--,--,--,--,--,--,--,--,--,--,--,--,--,--,--,--,--,--,--,--,--,--,--,--,--,--,--,--,--,--
2026/5/2 2:20,--,--,--,--,22.0,7.8,22.0,40,--,--,--,--,8.8,5.7,8.8,81,--,--,--,--,--,--,--,--,--,--,--,--,--,--,--,--,--,--,--,55,44,--,--,--,--,--,--,--,--,--,--,--,--,--,--,--,--,--,--,--,--,--,--,--,--,--,--,--,--,--,--,--,--,--,--
2026/5/2 2:35,--,--,--,--,22.0,7.8,22.0,40,--,--,--,--,8.6,5.5,8.6,81,--,--,--,--,--,--,--,--,--,--,--,--,--,--,--,--,--,--,--,55,44,--,--,--,--,--,--,--,--,--,--,--,--,--,--,--,--,--,--,--,--,--,--,--,--,--,--,--,--,--,--,--,--,--,--
2026/5/2 2:50,--,--,--,--,22.0,7.8,22.0,40,--,--,--,--,8.4,5.5,8.4,82,--,--,--,--,--,--,--,--,--,--,--,--,--,--,--,--,--,--,--,55,44,--,--,--,--,--,--,--,--,--,--,--,--,--,--,--,--,--,--,--,--,--,--,--,--,--,--,--,--,--,--,--,--,--,--
2026/5/2 3:05,--,--,--,--,22.0,7.8,22.0,40,--,--,--,--,8.2,5.5,8.2,83,--,--,--,--,--,--,--,--,--,--,--,--,--,--,--,--,--,--,--,55,44,--,--,--,--,--,--,--,--,--,--,--,--,--,--,--,--,--,--,--,--,--,--,--,--,--,--,--,--,--,--,--,--,--,--
2026/5/2 3:20,--,--,--,--,22.0,7.8,22.0,40,--,--,--,--,8.2,5.5,8.2,83,--,--,--,--,--,--,--,--,--,--,--,--,--,--,--,--,--,--,--,55,44,--,--,--,--,--,--,--,--,--,--,--,--,--,--,--,--,--,--,--,--,--,--,--,--,--,--,--,--,--,--,--,--,--,--
2026/5/2 3:35,--,--,--,--,21.9,7.7,21.9,40,--,--,--,--,8.2,5.5,8.2,83,--,--,--,--,--,--,--,--,--,--,--,--,--,--,--,--,--,--,--,55,44,--,--,--,--,--,--,--,--,--,--,--,--,--,--,--,--,--,--,--,--,--,--,--,--,--,--,--,--,--,--,--,--,--,--
2026/5/2 3:50,--,--,--,--,21.9,7.7,21.9,40,--,--,--,--,8.1,5.4,8.1,83,--,--,--,--,--,--,--,--,--,--,--,--,--,--,--,--,--,--,--,55,44,--,--,--,--,--,--,--,--,--,--,--,--,--,--,--,--,--,--,--,--,--,--,--,--,--,--,--,--,--,--,--,--,--,--
2026/5/2 4:05,--,--,--,--,21.9,7.7,21.9,40,--,--,--,--,7.9,5.2,7.9,83,--,--,--,--,--,--,--,--,--,--,--,--,--,--,--,--,--,--,--,55,44,--,--,--,--,--,--,--,--,--,--,--,--,--,--,--,--,--,--,--,--,--,--,--,--,--,--,--,--,--,--,--,--,--,--
2026/5/2 4:20,--,--,--,--,21.9,7.7,21.9,40,--,--,--,--,7.7,5.0,7.7,83,--,--,--,--,--,--,--,--,--,--,--,--,--,--,--,--,--,--,--,55,44,--,--,--,--,--,--,--,--,--,--,--,--,--,--,--,--,--,--,--,--,--,--,--,--,--,--,--,--,--,--,--,--,--,--
2026/5/2 4:35,--,--,--,--,21.9,7.7,21.9,40,--,--,--,--,7.5,4.8,7.5,83,--,--,--,--,--,--,--,--,--,--,--,--,--,--,--,--,--,--,--,55,44,--,--,--,--,--,--,--,--,--,--,--,--,--,--,--,--,--,--,--,--,--,--,--,--,--,--,--,--,--,--,--,--,--,--
2026/5/2 4:50,--,--,--,--,21.9,7.7,21.9,40,--,--,--,--,7.3,4.8,7.3,84,--,--,--,--,--,--,--,--,--,--,--,--,--,--,--,--,--,--,--,55,44,--,--,--,--,--,--,--,--,--,--,--,--,--,--,--,--,--,--,--,--,--,--,--,--,--,--,--,--,--,--,--,--,--,--
2026/5/2 5:05,--,--,--,--,21.8,7.6,21.8,40,--,--,--,--,7.1,4.6,7.1,84,--,--,--,--,--,--,--,--,--,--,--,--,--,--,--,--,--,--,--,55,44,--,--,--,--,--,--,--,--,--,--,--,--,--,--,--,--,--,--,--,--,--,--,--,--,--,--,--,--,--,--,--,--,--,--
2026/5/2 5:20,--,--,--,--,21.8,7.6,21.8,40,--,--,--,--,6.9,4.6,6.9,85,--,--,--,--,--,--,--,--,--,--,--,--,--,--,--,--,--,--,--,55,44,--,--,--,--,--,--,--,--,--,--,--,--,--,--,--,--,--,--,--,--,--,--,--,--,--,--,--,--,--,--,--,--,--,--
2026/5/2 5:35,--,--,--,--,21.8,7.6,21.8,40,--,--,--,--,6.7,4.4,6.7,85,--,--,--,--,--,--,--,--,--,--,--,--,--,--,--,--,--,--,--,55,44,--,--,--,--,--,--,--,--,--,--,--,--,--,--,--,--,--,--,--,--,--,--,--,--,--,--,--,--,--,--,--,--,--,--
2026/5/2 5:50,--,--,--,--,21.8,7.6,21.8,40,--,--,--,--,6.6,4.5,6.6,86,--,--,--,--,--,--,--,--,--,--,--,--,--,--,--,--,--,--,--,55,44,--,--,--,--,--,--,--,--,--,--,--,--,--,--,--,--,--,--,--,--,--,--,--,--,--,--,--,--,--,--,--,--,--,--
2026/5/2 6:05,--,--,--,--,21.9,7.7,21.9,40,--,--,--,--,6.7,4.5,6.7,86,--,--,--,--,--,--,--,--,--,--,--,--,--,--,--,--,--,--,--,55,44,--,--,--,--,--,--,--,--,--,--,--,--,--,--,--,--,--,--,--,--,--,--,--,--,--,--,--,--,--,--,--,--,--,--
2026/5/2 6:20,--,--,--,--,21.8,7.6,21.8,40,--,--,--,--,6.8,4.8,6.8,87,--,--,--,--,--,--,--,--,--,--,--,--,--,--,--,--,--,--,--,55,44,--,--,--,--,--,--,--,--,--,--,--,--,--,--,--,--,--,--,--,--,--,--,--,--,--,--,--,--,--,--,--,--,--,--
2026/5/2 6:35,--,--,--,--,21.9,7.7,21.9,40,--,--,--,--,7.1,5.1,7.1,87,--,--,--,--,--,--,--,--,--,--,--,--,--,--,--,--,--,--,--,55,44,--,--,--,--,--,--,--,--,--,--,--,--,--,--,--,--,--,--,--,--,--,--,--,--,--,--,--,--,--,--,--,--,--,--
2026/5/2 6:50,--,--,--,--,21.9,7.7,21.9,40,--,--,--,--,7.9,6.0,7.9,88,--,--,--,--,--,--,--,--,--,--,--,--,--,--,--,--,--,--,--,55,44,--,--,--,--,--,--,--,--,--,--,--,--,--,--,--,--,--,--,--,--,--,--,--,--,--,--,--,--,--,--,--,--,--,--
2026/5/2 7:05,--,--,--,--,21.9,7.7,21.9,40,--,--,--,--,9.6,7.6,9.6,88,--,--,--,--,--,--,--,--,--,--,--,--,--,--,--,--,--,--,--,55,44,--,--,--,--,--,--,--,--,--,--,--,--,--,--,--,--,--,--,--,--,--,--,--,--,--,--,--,--,--,--,--,--,--,--
2026/5/2 7:20,--,--,--,--,22.0,7.8,22.0,40,--,--,--,--,10.3,8.1,10.3,86,--,--,--,--,--,--,--,--,--,--,--,--,--,--,--,--,--,--,--,55,44,--,--,--,--,--,--,--,--,--,--,--,--,--,--,--,--,--,--,--,--,--,--,--,--,--,--,--,--,--,--,--,--,--,--
2026/5/2 7:35,--,--,--,--,22.0,7.8,22.0,40,--,--,--,--,11.2,8.4,11.2,83,--,--,--,--,--,--,--,--,--,--,--,--,--,--,--,--,--,--,--,55,44,--,--,--,--,--,--,--,--,--,--,--,--,--,--,--,--,--,--,--,--,--,--,--,--,--,--,--,--,--,--,--,--,--,--
2026/5/2 7:50,--,--,--,--,22.1,7.9,22.1,40,--,--,--,--,12.8,9.3,12.8,79,--,--,--,--,--,--,--,--,--,--,--,--,--,--,--,--,--,--,--,55,44,--,--,--,--,--,--,--,--,--,--,--,--,--,--,--,--,--,--,--,--,--,--,--,--,--,--,--,--,--,--,--,--,--,--
2026/5/2 8:05,--,--,--,--,22.1,7.9,22.1,40,--,--,--,--,14.3,10.5,14.3,78,--,--,--,--,--,--,--,--,--,--,--,--,--,--,--,--,--,--,--,55,44,--,--,--,--,--,--,--,--,--,--,--,--,--,--,--,--,--,--,--,--,--,--,--,--,--,--,--,--,--,--,--,--,--,--
2026/5/2 8:20,--,--,--,--,22.1,8.3,22.1,41,--,--,--,--,14.9,10.1,14.9,73,--,--,--,--,--,--,--,--,--,--,--,--,--,--,--,--,--,--,--,55,44,--,--,--,--,--,--,--,--,--,--,--,--,--,--,--,--,--,--,--,--,--,--,--,--,--,--,--,--,--,--,--,--,--,--
2026/5/2 8:35,--,--,--,--,22.2,8.3,22.2,41,--,--,--,--,16.1,10.8,16.1,71,--,--,--,--,--,--,--,--,--,--,--,--,--,--,--,--,--,--,--,55,44,--,--,--,--,--,--,--,--,--,--,--,--,--,--,--,--,--,--,--,--,--,--,--,--,--,--,--,--,--,--,--,--,--,--
2026/5/2 8:50,--,--,--,--,22.2,8.3,22.2,41,--,--,--,--,16.3,10.6,16.3,69,--,--,--,--,--,--,--,--,--,--,--,--,--,--,--,--,--,--,--,55,44,--,--,--,--,--,--,--,--,--,--,--,--,--,--,--,--,--,--,--,--,--,--,--,--,--,--,--,--,--,--,--,--,--,--
2026/5/2 9:05,--,--,--,--,22.2,8.3,22.2,41,--,--,--,--,17.2,11.2,17.2,68,--,--,--,--,--,--,--,--,--,--,--,--,--,--,--,--,--,--,--,55,44,--,--,--,--,--,--,--,--,--,--,--,--,--,--,--,--,--,--,--,--,--,--,--,--,--,--,--,--,--,--,--,--,--,--
2026/5/2 9:20,--,--,--,--,22.2,8.3,22.2,41,--,--,--,--,18.4,11.9,18.4,66,--,--,--,--,--,--,--,--,--,--,--,--,--,--,--,--,--,--,--,55,44,--,--,--,--,--,--,--,--,--,--,--,--,--,--,--,--,--,--,--,--,--,--,--,--,--,--,--,--,--,--,--,--,--,--
2026/5/2 9:35,--,--,--,--,22.2,8.3,22.2,41,--,--,--,--,19.7,12.7,19.7,64,--,--,--,--,--,--,--,--,--,--,--,--,--,--,--,--,--,--,--,55,44,--,--,--,--,--,--,--,--,--,--,--,--,--,--,--,--,--,--,--,--,--,--,--,--,--,--,--,--,--,--,--,--,--,--
2026/5/2 9:50,--,--,--,--,22.3,8.4,22.3,41,--,--,--,--,21.3,13.5,21.3,61,--,--,--,--,--,--,--,--,--,--,--,--,--,--,--,--,--,--,--,55,44,--,--,--,--,--,--,--,--,--,--,--,--,--,--,--,--,--,--,--,--,--,--,--,--,--,--,--,--,--,--,--,--,--,--
2026/5/2 10:05,--,--,--,--,22.3,8.4,22.3,41,--,--,--,--,25.0,15.6,25.0,56,--,--,--,--,--,--,--,--,--,--,--,--,--,--,--,--,--,--,--,55,44,--,--,--,--,--,--,--,--,--,--,--,--,--,--,--,--,--,--,--,--,--,--,--,--,--,--,--,--,--,--,--,--,--,--
2026/5/2 10:20,--,--,--,--,22.3,8.4,22.3,41,--,--,--,--,27.1,15.5,27.4,49,--,--,--,--,--,--,--,--,--,--,--,--,--,--,--,--,--,--,--,55,44,--,--,--,--,--,--,--,--,--,--,--,--,--,--,--,--,--,--,--,--,--,--,--,--,--,--,--,--,--,--,--,--,--,--
2026/5/2 10:35,--,--,--,--,22.4,8.5,22.4,41,--,--,--,--,29.9,17.4,30.4,47,--,--,--,--,--,--,--,--,--,--,--,--,--,--,--,--,--,--,--,55,44,--,--,--,--,--,--,--,--,--,--,--,--,--,--,--,--,--,--,--,--,--,--,--,--,--,--,--,--,--,--,--,--,--,--
2026/5/2 10:50,--,--,--,--,22.4,8.9,22.4,42,--,--,--,--,31.5,16.7,31.7,41,--,--,--,--,--,--,--,--,--,--,--,--,--,--,--,--,--,--,--,55,44,--,--,--,--,--,--,--,--,--,--,--,--,--,--,--,--,--,--,--,--,--,--,--,--,--,--,--,--,--,--,--,--,--,--
2026/5/2 11:05,--,--,--,--,22.4,8.9,22.4,42,--,--,--,--,33.5,18.1,34.6,40,--,--,--,--,--,--,--,--,--,--,--,--,--,--,--,--,--,--,--,55,44,--,--,--,--,--,--,--,--,--,--,--,--,--,--,--,--,--,--,--,--,--,--,--,--,--,--,--,--,--,--,--,--,--,--
2026/5/2 11:20,--,--,--,--,22.5,9.0,22.5,42,--,--,--,--,34.9,17.2,35.6,35,--,--,--,--,--,--,--,--,--,--,--,--,--,--,--,--,--,--,--,55,44,--,--,--,--,--,--,--,--,--,--,--,--,--,--,--,--,--,--,--,--,--,--,--,--,--,--,--,--,--,--,--,--,--,--
2026/5/2 11:35,--,--,--,--,22.5,9.0,22.5,42,--,--,--,--,34.3,18.0,35.4,38,--,--,--,--,--,--,--,--,--,--,--,--,--,--,--,--,--,--,--,55,44,--,--,--,--,--,--,--,--,--,--,--,--,--,--,--,--,--,--,--,--,--,--,--,--,--,--,--,--,--,--,--,--,--,--
2026/5/2 11:50,--,--,--,--,22.6,9.1,22.6,42,--,--,--,--,36.9,19.0,39.1,35,--,--,--,--,--,--,--,--,--,--,--,--,--,--,--,--,--,--,--,55,44,--,--,--,--,--,--,--,--,--,--,--,--,--,--,--,--,--,--,--,--,--,--,--,--,--,--,--,--,--,--,--,--,--,--
2026/5/2 12:05,--,--,--,--,22.6,9.1,22.6,42,--,--,--,--,35.9,17.6,35.9,34,--,--,--,--,--,--,--,--,--,--,--,--,--,--,--,--,--,--,--,55,44,--,--,--,--,--,--,--,--,--,--,--,--,--,--,--,--,--,--,--,--,--,--,--,--,--,--,--,--,--,--,--,--,--,--
2026/5/2 12:20,--,--,--,--,22.6,9.1,22.6,42,--,--,--,--,34.1,17.0,34.6,36,--,--,--,--,--,--,--,--,--,--,--,--,--,--,--,--,--,--,--,55,44,--,--,--,--,--,--,--,--,--,--,--,--,--,--,--,--,--,--,--,--,--,--,--,--,--,--,--,--,--,--,--,--,--,--
2026/5/2 12:35,--,--,--,--,22.7,9.2,22.7,42,--,--,--,--,36.1,17.8,36.1,34,--,--,--,--,--,--,--,--,--,--,--,--,--,--,--,--,--,--,--,55,44,--,--,--,--,--,--,--,--,--,--,--,--,--,--,--,--,--,--,--,--,--,--,--,--,--,--,--,--,--,--,--,--,--,--
2026/5/2 12:50,--,--,--,--,22.7,9.2,22.7,42,--,--,--,--,36.9,18.5,36.9,34,--,--,--,--,--,--,--,--,--,--,--,--,--,--,--,--,--,--,--,55,44,--,--,--,--,--,--,--,--,--,--,--,--,--,--,--,--,--,--,--,--,--,--,--,--,--,--,--,--,--,--,--,--,--,--
2026/5/2 13:05,--,--,--,--,22.7,9.2,22.7,42,--,--,--,--,36.8,17.9,36.8,33,--,--,--,--,--,--,--,--,--,--,--,--,--,--,--,--,--,--,--,55,44,--,--,--,--,--,--,--,--,--,--,--,--,--,--,--,--,--,--,--,--,--,--,--,--,--,--,--,--,--,--,--,--,--,--
2026/5/2 13:20,--,--,--,--,22.7,9.2,22.7,42,--,--,--,--,36.2,17.9,36.2,34,--,--,--,--,--,--,--,--,--,--,--,--,--,--,--,--,--,--,--,55,44,--,--,--,--,--,--,--,--,--,--,--,--,--,--,--,--,--,--,--,--,--,--,--,--,--,--,--,--,--,--,--,--,--,--
2026/5/2 13:35,--,--,--,--,22.7,9.2,22.7,42,--,--,--,--,37.1,18.7,37.1,34,--,--,--,--,--,--,--,--,--,--,--,--,--,--,--,--,--,--,--,55,44,--,--,--,--,--,--,--,--,--,--,--,--,--,--,--,--,--,--,--,--,--,--,--,--,--,--,--,--,--,--,--,--,--,--
2026/5/2 13:50,--,--,--,--,22.7,9.2,22.7,42,--,--,--,--,34.9,16.8,34.9,34,--,--,--,--,--,--,--,--,--,--,--,--,--,--,--,--,--,--,--,55,44,--,--,--,--,--,--,--,--,--,--,--,--,--,--,--,--,--,--,--,--,--,--,--,--,--,--,--,--,--,--,--,--,--,--
2026/5/2 14:05,--,--,--,--,22.7,9.2,22.7,42,--,--,--,--,29.8,14.0,29.2,38,--,--,--,--,--,--,--,--,--,--,--,--,--,--,--,--,--,--,--,55,44,--,--,--,--,--,--,--,--,--,--,--,--,--,--,--,--,--,--,--,--,--,--,--,--,--,--,--,--,--,--,--,--,--,--
2026/5/2 14:20,--,--,--,--,22.6,9.1,22.6,42,--,--,--,--,29.1,14.9,28.9,42,--,--,--,--,--,--,--,--,--,--,--,--,--,--,--,--,--,--,--,55,44,--,--,--,--,--,--,--,--,--,--,--,--,--,--,--,--,--,--,--,--,--,--,--,--,--,--,--,--,--,--,--,--,--,--
2026/5/2 14:35,--,--,--,--,22.6,9.1,22.6,42,--,--,--,--,30.3,15.6,30.1,41,--,--,--,--,--,--,--,--,--,--,--,--,--,--,--,--,--,--,--,55,44,--,--,--,--,--,--,--,--,--,--,--,--,--,--,--,--,--,--,--,--,--,--,--,--,--,--,--,--,--,--,--,--,--,--
2026/5/2 14:50,--,--,--,--,22.6,9.1,22.6,42,--,--,--,--,28.5,14.7,28.3,43,--,--,--,--,--,--,--,--,--,--,--,--,--,--,--,--,--,--,--,55,44,--,--,--,--,--,--,--,--,--,--,--,--,--,--,--,--,--,--,--,--,--,--,--,--,--,--,--,--,--,--,--,--,--,--
2026/5/2 15:05,--,--,--,--,22.6,9.1,22.6,42,--,--,--,--,27.7,14.0,27.6,43,--,--,--,--,--,--,--,--,--,--,--,--,--,--,--,--,--,--,--,55,44,--,--,--,--,--,--,--,--,--,--,--,--,--,--,--,--,--,--,--,--,--,--,--,--,--,--,--,--,--,--,--,--,--,--
2026/5/2 15:20,--,--,--,--,22.6,9.1,22.6,42,--,--,--,--,27.6,15.0,27.7,46,--,--,--,--,--,--,--,--,--,--,--,--,--,--,--,--,--,--,--,55,44,--,--,--,--,--,--,--,--,--,--,--,--,--,--,--,--,--,--,--,--,--,--,--,--,--,--,--,--,--,--,--,--,--,--
2026/5/2 15:35,--,--,--,--,22.5,9.0,22.5,42,--,--,--,--,27.2,15.6,27.6,49,--,--,--,--,--,--,--,--,--,--,--,--,--,--,--,--,--,--,--,55,44,--,--,--,--,--,--,--,--,--,--,--,--,--,--,--,--,--,--,--,--,--,--,--,--,--,--,--,--,--,--,--,--,--,--
2026/5/2 15:50,--,--,--,--,22.5,9.0,22.5,42,--,--,--,--,29.5,16.7,29.8,46,--,--,--,--,--,--,--,--,--,--,--,--,--,--,--,--,--,--,--,55,44,--,--,--,--,--,--,--,--,--,--,--,--,--,--,--,--,--,--,--,--,--,--,--,--,--,--,--,--,--,--,--,--,--,--
2026/5/2 16:05,--,--,--,--,22.6,9.1,22.6,42,--,--,--,--,33.8,19.9,36.1,44,--,--,--,--,--,--,--,--,--,--,--,--,--,--,--,--,--,--,--,55,44,--,--,--,--,--,--,--,--,--,--,--,--,--,--,--,--,--,--,--,--,--,--,--,--,--,--,--,--,--,--,--,--,--,--
2026/5/2 16:20,--,--,--,--,22.6,9.1,22.6,42,--,--,--,--,32.5,17.6,33.2,41,--,--,--,--,--,--,--,--,--,--,--,--,--,--,--,--,--,--,--,55,44,--,--,--,--,--,--,--,--,--,--,--,--,--,--,--,--,--,--,--,--,--,--,--,--,--,--,--,--,--,--,--,--,--,--
2026/5/2 16:35,--,--,--,--,22.6,9.1,22.6,42,--,--,--,--,29.4,16.6,29.6,46,--,--,--,--,--,--,--,--,--,--,--,--,--,--,--,--,--,--,--,55,44,--,--,--,--,--,--,--,--,--,--,--,--,--,--,--,--,--,--,--,--,--,--,--,--,--,--,--,--,--,--,--,--,--,--
2026/5/2 16:50,--,--,--,--,22.6,9.1,22.6,42,--,--,--,--,29.8,17.3,30.3,47,--,--,--,--,--,--,--,--,--,--,--,--,--,--,--,--,--,--,--,55,44,--,--,--,--,--,--,--,--,--,--,--,--,--,--,--,--,--,--,--,--,--,--,--,--,--,--,--,--,--,--,--,--,--,--
2026/5/2 17:05,--,--,--,--,22.6,9.1,22.6,42,--,--,--,--,29.6,17.8,30.3,49,--,--,--,--,--,--,--,--,--,--,--,--,--,--,--,--,--,--,--,55,44,--,--,--,--,--,--,--,--,--,--,--,--,--,--,--,--,--,--,--,--,--,--,--,--,--,--,--,--,--,--,--,--,--,--
2026/5/2 17:20,--,--,--,--,22.6,9.1,22.6,42,--,--,--,--,29.0,17.6,29.7,50,--,--,--,--,--,--,--,--,--,--,--,--,--,--,--,--,--,--,--,55,44,--,--,--,--,--,--,--,--,--,--,--,--,--,--,--,--,--,--,--,--,--,--,--,--,--,--,--,--,--,--,--,--,--,--
2026/5/2 17:35,--,--,--,--,22.6,9.1,22.6,42,--,--,--,--,30.1,18.3,31.1,49,--,--,--,--,--,--,--,--,--,--,--,--,--,--,--,--,--,--,--,55,44,--,--,--,--,--,--,--,--,--,--,--,--,--,--,--,--,--,--,--,--,--,--,--,--,--,--,--,--,--,--,--,--,--,--
2026/5/2 17:50,--,--,--,--,22.6,9.1,22.6,42,--,--,--,--,27.9,16.2,28.2,49,--,--,--,--,--,--,--,--,--,--,--,--,--,--,--,--,--,--,--,55,44,--,--,--,--,--,--,--,--,--,--,--,--,--,--,--,--,--,--,--,--,--,--,--,--,--,--,--,--,--,--,--,--,--,--
2026/5/2 18:05,--,--,--,--,22.6,9.4,22.6,43,--,--,--,--,26.0,15.7,26.0,53,--,--,--,--,--,--,--,--,--,--,--,--,--,--,--,--,--,--,--,55,44,--,--,--,--,--,--,--,--,--,--,--,--,--,--,--,--,--,--,--,--,--,--,--,--,--,--,--,--,--,--,--,--,--,--
2026/5/2 18:20,--,--,--,--,22.5,9.3,22.5,43,--,--,--,--,23.8,14.8,23.8,57,--,--,--,--,--,--,--,--,--,--,--,--,--,--,--,--,--,--,--,55,44,--,--,--,--,--,--,--,--,--,--,--,--,--,--,--,--,--,--,--,--,--,--,--,--,--,--,--,--,--,--,--,--,--,--
2026/5/2 18:35,--,--,--,--,22.5,9.3,22.5,43,--,--,--,--,23.3,15.1,23.3,60,--,--,--,--,--,--,--,--,--,--,--,--,--,--,--,--,--,--,--,55,44,--,--,--,--,--,--,--,--,--,--,--,--,--,--,--,--,--,--,--,--,--,--,--,--,--,--,--,--,--,--,--,--,--,--
2026/5/2 18:50,--,--,--,--,22.5,9.3,22.5,43,--,--,--,--,22.6,14.7,22.6,61,--,--,--,--,--,--,--,--,--,--,--,--,--,--,--,--,--,--,--,55,44,--,--,--,--,--,--,--,--,--,--,--,--,--,--,--,--,--,--,--,--,--,--,--,--,--,--,--,--,--,--,--,--,--,--
2026/5/2 19:05,--,--,--,--,22.5,9.3,22.5,43,--,--,--,--,22.4,15.0,22.4,63,--,--,--,--,--,--,--,--,--,--,--,--,--,--,--,--,--,--,--,55,44,--,--,--,--,--,--,--,--,--,--,--,--,--,--,--,--,--,--,--,--,--,--,--,--,--,--,--,--,--,--,--,--,--,--
2026/5/2 19:20,--,--,--,--,22.5,9.3,22.5,43,--,--,--,--,22.3,15.2,22.3,64,--,--,--,--,--,--,--,--,--,--,--,--,--,--,--,--,--,--,--,55,44,--,--,--,--,--,--,--,--,--,--,--,--,--,--,--,--,--,--,--,--,--,--,--,--,--,--,--,--,--,--,--,--,--,--
2026/5/2 19:35,--,--,--,--,22.5,9.3,22.5,43,--,--,--,--,21.5,15.1,21.5,67,--,--,--,--,--,--,--,--,--,--,--,--,--,--,--,--,--,--,--,55,44,--,--,--,--,--,--,--,--,--,--,--,--,--,--,--,--,--,--,--,--,--,--,--,--,--,--,--,--,--,--,--,--,--,--
2026/5/2 19:50,--,--,--,--,22.5,9.7,22.5,44,--,--,--,--,20.6,15.2,20.6,71,--,--,--,--,--,--,--,--,--,--,--,--,--,--,--,--,--,--,--,55,44,--,--,--,--,--,--,--,--,--,--,--,--,--,--,--,--,--,--,--,--,--,--,--,--,--,--,--,--,--,--,--,--,--,--
2026/5/2 20:05,--,--,--,--,22.5,9.7,22.5,44,--,--,--,--,19.5,15.0,19.5,75,--,--,--,--,--,--,--,--,--,--,--,--,--,--,--,--,--,--,--,55,44,--,--,--,--,--,--,--,--,--,--,--,--,--,--,--,--,--,--,--,--,--,--,--,--,--,--,--,--,--,--,--,--,--,--
2026/5/2 20:20,--,--,--,--,22.6,9.8,22.6,44,--,--,--,--,18.6,14.5,18.6,77,--,--,--,--,--,--,--,--,--,--,--,--,--,--,--,--,--,--,--,55,44,--,--,--,--,--,--,--,--,--,--,--,--,--,--,--,--,--,--,--,--,--,--,--,--,--,--,--,--,--,--,--,--,--,--
2026/5/2 20:35,--,--,--,--,22.6,9.8,22.6,44,--,--,--,--,18.1,14.2,18.1,78,--,--,--,--,--,--,--,--,--,--,--,--,--,--,--,--,--,--,--,55,44,--,--,--,--,--,--,--,--,--,--,--,--,--,--,--,--,--,--,--,--,--,--,--,--,--,--,--,--,--,--,--,--,--,--
2026/5/2 20:50,--,--,--,--,22.5,9.7,22.5,44,--,--,--,--,17.8,14.1,17.8,79,--,--,--,--,--,--,--,--,--,--,--,--,--,--,--,--,--,--,--,55,44,--,--,--,--,--,--,--,--,--,--,--,--,--,--,--,--,--,--,--,--,--,--,--,--,--,--,--,--,--,--,--,--,--,--
2026/5/2 21:05,--,--,--,--,22.5,9.7,22.5,44,--,--,--,--,17.3,13.8,17.3,80,--,--,--,--,--,--,--,--,--,--,--,--,--,--,--,--,--,--,--,55,44,--,--,--,--,--,--,--,--,--,--,--,--,--,--,--,--,--,--,--,--,--,--,--,--,--,--,--,--,--,--,--,--,--,--
2026/5/2 21:20,--,--,--,--,22.5,9.7,22.5,44,--,--,--,--,16.8,13.5,16.8,81,--,--,--,--,--,--,--,--,--,--,--,--,--,--,--,--,--,--,--,55,44,--,--,--,--,--,--,--,--,--,--,--,--,--,--,--,--,--,--,--,--,--,--,--,--,--,--,--,--,--,--,--,--,--,--
2026/5/2 21:35,--,--,--,--,22.5,9.7,22.5,44,--,--,--,--,16.4,13.5,16.4,83,--,--,--,--,--,--,--,--,--,--,--,--,--,--,--,--,--,--,--,55,44,--,--,--,--,--,--,--,--,--,--,--,--,--,--,--,--,--,--,--,--,--,--,--,--,--,--,--,--,--,--,--,--,--,--
2026/5/2 21:50,--,--,--,--,22.5,9.7,22.5,44,--,--,--,--,16.0,13.3,16.0,84,--,--,--,--,--,--,--,--,--,--,--,--,--,--,--,--,--,--,--,55,44,--,--,--,--,--,--,--,--,--,--,--,--,--,--,--,--,--,--,--,--,--,--,--,--,--,--,--,--,--,--,--,--,--,--
2026/5/2 22:05,--,--,--,--,22.4,9.6,22.4,44,--,--,--,--,15.7,13.2,15.7,85,--,--,--,--,--,--,--,--,--,--,--,--,--,--,--,--,--,--,--,55,44,--,--,--,--,--,--,--,--,--,--,--,--,--,--,--,--,--,--,--,--,--,--,--,--,--,--,--,--,--,--,--,--,--,--
2026/5/2 22:20,--,--,--,--,22.4,9.6,22.4,44,--,--,--,--,15.3,12.8,15.3,85,--,--,--,--,--,--,--,--,--,--,--,--,--,--,--,--,--,--,--,55,44,--,--,--,--,--,--,--,--,--,--,--,--,--,--,--,--,--,--,--,--,--,--,--,--,--,--,--,--,--,--,--,--,--,--
2026/5/2 22:35,--,--,--,--,22.4,9.6,22.4,44,--,--,--,--,15.1,12.8,15.1,86,--,--,--,--,--,--,--,--,--,--,--,--,--,--,--,--,--,--,--,55,44,--,--,--,--,--,--,--,--,--,--,--,--,--,--,--,--,--,--,--,--,--,--,--,--,--,--,--,--,--,--,--,--,--,--
2026/5/2 22:50,--,--,--,--,22.4,9.6,22.4,44,--,--,--,--,15.0,12.9,15.0,87,--,--,--,--,--,--,--,--,--,--,--,--,--,--,--,--,--,--,--,55,44,--,--,--,--,--,--,--,--,--,--,--,--,--,--,--,--,--,--,--,--,--,--,--,--,--,--,--,--,--,--,--,--,--,--
2026/5/2 23:05,--,--,--,--,22.4,9.6,22.4,44,--,--,--,--,14.8,12.7,14.8,87,--,--,--,--,--,--,--,--,--,--,--,--,--,--,--,--,--,--,--,55,44,--,--,--,--,--,--,--,--,--,--,--,--,--,--,--,--,--,--,--,--,--,--,--,--,--,--,--,--,--,--,--,--,--,--
2026/5/2 23:20,--,--,--,--,22.3,9.5,22.3,44,--,--,--,--,14.5,12.4,14.5,87,--,--,--,--,--,--,--,--,--,--,--,--,--,--,--,--,--,--,--,55,44,--,--,--,--,--,--,--,--,--,--,--,--,--,--,--,--,--,--,--,--,--,--,--,--,--,--,--,--,--,--,--,--,--,--
2026/5/2 23:35,--,--,--,--,22.3,9.5,22.3,44,--,--,--,--,14.0,11.9,14.0,87,--,--,--,--,--,--,--,--,--,--,--,--,--,--,--,--,--,--,--,55,44,--,--,--,--,--,--,--,--,--,--,--,--,--,--,--,--,--,--,--,--,--,--,--,--,--,--,--,--,--,--,--,--,--,--
2026/5/2 23:50,--,--,--,--,22.3,9.5,22.3,44,--,--,--,--,13.7,11.7,13.7,88,--,--,--,--,--,--,--,--,--,--,--,--,--,--,--,--,--,--,--,55,44,--,--,--,--,--,--,--,--,--,--,--,--,--,--,--,--,--,--,--,--,--,--,--,--,--,--,--,--,--,--,--,--,--,--
2026/5/2 23:59,--,--,--,--,22.3,9.5,22.3,44,--,--,--,--,13.5,11.5,13.5,88,--,--,--,--,--,--,--,--,--,--,--,--,--,--,--,--,--,--,--,55,44,--,--,--,--,--,--,--,--,--,--,--,--,--,--,--,--,--,--,--,--,--,--,--,--,--,--,--,--,--,--,--,--,--,--
2026/5/3 0:00,--,--,--,--,22.3,9.5,22.3,44,--,--,--,--,13.5,11.5,13.5,88,--,--,--,--,--,--,--,--,--,--,--,--,--,--,--,--,--,--,--,55,44,--,--,--,--,--,--,--,--,--,--,--,--,--,--,--,--,--,--,--,--,--,--,--,--,--,--,--,--,--,--,--,--,--,--
2026/5/3 0:05,--,--,--,--,22.3,9.5,22.3,44,--,--,--,--,13.5,11.5,13.5,88,--,--,--,--,--,--,--,--,--,--,--,--,--,--,--,--,--,--,--,55,44,--,--,--,--,--,--,--,--,--,--,--,--,--,--,--,--,--,--,--,--,--,--,--,--,--,--,--,--,--,--,--,--,--,--
2026/5/3 0:20,--,--,--,--,22.3,9.5,22.3,44,--,--,--,--,13.4,11.6,13.4,89,--,--,--,--,--,--,--,--,--,--,--,--,--,--,--,--,--,--,--,55,44,--,--,--,--,--,--,--,--,--,--,--,--,--,--,--,--,--,--,--,--,--,--,--,--,--,--,--,--,--,--,--,--,--,--
2026/5/3 0:35,--,--,--,--,22.2,9.4,22.2,44,--,--,--,--,13.5,11.9,13.5,90,--,--,--,--,--,--,--,--,--,--,--,--,--,--,--,--,--,--,--,55,44,--,--,--,--,--,--,--,--,--,--,--,--,--,--,--,--,--,--,--,--,--,--,--,--,--,--,--,--,--,--,--,--,--,--
2026/5/3 0:50,--,--,--,--,22.2,9.4,22.2,44,--,--,--,--,13.9,12.3,13.9,90,--,--,--,--,--,--,--,--,--,--,--,--,--,--,--,--,--,--,--,55,44,--,--,--,--,--,--,--,--,--,--,--,--,--,--,--,--,--,--,--,--,--,--,--,--,--,--,--,--,--,--,--,--,--,--
2026/5/3 1:05,--,--,--,--,22.2,9.4,22.2,44,--,--,--,--,13.8,12.2,13.8,90,--,--,--,--,--,--,--,--,--,--,--,--,--,--,--,--,--,--,--,55,44,--,--,--,--,--,--,--,--,--,--,--,--,--,--,--,--,--,--,--,--,--,--,--,--,--,--,--,--,--,--,--,--,--,--
2026/5/3 1:20,--,--,--,--,22.2,9.4,22.2,44,--,--,--,--,13.6,12.0,13.6,90,--,--,--,--,--,--,--,--,--,--,--,--,--,--,--,--,--,--,--,55,44,--,--,--,--,--,--,--,--,--,--,--,--,--,--,--,--,--,--,--,--,--,--,--,--,--,--,--,--,--,--,--,--,--,--
2026/5/3 1:35,--,--,--,--,22.2,9.4,22.2,44,--,--,--,--,13.3,11.7,13.3,90,--,--,--,--,--,--,--,--,--,--,--,--,--,--,--,--,--,--,--,55,44,--,--,--,--,--,--,--,--,--,--,--,--,--,--,--,--,--,--,--,--,--,--,--,--,--,--,--,--,--,--,--,--,--,--
2026/5/3 1:50,--,--,--,--,22.2,9.4,22.2,44,--,--,--,--,13.1,11.5,13.1,90,--,--,--,--,--,--,--,--,--,--,--,--,--,--,--,--,--,--,--,55,44,--,--,--,--,--,--,--,--,--,--,--,--,--,--,--,--,--,--,--,--,--,--,--,--,--,--,--,--,--,--,--,--,--,--
2026/5/3 2:05,--,--,--,--,22.2,9.4,22.2,44,--,--,--,--,13.0,11.4,13.0,90,--,--,--,--,--,--,--,--,--,--,--,--,--,--,--,--,--,--,--,55,44,--,--,--,--,--,--,--,--,--,--,--,--,--,--,--,--,--,--,--,--,--,--,--,--,--,--,--,--,--,--,--,--,--,--
2026/5/3 2:20,--,--,--,--,22.2,9.4,22.2,44,--,--,--,--,12.7,11.1,12.7,90,--,--,--,--,--,--,--,--,--,--,--,--,--,--,--,--,--,--,--,55,44,--,--,--,--,--,--,--,--,--,--,--,--,--,--,--,--,--,--,--,--,--,--,--,--,--,--,--,--,--,--,--,--,--,--
2026/5/3 2:35,--,--,--,--,22.2,9.4,22.2,44,--,--,--,--,12.7,11.3,12.7,91,--,--,--,--,--,--,--,--,--,--,--,--,--,--,--,--,--,--,--,55,44,--,--,--,--,--,--,--,--,--,--,--,--,--,--,--,--,--,--,--,--,--,--,--,--,--,--,--,--,--,--,--,--,--,--
2026/5/3 2:50,--,--,--,--,22.1,9.3,22.1,44,--,--,--,--,13.0,11.6,13.0,91,--,--,--,--,--,--,--,--,--,--,--,--,--,--,--,--,--,--,--,55,44,--,--,--,--,--,--,--,--,--,--,--,--,--,--,--,--,--,--,--,--,--,--,--,--,--,--,--,--,--,--,--,--,--,--
2026/5/3 3:05,--,--,--,--,22.1,9.3,22.1,44,--,--,--,--,13.1,11.7,13.1,91,--,--,--,--,--,--,--,--,--,--,--,--,--,--,--,--,--,--,--,55,44,--,--,--,--,--,--,--,--,--,--,--,--,--,--,--,--,--,--,--,--,--,--,--,--,--,--,--,--,--,--,--,--,--,--
2026/5/3 3:20,--,--,--,--,22.1,9.3,22.1,44,--,--,--,--,13.1,11.5,13.1,90,--,--,--,--,--,--,--,--,--,--,--,--,--,--,--,--,--,--,--,55,44,--,--,--,--,--,--,--,--,--,--,--,--,--,--,--,--,--,--,--,--,--,--,--,--,--,--,--,--,--,--,--,--,--,--
2026/5/3 3:35,--,--,--,--,22.1,9.0,22.1,43,--,--,--,--,13.2,11.4,13.2,89,--,--,--,--,--,--,--,--,--,--,--,--,--,--,--,--,--,--,--,55,44,--,--,--,--,--,--,--,--,--,--,--,--,--,--,--,--,--,--,--,--,--,--,--,--,--,--,--,--,--,--,--,--,--,--
2026/5/3 3:50,--,--,--,--,22.1,9.0,22.1,43,--,--,--,--,13.3,11.2,13.3,87,--,--,--,--,--,--,--,--,--,--,--,--,--,--,--,--,--,--,--,55,44,--,--,--,--,--,--,--,--,--,--,--,--,--,--,--,--,--,--,--,--,--,--,--,--,--,--,--,--,--,--,--,--,--,--
2026/5/3 4:05,--,--,--,--,22.1,9.0,22.1,43,--,--,--,--,13.4,11.1,13.4,86,--,--,--,--,--,--,--,--,--,--,--,--,--,--,--,--,--,--,--,55,44,--,--,--,--,--,--,--,--,--,--,--,--,--,--,--,--,--,--,--,--,--,--,--,--,--,--,--,--,--,--,--,--,--,--
2026/5/3 4:20,--,--,--,--,22.1,9.0,22.1,43,--,--,--,--,13.4,10.9,13.4,85,--,--,--,--,--,--,--,--,--,--,--,--,--,--,--,--,--,--,--,55,44,--,--,--,--,--,--,--,--,--,--,--,--,--,--,--,--,--,--,--,--,--,--,--,--,--,--,--,--,--,--,--,--,--,--
2026/5/3 4:35,--,--,--,--,22.1,9.0,22.1,43,--,--,--,--,13.2,10.9,13.2,86,--,--,--,--,--,--,--,--,--,--,--,--,--,--,--,--,--,--,--,55,44,--,--,--,--,--,--,--,--,--,--,--,--,--,--,--,--,--,--,--,--,--,--,--,--,--,--,--,--,--,--,--,--,--,--
2026/5/3 4:50,--,--,--,--,22.1,9.0,22.1,43,--,--,--,--,12.9,10.8,12.9,87,--,--,--,--,--,--,--,--,--,--,--,--,--,--,--,--,--,--,--,55,44,--,--,--,--,--,--,--,--,--,--,--,--,--,--,--,--,--,--,--,--,--,--,--,--,--,--,--,--,--,--,--,--,--,--
2026/5/3 5:05,--,--,--,--,22.0,8.9,22.0,43,--,--,--,--,12.4,10.4,12.4,88,--,--,--,--,--,--,--,--,--,--,--,--,--,--,--,--,--,--,--,55,44,--,--,--,--,--,--,--,--,--,--,--,--,--,--,--,--,--,--,--,--,--,--,--,--,--,--,--,--,--,--,--,--,--,--
2026/5/3 5:20,--,--,--,--,22.0,8.9,22.0,43,--,--,--,--,12.3,10.3,12.3,88,--,--,--,--,--,--,--,--,--,--,--,--,--,--,--,--,--,--,--,55,44,--,--,--,--,--,--,--,--,--,--,--,--,--,--,--,--,--,--,--,--,--,--,--,--,--,--,--,--,--,--,--,--,--,--
2026/5/3 5:35,--,--,--,--,22.0,8.9,22.0,43,--,--,--,--,11.9,10.1,11.9,89,--,--,--,--,--,--,--,--,--,--,--,--,--,--,--,--,--,--,--,55,44,--,--,--,--,--,--,--,--,--,--,--,--,--,--,--,--,--,--,--,--,--,--,--,--,--,--,--,--,--,--,--,--,--,--
2026/5/3 5:50,--,--,--,--,22.1,9.0,22.1,43,--,--,--,--,11.7,10.1,11.7,90,--,--,--,--,--,--,--,--,--,--,--,--,--,--,--,--,--,--,--,55,44,--,--,--,--,--,--,--,--,--,--,--,--,--,--,--,--,--,--,--,--,--,--,--,--,--,--,--,--,--,--,--,--,--,--
2026/5/3 6:05,--,--,--,--,22.1,9.0,22.1,43,--,--,--,--,12.0,10.2,12.0,89,--,--,--,--,--,--,--,--,--,--,--,--,--,--,--,--,--,--,--,55,44,--,--,--,--,--,--,--,--,--,--,--,--,--,--,--,--,--,--,--,--,--,--,--,--,--,--,--,--,--,--,--,--,--,--
2026/5/3 6:20,--,--,--,--,22.1,9.0,22.1,43,--,--,--,--,12.9,10.3,12.9,84,--,--,--,--,--,--,--,--,--,--,--,--,--,--,--,--,--,--,--,55,44,--,--,--,--,--,--,--,--,--,--,--,--,--,--,--,--,--,--,--,--,--,--,--,--,--,--,--,--,--,--,--,--,--,--
2026/5/3 6:35,--,--,--,--,22.0,8.9,22.0,43,--,--,--,--,13.4,9.8,13.4,79,--,--,--,--,--,--,--,--,--,--,--,--,--,--,--,--,--,--,--,55,44,--,--,--,--,--,--,--,--,--,--,--,--,--,--,--,--,--,--,--,--,--,--,--,--,--,--,--,--,--,--,--,--,--,--
2026/5/3 6:50,--,--,--,--,22.0,8.9,22.0,43,--,--,--,--,13.9,9.5,13.9,75,--,--,--,--,--,--,--,--,--,--,--,--,--,--,--,--,--,--,--,55,44,--,--,--,--,--,--,--,--,--,--,--,--,--,--,--,--,--,--,--,--,--,--,--,--,--,--,--,--,--,--,--,--,--,--
2026/5/3 7:05,--,--,--,--,22.0,8.9,22.0,43,--,--,--,--,14.7,9.5,14.7,71,--,--,--,--,--,--,--,--,--,--,--,--,--,--,--,--,--,--,--,55,44,--,--,--,--,--,--,--,--,--,--,--,--,--,--,--,--,--,--,--,--,--,--,--,--,--,--,--,--,--,--,--,--,--,--
2026/5/3 7:20,--,--,--,--,22.0,8.9,22.0,43,--,--,--,--,15.1,9.2,15.1,68,--,--,--,--,--,--,--,--,--,--,--,--,--,--,--,--,--,--,--,55,44,--,--,--,--,--,--,--,--,--,--,--,--,--,--,--,--,--,--,--,--,--,--,--,--,--,--,--,--,--,--,--,--,--,--
2026/5/3 7:35,--,--,--,--,22.0,8.9,22.0,43,--,--,--,--,15.4,8.6,15.4,64,--,--,--,--,--,--,--,--,--,--,--,--,--,--,--,--,--,--,--,55,44,--,--,--,--,--,--,--,--,--,--,--,--,--,--,--,--,--,--,--,--,--,--,--,--,--,--,--,--,--,--,--,--,--,--
2026/5/3 7:50,--,--,--,--,22.0,8.9,22.0,43,--,--,--,--,16.2,9.4,16.2,64,--,--,--,--,--,--,--,--,--,--,--,--,--,--,--,--,--,--,--,55,44,--,--,--,--,--,--,--,--,--,--,--,--,--,--,--,--,--,--,--,--,--,--,--,--,--,--,--,--,--,--,--,--,--,--
2026/5/3 8:05,--,--,--,--,22.0,8.9,22.0,43,--,--,--,--,16.9,9.8,16.9,63,--,--,--,--,--,--,--,--,--,--,--,--,--,--,--,--,--,--,--,55,44,--,--,--,--,--,--,--,--,--,--,--,--,--,--,--,--,--,--,--,--,--,--,--,--,--,--,--,--,--,--,--,--,--,--
2026/5/3 8:20,--,--,--,--,22.0,8.9,22.0,43,--,--,--,--,17.7,10.1,17.7,61,--,--,--,--,--,--,--,--,--,--,--,--,--,--,--,--,--,--,--,55,44,--,--,--,--,--,--,--,--,--,--,--,--,--,--,--,--,--,--,--,--,--,--,--,--,--,--,--,--,--,--,--,--,--,--
2026/5/3 8:35,--,--,--,--,22.0,8.9,22.0,43,--,--,--,--,17.7,9.9,17.7,60,--,--,--,--,--,--,--,--,--,--,--,--,--,--,--,--,--,--,--,55,44,--,--,--,--,--,--,--,--,--,--,--,--,--,--,--,--,--,--,--,--,--,--,--,--,--,--,--,--,--,--,--,--,--,--
2026/5/3 8:50,--,--,--,--,22.0,8.9,22.0,43,--,--,--,--,18.0,9.9,18.0,59,--,--,--,--,--,--,--,--,--,--,--,--,--,--,--,--,--,--,--,55,44,--,--,--,--,--,--,--,--,--,--,--,--,--,--,--,--,--,--,--,--,--,--,--,--,--,--,--,--,--,--,--,--,--,--
2026/5/3 9:05,--,--,--,--,22.0,8.9,22.0,43,--,--,--,--,18.6,10.5,18.6,59,--,--,--,--,--,--,--,--,--,--,--,--,--,--,--,--,--,--,--,55,44,--,--,--,--,--,--,--,--,--,--,--,--,--,--,--,--,--,--,--,--,--,--,--,--,--,--,--,--,--,--,--,--,--,--
2026/5/3 9:20,--,--,--,--,22.1,9.0,22.1,43,--,--,--,--,19.2,10.5,19.2,57,--,--,--,--,--,--,--,--,--,--,--,--,--,--,--,--,--,--,--,55,44,--,--,--,--,--,--,--,--,--,--,--,--,--,--,--,--,--,--,--,--,--,--,--,--,--,--,--,--,--,--,--,--,--,--
2026/5/3 9:35,--,--,--,--,22.1,9.0,22.1,43,--,--,--,--,20.0,11.2,20.0,57,--,--,--,--,--,--,--,--,--,--,--,--,--,--,--,--,--,--,--,55,44,--,--,--,--,--,--,--,--,--,--,--,--,--,--,--,--,--,--,--,--,--,--,--,--,--,--,--,--,--,--,--,--,--,--
2026/5/3 9:50,--,--,--,--,22.1,9.3,22.1,44,--,--,--,--,21.0,11.6,21.0,55,--,--,--,--,--,--,--,--,--,--,--,--,--,--,--,--,--,--,--,55,44,--,--,--,--,--,--,--,--,--,--,--,--,--,--,--,--,--,--,--,--,--,--,--,--,--,--,--,--,--,--,--,--,--,--
2026/5/3 10:05,--,--,--,--,22.1,9.3,22.1,44,--,--,--,--,21.7,11.4,21.7,52,--,--,--,--,--,--,--,--,--,--,--,--,--,--,--,--,--,--,--,55,44,--,--,--,--,--,--,--,--,--,--,--,--,--,--,--,--,--,--,--,--,--,--,--,--,--,--,--,--,--,--,--,--,--,--
2026/5/3 10:20,--,--,--,--,22.2,9.4,22.2,44,--,--,--,--,23.6,11.6,23.6,47,--,--,--,--,--,--,--,--,--,--,--,--,--,--,--,--,--,--,--,55,44,--,--,--,--,--,--,--,--,--,--,--,--,--,--,--,--,--,--,--,--,--,--,--,--,--,--,--,--,--,--,--,--,--,--
2026/5/3 10:35,--,--,--,--,22.2,9.4,22.2,44,--,--,--,--,24.5,12.2,24.5,46,--,--,--,--,--,--,--,--,--,--,--,--,--,--,--,--,--,--,--,55,44,--,--,--,--,--,--,--,--,--,--,--,--,--,--,--,--,--,--,--,--,--,--,--,--,--,--,--,--,--,--,--,--,--,--
2026/5/3 10:50,--,--,--,--,22.2,9.4,22.2,44,--,--,--,--,24.2,11.6,24.2,45,--,--,--,--,--,--,--,--,--,--,--,--,--,--,--,--,--,--,--,55,44,--,--,--,--,--,--,--,--,--,--,--,--,--,--,--,--,--,--,--,--,--,--,--,--,--,--,--,--,--,--,--,--,--,--
2026/5/3 11:05,--,--,--,--,22.2,9.4,22.2,44,--,--,--,--,24.3,11.3,24.3,44,--,--,--,--,--,--,--,--,--,--,--,--,--,--,--,--,--,--,--,55,44,--,--,--,--,--,--,--,--,--,--,--,--,--,--,--,--,--,--,--,--,--,--,--,--,--,--,--,--,--,--,--,--,--,--
2026/5/3 11:20,--,--,--,--,22.2,9.4,22.2,44,--,--,--,--,24.8,11.8,24.8,44,--,--,--,--,--,--,--,--,--,--,--,--,--,--,--,--,--,--,--,55,44,--,--,--,--,--,--,--,--,--,--,--,--,--,--,--,--,--,--,--,--,--,--,--,--,--,--,--,--,--,--,--,--,--,--
2026/5/3 11:35,--,--,--,--,22.3,9.5,22.3,44,--,--,--,--,25.3,12.2,25.3,44,--,--,--,--,--,--,--,--,--,--,--,--,--,--,--,--,--,--,--,55,44,--,--,--,--,--,--,--,--,--,--,--,--,--,--,--,--,--,--,--,--,--,--,--,--,--,--,--,--,--,--,--,--,--,--
2026/5/3 11:50,--,--,--,--,22.3,9.5,22.3,44,--,--,--,--,24.7,11.0,24.7,42,--,--,--,--,--,--,--,--,--,--,--,--,--,--,--,--,--,--,--,55,44,--,--,--,--,--,--,--,--,--,--,--,--,--,--,--,--,--,--,--,--,--,--,--,--,--,--,--,--,--,--,--,--,--,--
2026/5/3 12:05,--,--,--,--,22.3,9.5,22.3,44,--,--,--,--,25.3,11.9,25.3,43,--,--,--,--,--,--,--,--,--,--,--,--,--,--,--,--,--,--,--,55,44,--,--,--,--,--,--,--,--,--,--,--,--,--,--,--,--,--,--,--,--,--,--,--,--,--,--,--,--,--,--,--,--,--,--
2026/5/3 12:20,--,--,--,--,22.3,9.5,22.3,44,--,--,--,--,25.7,11.9,25.7,42,--,--,--,--,--,--,--,--,--,--,--,--,--,--,--,--,--,--,--,55,44,--,--,--,--,--,--,--,--,--,--,--,--,--,--,--,--,--,--,--,--,--,--,--,--,--,--,--,--,--,--,--,--,--,--
2026/5/3 12:35,--,--,--,--,22.3,9.5,22.3,44,--,--,--,--,26.9,12.6,26.8,41,--,--,--,--,--,--,--,--,--,--,--,--,--,--,--,--,--,--,--,55,44,--,--,--,--,--,--,--,--,--,--,--,--,--,--,--,--,--,--,--,--,--,--,--,--,--,--,--,--,--,--,--,--,--,--
2026/5/3 12:50,--,--,--,--,22.3,9.5,22.3,44,--,--,--,--,27.3,12.5,27.1,40,--,--,--,--,--,--,--,--,--,--,--,--,--,--,--,--,--,--,--,55,44,--,--,--,--,--,--,--,--,--,--,--,--,--,--,--,--,--,--,--,--,--,--,--,--,--,--,--,--,--,--,--,--,--,--
2026/5/3 13:05,--,--,--,--,22.4,9.6,22.4,44,--,--,--,--,29.1,13.4,28.5,38,--,--,--,--,--,--,--,--,--,--,--,--,--,--,--,--,--,--,--,55,44,--,--,--,--,--,--,--,--,--,--,--,--,--,--,--,--,--,--,--,--,--,--,--,--,--,--,--,--,--,--,--,--,--,--
2026/5/3 13:20,--,--,--,--,22.4,9.6,22.4,44,--,--,--,--,27.0,12.7,26.9,41,--,--,--,--,--,--,--,--,--,--,--,--,--,--,--,--,--,--,--,55,44,--,--,--,--,--,--,--,--,--,--,--,--,--,--,--,--,--,--,--,--,--,--,--,--,--,--,--,--,--,--,--,--,--,--
2026/5/3 13:35,--,--,--,--,22.5,10.0,22.5,45,--,--,--,--,28.0,12.4,27.5,38,--,--,--,--,--,--,--,--,--,--,--,--,--,--,--,--,--,--,--,55,44,--,--,--,--,--,--,--,--,--,--,--,--,--,--,--,--,--,--,--,--,--,--,--,--,--,--,--,--,--,--,--,--,--,--
2026/5/3 13:50,--,--,--,--,22.5,10.0,22.5,45,--,--,--,--,26.9,12.6,26.8,41,--,--,--,--,--,--,--,--,--,--,--,--,--,--,--,--,--,--,--,55,44,--,--,--,--,--,--,--,--,--,--,--,--,--,--,--,--,--,--,--,--,--,--,--,--,--,--,--,--,--,--,--,--,--,--
2026/5/3 14:05,--,--,--,--,22.6,10.4,22.6,46,--,--,--,--,26.4,12.8,26.4,43,--,--,--,--,--,--,--,--,--,--,--,--,--,--,--,--,--,--,--,55,44,--,--,--,--,--,--,--,--,--,--,--,--,--,--,--,--,--,--,--,--,--,--,--,--,--,--,--,--,--,--,--,--,--,--
2026/5/3 14:20,--,--,--,--,22.5,10.0,22.5,45,--,--,--,--,25.3,11.9,25.3,43,--,--,--,--,--,--,--,--,--,--,--,--,--,--,--,--,--,--,--,55,44,--,--,--,--,--,--,--,--,--,--,--,--,--,--,--,--,--,--,--,--,--,--,--,--,--,--,--,--,--,--,--,--,--,--
2026/5/3 14:35,--,--,--,--,22.5,10.0,22.5,45,--,--,--,--,22.3,11.7,22.3,51,--,--,--,--,--,--,--,--,--,--,--,--,--,--,--,--,--,--,--,55,44,--,--,--,--,--,--,--,--,--,--,--,--,--,--,--,--,--,--,--,--,--,--,--,--,--,--,--,--,--,--,--,--,--,--
2026/5/3 14:50,--,--,--,--,22.5,10.0,22.5,45,--,--,--,--,20.6,12.1,20.6,58,--,--,--,--,--,--,--,--,--,--,--,--,--,--,--,--,--,--,--,55,44,--,--,--,--,--,--,--,--,--,--,--,--,--,--,--,--,--,--,--,--,--,--,--,--,--,--,--,--,--,--,--,--,--,--
2026/5/3 15:05,--,--,--,--,22.5,10.0,22.5,45,--,--,--,--,21.3,14.0,21.3,63,--,--,--,--,--,--,--,--,--,--,--,--,--,--,--,--,--,--,--,55,44,--,--,--,--,--,--,--,--,--,--,--,--,--,--,--,--,--,--,--,--,--,--,--,--,--,--,--,--,--,--,--,--,--,--
2026/5/3 15:20,--,--,--,--,22.5,10.0,22.5,45,--,--,--,--,22.3,15.2,22.3,64,--,--,--,--,--,--,--,--,--,--,--,--,--,--,--,--,--,--,--,55,44,--,--,--,--,--,--,--,--,--,--,--,--,--,--,--,--,--,--,--,--,--,--,--,--,--,--,--,--,--,--,--,--,--,--
2026/5/3 15:35,--,--,--,--,22.5,10.0,22.5,45,--,--,--,--,22.2,14.8,22.2,63,--,--,--,--,--,--,--,--,--,--,--,--,--,--,--,--,--,--,--,55,44,--,--,--,--,--,--,--,--,--,--,--,--,--,--,--,--,--,--,--,--,--,--,--,--,--,--,--,--,--,--,--,--,--,--
2026/5/3 15:50,--,--,--,--,22.5,10.3,22.5,46,--,--,--,--,21.8,14.5,21.8,63,--,--,--,--,--,--,--,--,--,--,--,--,--,--,--,--,--,--,--,55,44,--,--,--,--,--,--,--,--,--,--,--,--,--,--,--,--,--,--,--,--,--,--,--,--,--,--,--,--,--,--,--,--,--,--
2026/5/3 16:05,--,--,--,--,22.4,10.5,22.4,47,--,--,--,--,20.3,13.5,20.3,65,--,--,--,--,--,--,--,--,--,--,--,--,--,--,--,--,--,--,--,55,44,--,--,--,--,--,--,--,--,--,--,--,--,--,--,--,--,--,--,--,--,--,--,--,--,--,--,--,--,--,--,--,--,--,--
2026/5/3 16:20,--,--,--,--,22.4,10.9,22.4,48,--,--,--,--,19.3,13.2,19.3,68,--,--,--,--,--,--,--,--,--,--,--,--,--,--,--,--,--,--,--,55,44,--,--,--,--,--,--,--,--,--,--,--,--,--,--,--,--,--,--,--,--,--,--,--,--,--,--,--,--,--,--,--,--,--,--
2026/5/3 16:35,--,--,--,--,22.4,10.9,22.4,48,--,--,--,--,18.2,12.2,18.2,68,--,--,--,--,--,--,--,--,--,--,--,--,--,--,--,--,--,--,--,55,44,--,--,--,--,--,--,--,--,--,--,--,--,--,--,--,--,--,--,--,--,--,--,--,--,--,--,--,--,--,--,--,--,--,--
2026/5/3 16:50,--,--,--,--,22.3,11.1,22.3,49,--,--,--,--,18.2,12.9,18.2,71,--,--,--,--,--,--,--,--,--,--,--,--,--,--,--,--,--,--,--,55,44,--,--,--,--,--,--,--,--,--,--,--,--,--,--,--,--,--,--,--,--,--,--,--,--,--,--,--,--,--,--,--,--,--,--
2026/5/3 17:05,--,--,--,--,22.3,11.1,22.3,49,--,--,--,--,18.7,13.5,18.7,72,--,--,--,--,--,--,--,--,--,--,--,--,--,--,--,--,--,--,--,55,44,--,--,--,--,--,--,--,--,--,--,--,--,--,--,--,--,--,--,--,--,--,--,--,--,--,--,--,--,--,--,--,--,--,--
2026/5/3 17:20,--,--,--,--,22.3,10.8,22.3,48,--,--,--,--,18.9,13.7,18.9,72,--,--,--,--,--,--,--,--,--,--,--,--,--,--,--,--,--,--,--,55,44,--,--,--,--,--,--,--,--,--,--,--,--,--,--,--,--,--,--,--,--,--,--,--,--,--,--,--,--,--,--,--,--,--,--
2026/5/3 17:35,--,--,--,--,22.3,10.8,22.3,48,--,--,--,--,18.9,13.3,18.9,70,--,--,--,--,--,--,--,--,--,--,--,--,--,--,--,--,--,--,--,55,44,--,--,--,--,--,--,--,--,--,--,--,--,--,--,--,--,--,--,--,--,--,--,--,--,--,--,--,--,--,--,--,--,--,--
2026/5/3 17:50,--,--,--,--,22.3,10.8,22.3,48,--,--,--,--,18.7,12.9,18.7,69,--,--,--,--,--,--,--,--,--,--,--,--,--,--,--,--,--,--,--,55,44,--,--,--,--,--,--,--,--,--,--,--,--,--,--,--,--,--,--,--,--,--,--,--,--,--,--,--,--,--,--,--,--,--,--
2026/5/3 18:05,--,--,--,--,22.3,10.8,22.3,48,--,--,--,--,17.8,12.5,17.8,71,--,--,--,--,--,--,--,--,--,--,--,--,--,--,--,--,--,--,--,55,44,--,--,--,--,--,--,--,--,--,--,--,--,--,--,--,--,--,--,--,--,--,--,--,--,--,--,--,--,--,--,--,--,--,--
2026/5/3 18:20,--,--,--,--,22.3,10.8,22.3,48,--,--,--,--,17.5,12.4,17.5,72,--,--,--,--,--,--,--,--,--,--,--,--,--,--,--,--,--,--,--,55,44,--,--,--,--,--,--,--,--,--,--,--,--,--,--,--,--,--,--,--,--,--,--,--,--,--,--,--,--,--,--,--,--,--,--
2026/5/3 18:35,--,--,--,--,22.2,10.7,22.2,48,--,--,--,--,18.2,13.1,18.2,72,--,--,--,--,--,--,--,--,--,--,--,--,--,--,--,--,--,--,--,55,44,--,--,--,--,--,--,--,--,--,--,--,--,--,--,--,--,--,--,--,--,--,--,--,--,--,--,--,--,--,--,--,--,--,--
2026/5/3 18:50,--,--,--,--,22.3,10.8,22.3,48,--,--,--,--,18.7,13.3,18.7,71,--,--,--,--,--,--,--,--,--,--,--,--,--,--,--,--,--,--,--,55,44,--,--,--,--,--,--,--,--,--,--,--,--,--,--,--,--,--,--,--,--,--,--,--,--,--,--,--,--,--,--,--,--,--,--
2026/5/3 19:05,--,--,--,--,22.3,10.8,22.3,48,--,--,--,--,18.7,13.1,18.7,70,--,--,--,--,--,--,--,--,--,--,--,--,--,--,--,--,--,--,--,55,44,--,--,--,--,--,--,--,--,--,--,--,--,--,--,--,--,--,--,--,--,--,--,--,--,--,--,--,--,--,--,--,--,--,--
2026/5/3 19:20,--,--,--,--,22.3,10.8,22.3,48,--,--,--,--,18.8,13.0,18.8,69,--,--,--,--,--,--,--,--,--,--,--,--,--,--,--,--,--,--,--,55,44,--,--,--,--,--,--,--,--,--,--,--,--,--,--,--,--,--,--,--,--,--,--,--,--,--,--,--,--,--,--,--,--,--,--
2026/5/3 19:35,--,--,--,--,22.3,10.8,22.3,48,--,--,--,--,18.2,12.4,18.2,69,--,--,--,--,--,--,--,--,--,--,--,--,--,--,--,--,--,--,--,55,44,--,--,--,--,--,--,--,--,--,--,--,--,--,--,--,--,--,--,--,--,--,--,--,--,--,--,--,--,--,--,--,--,--,--
2026/5/3 19:50,--,--,--,--,22.3,10.8,22.3,48,--,--,--,--,17.9,12.1,17.9,69,--,--,--,--,--,--,--,--,--,--,--,--,--,--,--,--,--,--,--,55,44,--,--,--,--,--,--,--,--,--,--,--,--,--,--,--,--,--,--,--,--,--,--,--,--,--,--,--,--,--,--,--,--,--,--
2026/5/3 20:05,--,--,--,--,22.4,10.9,22.4,48,--,--,--,--,17.5,11.3,17.5,67,--,--,--,--,--,--,--,--,--,--,--,--,--,--,--,--,--,--,--,55,44,--,--,--,--,--,--,--,--,--,--,--,--,--,--,--,--,--,--,--,--,--,--,--,--,--,--,--,--,--,--,--,--,--,--
2026/5/3 20:20,--,--,--,--,22.4,10.9,22.4,48,--,--,--,--,17.2,10.8,17.2,66,--,--,--,--,--,--,--,--,--,--,--,--,--,--,--,--,--,--,--,55,44,--,--,--,--,--,--,--,--,--,--,--,--,--,--,--,--,--,--,--,--,--,--,--,--,--,--,--,--,--,--,--,--,--,--
2026/5/3 20:35,--,--,--,--,22.3,10.4,22.3,47,--,--,--,--,17.0,10.4,17.0,65,--,--,--,--,--,--,--,--,--,--,--,--,--,--,--,--,--,--,--,55,44,--,--,--,--,--,--,--,--,--,--,--,--,--,--,--,--,--,--,--,--,--,--,--,--,--,--,--,--,--,--,--,--,--,--
2026/5/3 20:50,--,--,--,--,22.1,10.0,22.1,46,--,--,--,--,16.6,10.0,16.6,65,--,--,--,--,--,--,--,--,--,--,--,--,--,--,--,--,--,--,--,55,44,--,--,--,--,--,--,--,--,--,--,--,--,--,--,--,--,--,--,--,--,--,--,--,--,--,--,--,--,--,--,--,--,--,--
2026/5/3 21:05,--,--,--,--,22.2,10.4,22.2,47,--,--,--,--,16.2,10.1,16.2,67,--,--,--,--,--,--,--,--,--,--,--,--,--,--,--,--,--,--,--,55,44,--,--,--,--,--,--,--,--,--,--,--,--,--,--,--,--,--,--,--,--,--,--,--,--,--,--,--,--,--,--,--,--,--,--
2026/5/3 21:20,--,--,--,--,22.2,10.4,22.2,47,--,--,--,--,15.8,9.9,15.8,68,--,--,--,--,--,--,--,--,--,--,--,--,--,--,--,--,--,--,--,55,44,--,--,--,--,--,--,--,--,--,--,--,--,--,--,--,--,--,--,--,--,--,--,--,--,--,--,--,--,--,--,--,--,--,--
2026/5/3 21:35,--,--,--,--,22.2,10.4,22.2,47,--,--,--,--,15.6,10.2,15.6,70,--,--,--,--,--,--,--,--,--,--,--,--,--,--,--,--,--,--,--,55,44,--,--,--,--,--,--,--,--,--,--,--,--,--,--,--,--,--,--,--,--,--,--,--,--,--,--,--,--,--,--,--,--,--,--
2026/5/3 21:50,--,--,--,--,22.2,10.4,22.2,47,--,--,--,--,15.5,10.3,15.5,71,--,--,--,--,--,--,--,--,--,--,--,--,--,--,--,--,--,--,--,55,44,--,--,--,--,--,--,--,--,--,--,--,--,--,--,--,--,--,--,--,--,--,--,--,--,--,--,--,--,--,--,--,--,--,--
2026/5/3 22:05,--,--,--,--,22.1,10.3,22.1,47,--,--,--,--,15.2,10.0,15.2,71,--,--,--,--,--,--,--,--,--,--,--,--,--,--,--,--,--,--,--,55,44,--,--,--,--,--,--,--,--,--,--,--,--,--,--,--,--,--,--,--,--,--,--,--,--,--,--,--,--,--,--,--,--,--,--
2026/5/3 22:20,--,--,--,--,22.1,10.3,22.1,47,--,--,--,--,14.6,9.8,14.6,73,--,--,--,--,--,--,--,--,--,--,--,--,--,--,--,--,--,--,--,55,44,--,--,--,--,--,--,--,--,--,--,--,--,--,--,--,--,--,--,--,--,--,--,--,--,--,--,--,--,--,--,--,--,--,--
2026/5/3 22:35,--,--,--,--,22.1,10.3,22.1,47,--,--,--,--,14.0,9.6,14.0,75,--,--,--,--,--,--,--,--,--,--,--,--,--,--,--,--,--,--,--,55,44,--,--,--,--,--,--,--,--,--,--,--,--,--,--,--,--,--,--,--,--,--,--,--,--,--,--,--,--,--,--,--,--,--,--
2026/5/3 22:50,--,--,--,--,22.0,9.9,22.0,46,--,--,--,--,13.9,9.7,13.9,76,--,--,--,--,--,--,--,--,--,--,--,--,--,--,--,--,--,--,--,55,44,--,--,--,--,--,--,--,--,--,--,--,--,--,--,--,--,--,--,--,--,--,--,--,--,--,--,--,--,--,--,--,--,--,--
2026/5/3 23:05,--,--,--,--,22.0,9.9,22.0,46,--,--,--,--,14.1,9.9,14.1,76,--,--,--,--,--,--,--,--,--,--,--,--,--,--,--,--,--,--,--,55,44,--,--,--,--,--,--,--,--,--,--,--,--,--,--,--,--,--,--,--,--,--,--,--,--,--,--,--,--,--,--,--,--,--,--
2026/5/3 23:20,--,--,--,--,22.0,9.9,22.0,46,--,--,--,--,13.8,9.6,13.8,76,--,--,--,--,--,--,--,--,--,--,--,--,--,--,--,--,--,--,--,55,44,--,--,--,--,--,--,--,--,--,--,--,--,--,--,--,--,--,--,--,--,--,--,--,--,--,--,--,--,--,--,--,--,--,--
2026/5/3 23:35,--,--,--,--,22.0,9.9,22.0,46,--,--,--,--,13.5,9.3,13.5,76,--,--,--,--,--,--,--,--,--,--,--,--,--,--,--,--,--,--,--,55,44,--,--,--,--,--,--,--,--,--,--,--,--,--,--,--,--,--,--,--,--,--,--,--,--,--,--,--,--,--,--,--,--,--,--
2026/5/3 23:50,--,--,--,--,22.0,9.9,22.0,46,--,--,--,--,13.1,9.1,13.1,77,--,--,--,--,--,--,--,--,--,--,--,--,--,--,--,--,--,--,--,55,44,--,--,--,--,--,--,--,--,--,--,--,--,--,--,--,--,--,--,--,--,--,--,--,--,--,--,--,--,--,--,--,--,--,--
2026/5/3 23:59,--,--,--,--,21.9,9.8,21.9,46,--,--,--,--,13.1,9.1,13.1,77,--,--,--,--,--,--,--,--,--,--,--,--,--,--,--,--,--,--,--,55,44,--,--,--,--,--,--,--,--,--,--,--,--,--,--,--,--,--,--,--,--,--,--,--,--,--,--,--,--,--,--,--,--,--,--
2026/5/4 0:00,--,--,--,--,21.9,9.8,21.9,46,--,--,--,--,13.1,9.1,13.1,77,--,--,--,--,--,--,--,--,--,--,--,--,--,--,--,--,--,--,--,55,44,--,--,--,--,--,--,--,--,--,--,--,--,--,--,--,--,--,--,--,--,--,--,--,--,--,--,--,--,--,--,--,--,--,--
2026/5/4 0:05,--,--,--,--,21.9,9.8,21.9,46,--,--,--,--,13.0,9.3,13.0,78,--,--,--,--,--,--,--,--,--,--,--,--,--,--,--,--,--,--,--,55,44,--,--,--,--,--,--,--,--,--,--,--,--,--,--,--,--,--,--,--,--,--,--,--,--,--,--,--,--,--,--,--,--,--,--
2026/5/4 0:20,--,--,--,--,21.9,9.8,21.9,46,--,--,--,--,12.8,9.1,12.8,78,--,--,--,--,--,--,--,--,--,--,--,--,--,--,--,--,--,--,--,55,44,--,--,--,--,--,--,--,--,--,--,--,--,--,--,--,--,--,--,--,--,--,--,--,--,--,--,--,--,--,--,--,--,--,--
2026/5/4 0:35,--,--,--,--,21.9,9.8,21.9,46,--,--,--,--,12.3,8.8,12.3,79,--,--,--,--,--,--,--,--,--,--,--,--,--,--,--,--,--,--,--,55,44,--,--,--,--,--,--,--,--,--,--,--,--,--,--,--,--,--,--,--,--,--,--,--,--,--,--,--,--,--,--,--,--,--,--
2026/5/4 0:50,--,--,--,--,21.9,9.8,21.9,46,--,--,--,--,11.8,8.6,11.8,81,--,--,--,--,--,--,--,--,--,--,--,--,--,--,--,--,--,--,--,55,44,--,--,--,--,--,--,--,--,--,--,--,--,--,--,--,--,--,--,--,--,--,--,--,--,--,--,--,--,--,--,--,--,--,--
2026/5/4 1:05,--,--,--,--,21.8,9.7,21.8,46,--,--,--,--,11.7,8.5,11.7,81,--,--,--,--,--,--,--,--,--,--,--,--,--,--,--,--,--,--,--,55,44,--,--,--,--,--,--,--,--,--,--,--,--,--,--,--,--,--,--,--,--,--,--,--,--,--,--,--,--,--,--,--,--,--,--
2026/5/4 1:20,--,--,--,--,21.8,9.7,21.8,46,--,--,--,--,11.4,8.4,11.4,82,--,--,--,--,--,--,--,--,--,--,--,--,--,--,--,--,--,--,--,55,44,--,--,--,--,--,--,--,--,--,--,--,--,--,--,--,--,--,--,--,--,--,--,--,--,--,--,--,--,--,--,--,--,--,--
2026/5/4 1:35,--,--,--,--,21.8,9.7,21.8,46,--,--,--,--,11.3,8.3,11.3,82,--,--,--,--,--,--,--,--,--,--,--,--,--,--,--,--,--,--,--,55,44,--,--,--,--,--,--,--,--,--,--,--,--,--,--,--,--,--,--,--,--,--,--,--,--,--,--,--,--,--,--,--,--,--,--
2026/5/4 1:50,--,--,--,--,21.8,9.7,21.8,46,--,--,--,--,10.9,8.1,10.9,83,--,--,--,--,--,--,--,--,--,--,--,--,--,--,--,--,--,--,--,55,44,--,--,--,--,--,--,--,--,--,--,--,--,--,--,--,--,--,--,--,--,--,--,--,--,--,--,--,--,--,--,--,--,--,--
2026/5/4 2:05,--,--,--,--,21.8,9.7,21.8,46,--,--,--,--,10.6,7.8,10.6,83,--,--,--,--,--,--,--,--,--,--,--,--,--,--,--,--,--,--,--,55,44,--,--,--,--,--,--,--,--,--,--,--,--,--,--,--,--,--,--,--,--,--,--,--,--,--,--,--,--,--,--,--,--,--,--
2026/5/4 2:20,--,--,--,--,21.8,9.7,21.8,46,--,--,--,--,10.5,8.1,10.5,85,--,--,--,--,--,--,--,--,--,--,--,--,--,--,--,--,--,--,--,55,44,--,--,--,--,--,--,--,--,--,--,--,--,--,--,--,--,--,--,--,--,--,--,--,--,--,--,--,--,--,--,--,--,--,--
2026/5/4 2:35,--,--,--,--,21.8,9.7,21.8,46,--,--,--,--,10.2,7.8,10.2,85,--,--,--,--,--,--,--,--,--,--,--,--,--,--,--,--,--,--,--,55,44,--,--,--,--,--,--,--,--,--,--,--,--,--,--,--,--,--,--,--,--,--,--,--,--,--,--,--,--,--,--,--,--,--,--
2026/5/4 2:50,--,--,--,--,21.7,9.6,21.7,46,--,--,--,--,10.0,7.8,10.0,86,--,--,--,--,--,--,--,--,--,--,--,--,--,--,--,--,--,--,--,55,44,--,--,--,--,--,--,--,--,--,--,--,--,--,--,--,--,--,--,--,--,--,--,--,--,--,--,--,--,--,--,--,--,--,--
2026/5/4 3:05,--,--,--,--,21.7,9.3,21.7,45,--,--,--,--,9.8,7.6,9.8,86,--,--,--,--,--,--,--,--,--,--,--,--,--,--,--,--,--,--,--,55,44,--,--,--,--,--,--,--,--,--,--,--,--,--,--,--,--,--,--,--,--,--,--,--,--,--,--,--,--,--,--,--,--,--,--
2026/5/4 3:20,--,--,--,--,21.7,9.3,21.7,45,--,--,--,--,9.5,7.4,9.5,87,--,--,--,--,--,--,--,--,--,--,--,--,--,--,--,--,--,--,--,55,44,--,--,--,--,--,--,--,--,--,--,--,--,--,--,--,--,--,--,--,--,--,--,--,--,--,--,--,--,--,--,--,--,--,--
2026/5/4 3:35,--,--,--,--,21.7,9.3,21.7,45,--,--,--,--,9.2,7.1,9.2,87,--,--,--,--,--,--,--,--,--,--,--,--,--,--,--,--,--,--,--,55,44,--,--,--,--,--,--,--,--,--,--,--,--,--,--,--,--,--,--,--,--,--,--,--,--,--,--,--,--,--,--,--,--,--,--
2026/5/4 3:50,--,--,--,--,21.7,9.3,21.7,45,--,--,--,--,9.0,7.1,9.0,88,--,--,--,--,--,--,--,--,--,--,--,--,--,--,--,--,--,--,--,55,44,--,--,--,--,--,--,--,--,--,--,--,--,--,--,--,--,--,--,--,--,--,--,--,--,--,--,--,--,--,--,--,--,--,--
2026/5/4 4:05,--,--,--,--,21.6,9.2,21.6,45,--,--,--,--,8.8,6.9,8.8,88,--,--,--,--,--,--,--,--,--,--,--,--,--,--,--,--,--,--,--,55,44,--,--,--,--,--,--,--,--,--,--,--,--,--,--,--,--,--,--,--,--,--,--,--,--,--,--,--,--,--,--,--,--,--,--
2026/5/4 4:20,--,--,--,--,21.6,9.2,21.6,45,--,--,--,--,8.8,7.1,8.8,89,--,--,--,--,--,--,--,--,--,--,--,--,--,--,--,--,--,--,--,55,44,--,--,--,--,--,--,--,--,--,--,--,--,--,--,--,--,--,--,--,--,--,--,--,--,--,--,--,--,--,--,--,--,--,--
2026/5/4 4:35,--,--,--,--,21.6,9.2,21.6,45,--,--,--,--,8.7,7.0,8.7,89,--,--,--,--,--,--,--,--,--,--,--,--,--,--,--,--,--,--,--,55,44,--,--,--,--,--,--,--,--,--,--,--,--,--,--,--,--,--,--,--,--,--,--,--,--,--,--,--,--,--,--,--,--,--,--
2026/5/4 4:50,--,--,--,--,21.6,9.2,21.6,45,--,--,--,--,8.5,6.8,8.5,89,--,--,--,--,--,--,--,--,--,--,--,--,--,--,--,--,--,--,--,55,44,--,--,--,--,--,--,--,--,--,--,--,--,--,--,--,--,--,--,--,--,--,--,--,--,--,--,--,--,--,--,--,--,--,--
2026/5/4 5:05,--,--,--,--,21.6,9.2,21.6,45,--,--,--,--,8.5,7.0,8.5,90,--,--,--,--,--,--,--,--,--,--,--,--,--,--,--,--,--,--,--,55,44,--,--,--,--,--,--,--,--,--,--,--,--,--,--,--,--,--,--,--,--,--,--,--,--,--,--,--,--,--,--,--,--,--,--
2026/5/4 5:20,--,--,--,--,21.6,9.2,21.6,45,--,--,--,--,8.8,7.5,8.8,91,--,--,--,--,--,--,--,--,--,--,--,--,--,--,--,--,--,--,--,55,44,--,--,--,--,--,--,--,--,--,--,--,--,--,--,--,--,--,--,--,--,--,--,--,--,--,--,--,--,--,--,--,--,--,--
2026/5/4 5:35,--,--,--,--,21.6,9.2,21.6,45,--,--,--,--,9.4,8.1,9.4,91,--,--,--,--,--,--,--,--,--,--,--,--,--,--,--,--,--,--,--,55,44,--,--,--,--,--,--,--,--,--,--,--,--,--,--,--,--,--,--,--,--,--,--,--,--,--,--,--,--,--,--,--,--,--,--
2026/5/4 5:50,--,--,--,--,21.6,9.5,21.6,46,--,--,--,--,9.9,8.5,9.9,91,--,--,--,--,--,--,--,--,--,--,--,--,--,--,--,--,--,--,--,55,44,--,--,--,--,--,--,--,--,--,--,--,--,--,--,--,--,--,--,--,--,--,--,--,--,--,--,--,--,--,--,--,--,--,--
2026/5/4 6:05,--,--,--,--,21.7,9.6,21.7,46,--,--,--,--,10.4,9.2,10.4,92,--,--,--,--,--,--,--,--,--,--,--,--,--,--,--,--,--,--,--,55,44,--,--,--,--,--,--,--,--,--,--,--,--,--,--,--,--,--,--,--,--,--,--,--,--,--,--,--,--,--,--,--,--,--,--
2026/5/4 6:20,--,--,--,--,21.7,9.6,21.7,46,--,--,--,--,10.7,9.5,10.7,92,--,--,--,--,--,--,--,--,--,--,--,--,--,--,--,--,--,--,--,55,44,--,--,--,--,--,--,--,--,--,--,--,--,--,--,--,--,--,--,--,--,--,--,--,--,--,--,--,--,--,--,--,--,--,--
2026/5/4 6:35,--,--,--,--,21.7,9.6,21.7,46,--,--,--,--,11.0,9.8,11.0,92,--,--,--,--,--,--,--,--,--,--,--,--,--,--,--,--,--,--,--,55,44,--,--,--,--,--,--,--,--,--,--,--,--,--,--,--,--,--,--,--,--,--,--,--,--,--,--,--,--,--,--,--,--,--,--
2026/5/4 6:50,--,--,--,--,21.7,9.6,21.7,46,--,--,--,--,11.2,9.8,11.2,91,--,--,--,--,--,--,--,--,--,--,--,--,--,--,--,--,--,--,--,55,44,--,--,--,--,--,--,--,--,--,--,--,--,--,--,--,--,--,--,--,--,--,--,--,--,--,--,--,--,--,--,--,--,--,--
2026/5/4 7:05,--,--,--,--,21.7,9.6,21.7,46,--,--,--,--,11.2,9.8,11.2,91,--,--,--,--,--,--,--,--,--,--,--,--,--,--,--,--,--,--,--,55,44,--,--,--,--,--,--,--,--,--,--,--,--,--,--,--,--,--,--,--,--,--,--,--,--,--,--,--,--,--,--,--,--,--,--
2026/5/4 7:20,--,--,--,--,21.8,9.7,21.8,46,--,--,--,--,11.8,10.4,11.8,91,--,--,--,--,--,--,--,--,--,--,--,--,--,--,--,--,--,--,--,55,44,--,--,--,--,--,--,--,--,--,--,--,--,--,--,--,--,--,--,--,--,--,--,--,--,--,--,--,--,--,--,--,--,--,--
2026/5/4 7:35,--,--,--,--,21.8,10.0,21.8,47,--,--,--,--,13.2,11.4,13.2,89,--,--,--,--,--,--,--,--,--,--,--,--,--,--,--,--,--,--,--,55,44,--,--,--,--,--,--,--,--,--,--,--,--,--,--,--,--,--,--,--,--,--,--,--,--,--,--,--,--,--,--,--,--,--,--
2026/5/4 7:50,--,--,--,--,21.9,10.1,21.9,47,--,--,--,--,14.3,12.0,14.3,86,--,--,--,--,--,--,--,--,--,--,--,--,--,--,--,--,--,--,--,55,44,--,--,--,--,--,--,--,--,--,--,--,--,--,--,--,--,--,--,--,--,--,--,--,--,--,--,--,--,--,--,--,--,--,--
2026/5/4 8:05,--,--,--,--,21.9,10.1,21.9,47,--,--,--,--,14.8,12.1,14.8,84,--,--,--,--,--,--,--,--,--,--,--,--,--,--,--,--,--,--,--,55,44,--,--,--,--,--,--,--,--,--,--,--,--,--,--,--,--,--,--,--,--,--,--,--,--,--,--,--,--,--,--,--,--,--,--
2026/5/4 8:20,--,--,--,--,21.9,10.1,21.9,47,--,--,--,--,15.0,12.0,15.0,82,--,--,--,--,--,--,--,--,--,--,--,--,--,--,--,--,--,--,--,55,44,--,--,--,--,--,--,--,--,--,--,--,--,--,--,--,--,--,--,--,--,--,--,--,--,--,--,--,--,--,--,--,--,--,--
2026/5/4 8:35,--,--,--,--,22.0,10.2,22.0,47,--,--,--,--,16.0,12.4,16.0,79,--,--,--,--,--,--,--,--,--,--,--,--,--,--,--,--,--,--,--,55,44,--,--,--,--,--,--,--,--,--,--,--,--,--,--,--,--,--,--,--,--,--,--,--,--,--,--,--,--,--,--,--,--,--,--
2026/5/4 8:50,--,--,--,--,22.0,10.2,22.0,47,--,--,--,--,17.3,13.0,17.3,76,--,--,--,--,--,--,--,--,--,--,--,--,--,--,--,--,--,--,--,55,44,--,--,--,--,--,--,--,--,--,--,--,--,--,--,--,--,--,--,--,--,--,--,--,--,--,--,--,--,--,--,--,--,--,--
2026/5/4 9:05,--,--,--,--,22.1,10.3,22.1,47,--,--,--,--,17.8,12.7,17.8,72,--,--,--,--,--,--,--,--,--,--,--,--,--,--,--,--,--,--,--,55,44,--,--,--,--,--,--,--,--,--,--,--,--,--,--,--,--,--,--,--,--,--,--,--,--,--,--,--,--,--,--,--,--,--,--
2026/5/4 9:20,--,--,--,--,22.2,10.4,22.2,47,--,--,--,--,18.0,12.9,18.0,72,--,--,--,--,--,--,--,--,--,--,--,--,--,--,--,--,--,--,--,55,44,--,--,--,--,--,--,--,--,--,--,--,--,--,--,--,--,--,--,--,--,--,--,--,--,--,--,--,--,--,--,--,--,--,--
2026/5/4 9:35,--,--,--,--,22.2,10.4,22.2,47,--,--,--,--,18.9,13.3,18.9,70,--,--,--,--,--,--,--,--,--,--,--,--,--,--,--,--,--,--,--,55,44,--,--,--,--,--,--,--,--,--,--,--,--,--,--,--,--,--,--,--,--,--,--,--,--,--,--,--,--,--,--,--,--,--,--
2026/5/4 9:50,--,--,--,--,22.3,10.8,22.3,48,--,--,--,--,20.5,14.4,20.5,68,--,--,--,--,--,--,--,--,--,--,--,--,--,--,--,--,--,--,--,55,44,--,--,--,--,--,--,--,--,--,--,--,--,--,--,--,--,--,--,--,--,--,--,--,--,--,--,--,--,--,--,--,--,--,--
2026/5/4 10:05,--,--,--,--,22.3,10.8,22.3,48,--,--,--,--,22.7,15.8,22.7,65,--,--,--,--,--,--,--,--,--,--,--,--,--,--,--,--,--,--,--,55,44,--,--,--,--,--,--,--,--,--,--,--,--,--,--,--,--,--,--,--,--,--,--,--,--,--,--,--,--,--,--,--,--,--,--
2026/5/4 10:20,--,--,--,--,22.4,10.9,22.4,48,--,--,--,--,27.8,18.0,28.6,55,--,--,--,--,--,--,--,--,--,--,--,--,--,--,--,--,--,--,--,55,44,--,--,--,--,--,--,--,--,--,--,--,--,--,--,--,--,--,--,--,--,--,--,--,--,--,--,--,--,--,--,--,--,--,--
2026/5/4 10:35,--,--,--,--,22.5,11.0,22.5,48,--,--,--,--,30.5,18.3,31.4,48,--,--,--,--,--,--,--,--,--,--,--,--,--,--,--,--,--,--,--,55,44,--,--,--,--,--,--,--,--,--,--,--,--,--,--,--,--,--,--,--,--,--,--,--,--,--,--,--,--,--,--,--,--,--,--
2026/5/4 10:50,--,--,--,--,22.5,11.0,22.5,48,--,--,--,--,32.8,19.0,34.3,44,--,--,--,--,--,--,--,--,--,--,--,--,--,--,--,--,--,--,--,55,44,--,--,--,--,--,--,--,--,--,--,--,--,--,--,--,--,--,--,--,--,--,--,--,--,--,--,--,--,--,--,--,--,--,--
2026/5/4 11:05,--,--,--,--,22.6,11.1,22.6,48,--,--,--,--,34.1,19.4,36.2,42,--,--,--,--,--,--,--,--,--,--,--,--,--,--,--,--,--,--,--,55,44,--,--,--,--,--,--,--,--,--,--,--,--,--,--,--,--,--,--,--,--,--,--,--,--,--,--,--,--,--,--,--,--,--,--
2026/5/4 11:20,--,--,--,--,22.6,11.1,22.6,48,--,--,--,--,35.0,19.0,36.9,39,--,--,--,--,--,--,--,--,--,--,--,--,--,--,--,--,--,--,--,55,44,--,--,--,--,--,--,--,--,--,--,--,--,--,--,--,--,--,--,--,--,--,--,--,--,--,--,--,--,--,--,--,--,--,--
2026/5/4 11:35,--,--,--,--,22.6,11.1,22.6,48,--,--,--,--,33.2,18.2,34.3,41,--,--,--,--,--,--,--,--,--,--,--,--,--,--,--,--,--,--,--,55,44,--,--,--,--,--,--,--,--,--,--,--,--,--,--,--,--,--,--,--,--,--,--,--,--,--,--,--,--,--,--,--,--,--,--
2026/5/4 11:50,--,--,--,--,22.7,11.2,22.7,48,--,--,--,--,32.5,17.2,33.0,40,--,--,--,--,--,--,--,--,--,--,--,--,--,--,--,--,--,--,--,55,44,--,--,--,--,--,--,--,--,--,--,--,--,--,--,--,--,--,--,--,--,--,--,--,--,--,--,--,--,--,--,--,--,--,--
2026/5/4 12:05,--,--,--,--,22.7,11.2,22.7,48,--,--,--,--,31.9,18.2,32.8,44,--,--,--,--,--,--,--,--,--,--,--,--,--,--,--,--,--,--,--,55,44,--,--,--,--,--,--,--,--,--,--,--,--,--,--,--,--,--,--,--,--,--,--,--,--,--,--,--,--,--,--,--,--,--,--
2026/5/4 12:20,--,--,--,--,22.7,11.2,22.7,48,--,--,--,--,30.1,16.6,30.3,44,--,--,--,--,--,--,--,--,--,--,--,--,--,--,--,--,--,--,--,55,44,--,--,--,--,--,--,--,--,--,--,--,--,--,--,--,--,--,--,--,--,--,--,--,--,--,--,--,--,--,--,--,--,--,--
2026/5/4 12:35,--,--,--,--,22.7,11.2,22.7,48,--,--,--,--,27.8,15.2,27.9,46,--,--,--,--,--,--,--,--,--,--,--,--,--,--,--,--,--,--,--,55,44,--,--,--,--,--,--,--,--,--,--,--,--,--,--,--,--,--,--,--,--,--,--,--,--,--,--,--,--,--,--,--,--,--,--
2026/5/4 12:50,--,--,--,--,22.7,11.2,22.7,48,--,--,--,--,26.7,15.1,27.1,49,--,--,--,--,--,--,--,--,--,--,--,--,--,--,--,--,--,--,--,55,44,--,--,--,--,--,--,--,--,--,--,--,--,--,--,--,--,--,--,--,--,--,--,--,--,--,--,--,--,--,--,--,--,--,--
2026/5/4 13:05,--,--,--,--,22.6,11.1,22.6,48,--,--,--,--,25.6,14.8,25.6,51,--,--,--,--,--,--,--,--,--,--,--,--,--,--,--,--,--,--,--,55,44,--,--,--,--,--,--,--,--,--,--,--,--,--,--,--,--,--,--,--,--,--,--,--,--,--,--,--,--,--,--,--,--,--,--
2026/5/4 13:20,--,--,--,--,22.6,11.1,22.6,48,--,--,--,--,24.8,14.3,24.8,52,--,--,--,--,--,--,--,--,--,--,--,--,--,--,--,--,--,--,--,55,44,--,--,--,--,--,--,--,--,--,--,--,--,--,--,--,--,--,--,--,--,--,--,--,--,--,--,--,--,--,--,--,--,--,--
2026/5/4 13:35,--,--,--,--,22.6,11.1,22.6,48,--,--,--,--,24.1,14.2,24.1,54,--,--,--,--,--,--,--,--,--,--,--,--,--,--,--,--,--,--,--,55,44,--,--,--,--,--,--,--,--,--,--,--,--,--,--,--,--,--,--,--,--,--,--,--,--,--,--,--,--,--,--,--,--,--,--
2026/5/4 13:50,--,--,--,--,22.6,11.1,22.6,48,--,--,--,--,24.3,14.4,24.3,54,--,--,--,--,--,--,--,--,--,--,--,--,--,--,--,--,--,--,--,55,44,--,--,--,--,--,--,--,--,--,--,--,--,--,--,--,--,--,--,--,--,--,--,--,--,--,--,--,--,--,--,--,--,--,--
2026/5/4 14:05,--,--,--,--,22.6,11.1,22.6,48,--,--,--,--,26.6,16.5,26.6,54,--,--,--,--,--,--,--,--,--,--,--,--,--,--,--,--,--,--,--,55,44,--,--,--,--,--,--,--,--,--,--,--,--,--,--,--,--,--,--,--,--,--,--,--,--,--,--,--,--,--,--,--,--,--,--
2026/5/4 14:20,--,--,--,--,22.6,11.1,22.6,48,--,--,--,--,26.8,16.2,27.3,52,--,--,--,--,--,--,--,--,--,--,--,--,--,--,--,--,--,--,--,55,44,--,--,--,--,--,--,--,--,--,--,--,--,--,--,--,--,--,--,--,--,--,--,--,--,--,--,--,--,--,--,--,--,--,--
2026/5/4 14:35,--,--,--,--,22.6,11.1,22.6,48,--,--,--,--,25.3,15.1,25.3,53,--,--,--,--,--,--,--,--,--,--,--,--,--,--,--,--,--,--,--,55,44,--,--,--,--,--,--,--,--,--,--,--,--,--,--,--,--,--,--,--,--,--,--,--,--,--,--,--,--,--,--,--,--,--,--
2026/5/4 14:50,--,--,--,--,22.6,11.4,22.6,49,--,--,--,--,23.9,13.8,23.9,53,--,--,--,--,--,--,--,--,--,--,--,--,--,--,--,--,--,--,--,55,44,--,--,--,--,--,--,--,--,--,--,--,--,--,--,--,--,--,--,--,--,--,--,--,--,--,--,--,--,--,--,--,--,--,--
2026/5/4 15:05,--,--,--,--,22.6,11.4,22.6,49,--,--,--,--,22.0,13.4,22.0,58,--,--,--,--,--,--,--,--,--,--,--,--,--,--,--,--,--,--,--,55,44,--,--,--,--,--,--,--,--,--,--,--,--,--,--,--,--,--,--,--,--,--,--,--,--,--,--,--,--,--,--,--,--,--,--
2026/5/4 15:20,--,--,--,--,22.6,11.4,22.6,49,--,--,--,--,20.2,13.2,20.2,64,--,--,--,--,--,--,--,--,--,--,--,--,--,--,--,--,--,--,--,55,44,--,--,--,--,--,--,--,--,--,--,--,--,--,--,--,--,--,--,--,--,--,--,--,--,--,--,--,--,--,--,--,--,--,--
2026/5/4 15:35,--,--,--,--,22.5,11.6,22.5,50,--,--,--,--,18.7,12.9,18.7,69,--,--,--,--,--,--,--,--,--,--,--,--,--,--,--,--,--,--,--,55,44,--,--,--,--,--,--,--,--,--,--,--,--,--,--,--,--,--,--,--,--,--,--,--,--,--,--,--,--,--,--,--,--,--,--
2026/5/4 15:50,--,--,--,--,22.5,11.6,22.5,50,--,--,--,--,17.8,13.1,17.8,74,--,--,--,--,--,--,--,--,--,--,--,--,--,--,--,--,--,--,--,55,44,--,--,--,--,--,--,--,--,--,--,--,--,--,--,--,--,--,--,--,--,--,--,--,--,--,--,--,--,--,--,--,--,--,--
2026/5/4 16:05,--,--,--,--,22.5,11.6,22.5,50,--,--,--,--,16.7,12.4,16.7,76,--,--,--,--,--,--,--,--,--,--,--,--,--,--,--,--,--,--,--,55,44,--,--,--,--,--,--,--,--,--,--,--,--,--,--,--,--,--,--,--,--,--,--,--,--,--,--,--,--,--,--,--,--,--,--
2026/5/4 16:20,--,--,--,--,22.5,11.3,22.5,49,--,--,--,--,16.3,12.2,16.3,77,--,--,--,--,--,--,--,--,--,--,--,--,--,--,--,--,--,--,--,55,44,--,--,--,--,--,--,--,--,--,--,--,--,--,--,--,--,--,--,--,--,--,--,--,--,--,--,--,--,--,--,--,--,--,--
2026/5/4 16:35,--,--,--,--,22.5,11.3,22.5,49,--,--,--,--,16.5,12.4,16.5,77,--,--,--,--,--,--,--,--,--,--,--,--,--,--,--,--,--,--,--,55,44,--,--,--,--,--,--,--,--,--,--,--,--,--,--,--,--,--,--,--,--,--,--,--,--,--,--,--,--,--,--,--,--,--,--
2026/5/4 16:50,--,--,--,--,22.6,11.7,22.6,50,--,--,--,--,16.6,12.8,16.6,78,--,--,--,--,--,--,--,--,--,--,--,--,--,--,--,--,--,--,--,55,44,--,--,--,--,--,--,--,--,--,--,--,--,--,--,--,--,--,--,--,--,--,--,--,--,--,--,--,--,--,--,--,--,--,--
2026/5/4 17:05,--,--,--,--,22.5,12.2,22.5,52,--,--,--,--,16.7,13.1,16.7,79,--,--,--,--,--,--,--,--,--,--,--,--,--,--,--,--,--,--,--,55,44,--,--,--,--,--,--,--,--,--,--,--,--,--,--,--,--,--,--,--,--,--,--,--,--,--,--,--,--,--,--,--,--,--,--
2026/5/4 17:20,--,--,--,--,22.5,12.2,22.5,52,--,--,--,--,16.8,13.2,16.8,79,--,--,--,--,--,--,--,--,--,--,--,--,--,--,--,--,--,--,--,55,44,--,--,--,--,--,--,--,--,--,--,--,--,--,--,--,--,--,--,--,--,--,--,--,--,--,--,--,--,--,--,--,--,--,--
2026/5/4 17:35,--,--,--,--,22.5,11.9,22.5,51,--,--,--,--,16.8,13.3,16.8,80,--,--,--,--,--,--,--,--,--,--,--,--,--,--,--,--,--,--,--,55,44,--,--,--,--,--,--,--,--,--,--,--,--,--,--,--,--,--,--,--,--,--,--,--,--,--,--,--,--,--,--,--,--,--,--
2026/5/4 17:50,--,--,--,--,22.5,11.9,22.5,51,--,--,--,--,16.8,13.5,16.8,81,--,--,--,--,--,--,--,--,--,--,--,--,--,--,--,--,--,--,--,55,44,--,--,--,--,--,--,--,--,--,--,--,--,--,--,--,--,--,--,--,--,--,--,--,--,--,--,--,--,--,--,--,--,--,--
2026/5/4 18:05,--,--,--,--,22.5,11.9,22.5,51,--,--,--,--,16.8,13.7,16.8,82,--,--,--,--,--,--,--,--,--,--,--,--,--,--,--,--,--,--,--,55,44,--,--,--,--,--,--,--,--,--,--,--,--,--,--,--,--,--,--,--,--,--,--,--,--,--,--,--,--,--,--,--,--,--,--
2026/5/4 18:20,--,--,--,--,22.5,11.9,22.5,51,--,--,--,--,16.8,13.7,16.8,82,--,--,--,--,--,--,--,--,--,--,--,--,--,--,--,--,--,--,--,55,44,--,--,--,--,--,--,--,--,--,--,--,--,--,--,--,--,--,--,--,--,--,--,--,--,--,--,--,--,--,--,--,--,--,--
2026/5/4 18:35,--,--,--,--,22.5,11.9,22.5,51,--,--,--,--,17.2,14.3,17.2,83,--,--,--,--,--,--,--,--,--,--,--,--,--,--,--,--,--,--,--,55,44,--,--,--,--,--,--,--,--,--,--,--,--,--,--,--,--,--,--,--,--,--,--,--,--,--,--,--,--,--,--,--,--,--,--
2026/5/4 18:50,--,--,--,--,22.5,11.9,22.5,51,--,--,--,--,17.5,14.6,17.5,83,--,--,--,--,--,--,--,--,--,--,--,--,--,--,--,--,--,--,--,55,44,--,--,--,--,--,--,--,--,--,--,--,--,--,--,--,--,--,--,--,--,--,--,--,--,--,--,--,--,--,--,--,--,--,--
2026/5/4 19:05,--,--,--,--,22.5,11.9,22.5,51,--,--,--,--,17.2,14.3,17.2,83,--,--,--,--,--,--,--,--,--,--,--,--,--,--,--,--,--,--,--,55,44,--,--,--,--,--,--,--,--,--,--,--,--,--,--,--,--,--,--,--,--,--,--,--,--,--,--,--,--,--,--,--,--,--,--
2026/5/4 19:20,--,--,--,--,22.5,11.6,22.5,50,--,--,--,--,16.7,13.8,16.7,83,--,--,--,--,--,--,--,--,--,--,--,--,--,--,--,--,--,--,--,55,44,--,--,--,--,--,--,--,--,--,--,--,--,--,--,--,--,--,--,--,--,--,--,--,--,--,--,--,--,--,--,--,--,--,--
2026/5/4 19:35,--,--,--,--,22.4,11.5,22.4,50,--,--,--,--,16.3,13.6,16.3,84,--,--,--,--,--,--,--,--,--,--,--,--,--,--,--,--,--,--,--,55,44,--,--,--,--,--,--,--,--,--,--,--,--,--,--,--,--,--,--,--,--,--,--,--,--,--,--,--,--,--,--,--,--,--,--
2026/5/4 19:50,--,--,--,--,22.4,11.5,22.4,50,--,--,--,--,16.2,13.7,16.2,85,--,--,--,--,--,--,--,--,--,--,--,--,--,--,--,--,--,--,--,55,44,--,--,--,--,--,--,--,--,--,--,--,--,--,--,--,--,--,--,--,--,--,--,--,--,--,--,--,--,--,--,--,--,--,--
2026/5/4 20:05,--,--,--,--,22.4,11.5,22.4,50,--,--,--,--,15.9,13.4,15.9,85,--,--,--,--,--,--,--,--,--,--,--,--,--,--,--,--,--,--,--,55,44,--,--,--,--,--,--,--,--,--,--,--,--,--,--,--,--,--,--,--,--,--,--,--,--,--,--,--,--,--,--,--,--,--,--
2026/5/4 20:20,--,--,--,--,22.4,11.5,22.4,50,--,--,--,--,15.4,12.9,15.4,85,--,--,--,--,--,--,--,--,--,--,--,--,--,--,--,--,--,--,--,55,44,--,--,--,--,--,--,--,--,--,--,--,--,--,--,--,--,--,--,--,--,--,--,--,--,--,--,--,--,--,--,--,--,--,--
2026/5/4 20:35,--,--,--,--,22.4,11.8,22.4,51,--,--,--,--,15.0,12.9,15.0,87,--,--,--,--,--,--,--,--,--,--,--,--,--,--,--,--,--,--,--,55,44,--,--,--,--,--,--,--,--,--,--,--,--,--,--,--,--,--,--,--,--,--,--,--,--,--,--,--,--,--,--,--,--,--,--
2026/5/4 20:50,--,--,--,--,22.4,11.8,22.4,51,--,--,--,--,14.7,12.7,14.7,88,--,--,--,--,--,--,--,--,--,--,--,--,--,--,--,--,--,--,--,55,44,--,--,--,--,--,--,--,--,--,--,--,--,--,--,--,--,--,--,--,--,--,--,--,--,--,--,--,--,--,--,--,--,--,--
2026/5/4 21:05,--,--,--,--,22.4,11.8,22.4,51,--,--,--,--,14.4,12.6,14.4,89,--,--,--,--,--,--,--,--,--,--,--,--,--,--,--,--,--,--,--,55,44,--,--,--,--,--,--,--,--,--,--,--,--,--,--,--,--,--,--,--,--,--,--,--,--,--,--,--,--,--,--,--,--,--,--
2026/5/4 21:20,--,--,--,--,22.3,11.4,22.3,50,--,--,--,--,14.2,12.4,14.2,89,--,--,--,--,--,--,--,--,--,--,--,--,--,--,--,--,--,--,--,55,44,--,--,--,--,--,--,--,--,--,--,--,--,--,--,--,--,--,--,--,--,--,--,--,--,--,--,--,--,--,--,--,--,--,--
2026/5/4 21:35,--,--,--,--,22.4,11.8,22.4,51,--,--,--,--,13.9,12.3,13.9,90,--,--,--,--,--,--,--,--,--,--,--,--,--,--,--,--,--,--,--,55,44,--,--,--,--,--,--,--,--,--,--,--,--,--,--,--,--,--,--,--,--,--,--,--,--,--,--,--,--,--,--,--,--,--,--
2026/5/4 21:50,--,--,--,--,22.3,11.7,22.3,51,--,--,--,--,13.8,12.2,13.8,90,--,--,--,--,--,--,--,--,--,--,--,--,--,--,--,--,--,--,--,55,44,--,--,--,--,--,--,--,--,--,--,--,--,--,--,--,--,--,--,--,--,--,--,--,--,--,--,--,--,--,--,--,--,--,--
2026/5/4 22:05,--,--,--,--,22.3,11.4,22.3,50,--,--,--,--,13.6,12.2,13.6,91,--,--,--,--,--,--,--,--,--,--,--,--,--,--,--,--,--,--,--,55,44,--,--,--,--,--,--,--,--,--,--,--,--,--,--,--,--,--,--,--,--,--,--,--,--,--,--,--,--,--,--,--,--,--,--
2026/5/4 22:20,--,--,--,--,22.3,11.4,22.3,50,--,--,--,--,13.6,12.2,13.6,91,--,--,--,--,--,--,--,--,--,--,--,--,--,--,--,--,--,--,--,55,44,--,--,--,--,--,--,--,--,--,--,--,--,--,--,--,--,--,--,--,--,--,--,--,--,--,--,--,--,--,--,--,--,--,--
2026/5/4 22:35,--,--,--,--,22.2,11.3,22.2,50,--,--,--,--,13.5,12.1,13.5,91,--,--,--,--,--,--,--,--,--,--,--,--,--,--,--,--,--,--,--,55,44,--,--,--,--,--,--,--,--,--,--,--,--,--,--,--,--,--,--,--,--,--,--,--,--,--,--,--,--,--,--,--,--,--,--
2026/5/4 22:50,--,--,--,--,22.2,11.3,22.2,50,--,--,--,--,13.5,12.3,13.5,92,--,--,--,--,--,--,--,--,--,--,--,--,--,--,--,--,--,--,--,55,44,--,--,--,--,--,--,--,--,--,--,--,--,--,--,--,--,--,--,--,--,--,--,--,--,--,--,--,--,--,--,--,--,--,--
2026/5/4 23:05,--,--,--,--,22.2,11.3,22.2,50,--,--,--,--,13.5,12.3,13.5,92,--,--,--,--,--,--,--,--,--,--,--,--,--,--,--,--,--,--,--,55,44,--,--,--,--,--,--,--,--,--,--,--,--,--,--,--,--,--,--,--,--,--,--,--,--,--,--,--,--,--,--,--,--,--,--
2026/5/4 23:20,--,--,--,--,22.2,11.3,22.2,50,--,--,--,--,13.4,12.2,13.4,92,--,--,--,--,--,--,--,--,--,--,--,--,--,--,--,--,--,--,--,55,44,--,--,--,--,--,--,--,--,--,--,--,--,--,--,--,--,--,--,--,--,--,--,--,--,--,--,--,--,--,--,--,--,--,--
2026/5/4 23:35,--,--,--,--,22.1,11.2,22.1,50,--,--,--,--,13.4,12.2,13.4,92,--,--,--,--,--,--,--,--,--,--,--,--,--,--,--,--,--,--,--,55,44,--,--,--,--,--,--,--,--,--,--,--,--,--,--,--,--,--,--,--,--,--,--,--,--,--,--,--,--,--,--,--,--,--,--
2026/5/4 23:50,--,--,--,--,22.1,11.2,22.1,50,--,--,--,--,13.4,12.3,13.4,93,--,--,--,--,--,--,--,--,--,--,--,--,--,--,--,--,--,--,--,55,44,--,--,--,--,--,--,--,--,--,--,--,--,--,--,--,--,--,--,--,--,--,--,--,--,--,--,--,--,--,--,--,--,--,--
2026/5/4 23:59,--,--,--,--,22.1,11.2,22.1,50,--,--,--,--,13.4,12.3,13.4,93,--,--,--,--,--,--,--,--,--,--,--,--,--,--,--,--,--,--,--,55,44,--,--,--,--,--,--,--,--,--,--,--,--,--,--,--,--,--,--,--,--,--,--,--,--,--,--,--,--,--,--,--,--,--,--
2026/5/5 0:00,--,--,--,--,22.1,11.2,22.1,50,--,--,--,--,13.4,12.3,13.4,93,--,--,--,--,--,--,--,--,--,--,--,--,--,--,--,--,--,--,--,55,44,--,--,--,--,--,--,--,--,--,--,--,--,--,--,--,--,--,--,--,--,--,--,--,--,--,--,--,--,--,--,--,--,--,--
2026/5/5 0:05,--,--,--,--,22.1,11.2,22.1,50,--,--,--,--,13.4,12.3,13.4,93,--,--,--,--,--,--,--,--,--,--,--,--,--,--,--,--,--,--,--,55,44,--,--,--,--,--,--,--,--,--,--,--,--,--,--,--,--,--,--,--,--,--,--,--,--,--,--,--,--,--,--,--,--,--,--
2026/5/5 0:20,--,--,--,--,22.1,11.2,22.1,50,--,--,--,--,13.3,12.2,13.3,93,--,--,--,--,--,--,--,--,--,--,--,--,--,--,--,--,--,--,--,55,44,--,--,--,--,--,--,--,--,--,--,--,--,--,--,--,--,--,--,--,--,--,--,--,--,--,--,--,--,--,--,--,--,--,--
2026/5/5 0:35,--,--,--,--,22.1,11.2,22.1,50,--,--,--,--,13.3,12.2,13.3,93,--,--,--,--,--,--,--,--,--,--,--,--,--,--,--,--,--,--,--,55,44,--,--,--,--,--,--,--,--,--,--,--,--,--,--,--,--,--,--,--,--,--,--,--,--,--,--,--,--,--,--,--,--,--,--
2026/5/5 0:50,--,--,--,--,22.1,11.2,22.1,50,--,--,--,--,13.3,12.2,13.3,93,--,--,--,--,--,--,--,--,--,--,--,--,--,--,--,--,--,--,--,55,44,--,--,--,--,--,--,--,--,--,--,--,--,--,--,--,--,--,--,--,--,--,--,--,--,--,--,--,--,--,--,--,--,--,--
2026/5/5 1:05,--,--,--,--,22.1,11.2,22.1,50,--,--,--,--,13.2,12.1,13.2,93,--,--,--,--,--,--,--,--,--,--,--,--,--,--,--,--,--,--,--,55,44,--,--,--,--,--,--,--,--,--,--,--,--,--,--,--,--,--,--,--,--,--,--,--,--,--,--,--,--,--,--,--,--,--,--
2026/5/5 1:20,--,--,--,--,22.0,11.1,22.0,50,--,--,--,--,13.1,12.1,13.1,94,--,--,--,--,--,--,--,--,--,--,--,--,--,--,--,--,--,--,--,55,44,--,--,--,--,--,--,--,--,--,--,--,--,--,--,--,--,--,--,--,--,--,--,--,--,--,--,--,--,--,--,--,--,--,--
2026/5/5 1:35,--,--,--,--,22.0,11.1,22.0,50,--,--,--,--,13.2,12.2,13.2,94,--,--,--,--,--,--,--,--,--,--,--,--,--,--,--,--,--,--,--,55,44,--,--,--,--,--,--,--,--,--,--,--,--,--,--,--,--,--,--,--,--,--,--,--,--,--,--,--,--,--,--,--,--,--,--
2026/5/5 1:50,--,--,--,--,22.0,11.1,22.0,50,--,--,--,--,13.2,12.2,13.2,94,--,--,--,--,--,--,--,--,--,--,--,--,--,--,--,--,--,--,--,55,44,--,--,--,--,--,--,--,--,--,--,--,--,--,--,--,--,--,--,--,--,--,--,--,--,--,--,--,--,--,--,--,--,--,--
2026/5/5 2:05,--,--,--,--,22.0,11.1,22.0,50,--,--,--,--,13.2,12.2,13.2,94,--,--,--,--,--,--,--,--,--,--,--,--,--,--,--,--,--,--,--,55,44,--,--,--,--,--,--,--,--,--,--,--,--,--,--,--,--,--,--,--,--,--,--,--,--,--,--,--,--,--,--,--,--,--,--
2026/5/5 2:20,--,--,--,--,22.0,11.1,22.0,50,--,--,--,--,13.1,12.1,13.1,94,--,--,--,--,--,--,--,--,--,--,--,--,--,--,--,--,--,--,--,55,44,--,--,--,--,--,--,--,--,--,--,--,--,--,--,--,--,--,--,--,--,--,--,--,--,--,--,--,--,--,--,--,--,--,--
2026/5/5 2:35,--,--,--,--,22.0,11.1,22.0,50,--,--,--,--,13.1,12.1,13.1,94,--,--,--,--,--,--,--,--,--,--,--,--,--,--,--,--,--,--,--,55,44,--,--,--,--,--,--,--,--,--,--,--,--,--,--,--,--,--,--,--,--,--,--,--,--,--,--,--,--,--,--,--,--,--,--
2026/5/5 2:50,--,--,--,--,22.0,11.1,22.0,50,--,--,--,--,13.1,12.1,13.1,94,--,--,--,--,--,--,--,--,--,--,--,--,--,--,--,--,--,--,--,55,44,--,--,--,--,--,--,--,--,--,--,--,--,--,--,--,--,--,--,--,--,--,--,--,--,--,--,--,--,--,--,--,--,--,--
2026/5/5 3:05,--,--,--,--,21.9,11.0,21.9,50,--,--,--,--,13.2,12.4,13.2,95,--,--,--,--,--,--,--,--,--,--,--,--,--,--,--,--,--,--,--,55,44,--,--,--,--,--,--,--,--,--,--,--,--,--,--,--,--,--,--,--,--,--,--,--,--,--,--,--,--,--,--,--,--,--,--
2026/5/5 3:20,--,--,--,--,21.9,11.0,21.9,50,--,--,--,--,13.1,12.3,13.1,95,--,--,--,--,--,--,--,--,--,--,--,--,--,--,--,--,--,--,--,55,44,--,--,--,--,--,--,--,--,--,--,--,--,--,--,--,--,--,--,--,--,--,--,--,--,--,--,--,--,--,--,--,--,--,--
2026/5/5 3:35,--,--,--,--,21.9,11.0,21.9,50,--,--,--,--,13.1,12.3,13.1,95,--,--,--,--,--,--,--,--,--,--,--,--,--,--,--,--,--,--,--,55,44,--,--,--,--,--,--,--,--,--,--,--,--,--,--,--,--,--,--,--,--,--,--,--,--,--,--,--,--,--,--,--,--,--,--
2026/5/5 3:50,--,--,--,--,21.9,11.0,21.9,50,--,--,--,--,13.1,12.3,13.1,95,--,--,--,--,--,--,--,--,--,--,--,--,--,--,--,--,--,--,--,55,44,--,--,--,--,--,--,--,--,--,--,--,--,--,--,--,--,--,--,--,--,--,--,--,--,--,--,--,--,--,--,--,--,--,--
2026/5/5 4:05,--,--,--,--,21.9,11.0,21.9,50,--,--,--,--,13.0,12.2,13.0,95,--,--,--,--,--,--,--,--,--,--,--,--,--,--,--,--,--,--,--,55,44,--,--,--,--,--,--,--,--,--,--,--,--,--,--,--,--,--,--,--,--,--,--,--,--,--,--,--,--,--,--,--,--,--,--
2026/5/5 4:20,--,--,--,--,21.9,11.0,21.9,50,--,--,--,--,13.0,12.2,13.0,95,--,--,--,--,--,--,--,--,--,--,--,--,--,--,--,--,--,--,--,55,44,--,--,--,--,--,--,--,--,--,--,--,--,--,--,--,--,--,--,--,--,--,--,--,--,--,--,--,--,--,--,--,--,--,--
2026/5/5 4:35,--,--,--,--,21.9,11.0,21.9,50,--,--,--,--,13.1,12.3,13.1,95,--,--,--,--,--,--,--,--,--,--,--,--,--,--,--,--,--,--,--,55,44,--,--,--,--,--,--,--,--,--,--,--,--,--,--,--,--,--,--,--,--,--,--,--,--,--,--,--,--,--,--,--,--,--,--
2026/5/5 4:50,--,--,--,--,21.9,11.0,21.9,50,--,--,--,--,13.1,12.3,13.1,95,--,--,--,--,--,--,--,--,--,--,--,--,--,--,--,--,--,--,--,55,44,--,--,--,--,--,--,--,--,--,--,--,--,--,--,--,--,--,--,--,--,--,--,--,--,--,--,--,--,--,--,--,--,--,--
2026/5/5 5:05,--,--,--,--,21.9,11.0,21.9,50,--,--,--,--,13.0,12.2,13.0,95,--,--,--,--,--,--,--,--,--,--,--,--,--,--,--,--,--,--,--,55,44,--,--,--,--,--,--,--,--,--,--,--,--,--,--,--,--,--,--,--,--,--,--,--,--,--,--,--,--,--,--,--,--,--,--
2026/5/5 5:20,--,--,--,--,21.9,11.0,21.9,50,--,--,--,--,13.0,12.2,13.0,95,--,--,--,--,--,--,--,--,--,--,--,--,--,--,--,--,--,--,--,55,44,--,--,--,--,--,--,--,--,--,--,--,--,--,--,--,--,--,--,--,--,--,--,--,--,--,--,--,--,--,--,--,--,--,--
2026/5/5 5:35,--,--,--,--,21.9,11.0,21.9,50,--,--,--,--,13.0,12.2,13.0,95,--,--,--,--,--,--,--,--,--,--,--,--,--,--,--,--,--,--,--,55,44,--,--,--,--,--,--,--,--,--,--,--,--,--,--,--,--,--,--,--,--,--,--,--,--,--,--,--,--,--,--,--,--,--,--
2026/5/5 5:50,--,--,--,--,21.9,11.0,21.9,50,--,--,--,--,13.0,12.2,13.0,95,--,--,--,--,--,--,--,--,--,--,--,--,--,--,--,--,--,--,--,55,44,--,--,--,--,--,--,--,--,--,--,--,--,--,--,--,--,--,--,--,--,--,--,--,--,--,--,--,--,--,--,--,--,--,--
2026/5/5 6:05,--,--,--,--,22.0,11.1,22.0,50,--,--,--,--,13.0,12.2,13.0,95,--,--,--,--,--,--,--,--,--,--,--,--,--,--,--,--,--,--,--,55,44,--,--,--,--,--,--,--,--,--,--,--,--,--,--,--,--,--,--,--,--,--,--,--,--,--,--,--,--,--,--,--,--,--,--
2026/5/5 6:20,--,--,--,--,22.0,11.4,22.0,51,--,--,--,--,13.0,12.4,13.0,96,--,--,--,--,--,--,--,--,--,--,--,--,--,--,--,--,--,--,--,55,44,--,--,--,--,--,--,--,--,--,--,--,--,--,--,--,--,--,--,--,--,--,--,--,--,--,--,--,--,--,--,--,--,--,--
2026/5/5 6:35,--,--,--,--,22.0,11.4,22.0,51,--,--,--,--,13.1,12.5,13.1,96,--,--,--,--,--,--,--,--,--,--,--,--,--,--,--,--,--,--,--,55,44,--,--,--,--,--,--,--,--,--,--,--,--,--,--,--,--,--,--,--,--,--,--,--,--,--,--,--,--,--,--,--,--,--,--
2026/5/5 6:50,--,--,--,--,22.0,11.4,22.0,51,--,--,--,--,13.3,12.7,13.3,96,--,--,--,--,--,--,--,--,--,--,--,--,--,--,--,--,--,--,--,55,44,--,--,--,--,--,--,--,--,--,--,--,--,--,--,--,--,--,--,--,--,--,--,--,--,--,--,--,--,--,--,--,--,--,--
2026/5/5 7:05,--,--,--,--,22.0,11.7,22.0,52,--,--,--,--,13.6,13.0,13.6,96,--,--,--,--,--,--,--,--,--,--,--,--,--,--,--,--,--,--,--,55,44,--,--,--,--,--,--,--,--,--,--,--,--,--,--,--,--,--,--,--,--,--,--,--,--,--,--,--,--,--,--,--,--,--,--
2026/5/5 7:20,--,--,--,--,22.0,11.4,22.0,51,--,--,--,--,14.0,13.4,14.0,96,--,--,--,--,--,--,--,--,--,--,--,--,--,--,--,--,--,--,--,55,44,--,--,--,--,--,--,--,--,--,--,--,--,--,--,--,--,--,--,--,--,--,--,--,--,--,--,--,--,--,--,--,--,--,--
2026/5/5 7:35,--,--,--,--,22.0,11.4,22.0,51,--,--,--,--,14.3,13.7,14.3,96,--,--,--,--,--,--,--,--,--,--,--,--,--,--,--,--,--,--,--,55,44,--,--,--,--,--,--,--,--,--,--,--,--,--,--,--,--,--,--,--,--,--,--,--,--,--,--,--,--,--,--,--,--,--,--
2026/5/5 7:50,--,--,--,--,22.0,11.4,22.0,51,--,--,--,--,14.6,13.8,14.6,95,--,--,--,--,--,--,--,--,--,--,--,--,--,--,--,--,--,--,--,55,44,--,--,--,--,--,--,--,--,--,--,--,--,--,--,--,--,--,--,--,--,--,--,--,--,--,--,--,--,--,--,--,--,--,--
2026/5/5 8:05,--,--,--,--,22.0,11.4,22.0,51,--,--,--,--,14.7,13.9,14.7,95,--,--,--,--,--,--,--,--,--,--,--,--,--,--,--,--,--,--,--,55,44,--,--,--,--,--,--,--,--,--,--,--,--,--,--,--,--,--,--,--,--,--,--,--,--,--,--,--,--,--,--,--,--,--,--
2026/5/5 8:20,--,--,--,--,21.9,11.3,21.9,51,--,--,--,--,14.9,14.1,14.9,95,--,--,--,--,--,--,--,--,--,--,--,--,--,--,--,--,--,--,--,55,44,--,--,--,--,--,--,--,--,--,--,--,--,--,--,--,--,--,--,--,--,--,--,--,--,--,--,--,--,--,--,--,--,--,--
2026/5/5 8:35,--,--,--,--,22.0,11.4,22.0,51,--,--,--,--,15.2,14.2,15.2,94,--,--,--,--,--,--,--,--,--,--,--,--,--,--,--,--,--,--,--,55,44,--,--,--,--,--,--,--,--,--,--,--,--,--,--,--,--,--,--,--,--,--,--,--,--,--,--,--,--,--,--,--,--,--,--
2026/5/5 8:50,--,--,--,--,22.0,11.4,22.0,51,--,--,--,--,15.7,14.7,15.7,94,--,--,--,--,--,--,--,--,--,--,--,--,--,--,--,--,--,--,--,55,44,--,--,--,--,--,--,--,--,--,--,--,--,--,--,--,--,--,--,--,--,--,--,--,--,--,--,--,--,--,--,--,--,--,--
2026/5/5 9:05,--,--,--,--,21.9,11.3,21.9,51,--,--,--,--,16.5,15.3,16.5,93,--,--,--,--,--,--,--,--,--,--,--,--,--,--,--,--,--,--,--,55,44,--,--,--,--,--,--,--,--,--,--,--,--,--,--,--,--,--,--,--,--,--,--,--,--,--,--,--,--,--,--,--,--,--,--
2026/5/5 9:20,--,--,--,--,22.0,11.4,22.0,51,--,--,--,--,16.7,15.3,16.7,91,--,--,--,--,--,--,--,--,--,--,--,--,--,--,--,--,--,--,--,55,44,--,--,--,--,--,--,--,--,--,--,--,--,--,--,--,--,--,--,--,--,--,--,--,--,--,--,--,--,--,--,--,--,--,--
2026/5/5 9:35,--,--,--,--,21.9,11.3,21.9,51,--,--,--,--,17.3,15.6,17.3,90,--,--,--,--,--,--,--,--,--,--,--,--,--,--,--,--,--,--,--,55,44,--,--,--,--,--,--,--,--,--,--,--,--,--,--,--,--,--,--,--,--,--,--,--,--,--,--,--,--,--,--,--,--,--,--
2026/5/5 9:50,--,--,--,--,21.9,11.3,21.9,51,--,--,--,--,18.3,16.1,18.3,87,--,--,--,--,--,--,--,--,--,--,--,--,--,--,--,--,--,--,--,55,44,--,--,--,--,--,--,--,--,--,--,--,--,--,--,--,--,--,--,--,--,--,--,--,--,--,--,--,--,--,--,--,--,--,--
2026/5/5 10:05,--,--,--,--,22.0,11.4,22.0,51,--,--,--,--,19.3,16.4,19.3,83,--,--,--,--,--,--,--,--,--,--,--,--,--,--,--,--,--,--,--,55,44,--,--,--,--,--,--,--,--,--,--,--,--,--,--,--,--,--,--,--,--,--,--,--,--,--,--,--,--,--,--,--,--,--,--
2026/5/5 10:20,--,--,--,--,22.0,11.7,22.0,52,--,--,--,--,19.8,16.8,19.8,83,--,--,--,--,--,--,--,--,--,--,--,--,--,--,--,--,--,--,--,55,44,--,--,--,--,--,--,--,--,--,--,--,--,--,--,--,--,--,--,--,--,--,--,--,--,--,--,--,--,--,--,--,--,--,--
2026/5/5 10:35,--,--,--,--,22.0,11.7,22.0,52,--,--,--,--,20.1,16.4,20.1,79,--,--,--,--,--,--,--,--,--,--,--,--,--,--,--,--,--,--,--,55,44,--,--,--,--,--,--,--,--,--,--,--,--,--,--,--,--,--,--,--,--,--,--,--,--,--,--,--,--,--,--,--,--,--,--
2026/5/5 10:50,--,--,--,--,22.0,11.7,22.0,52,--,--,--,--,19.7,16.0,19.7,79,--,--,--,--,--,--,--,--,--,--,--,--,--,--,--,--,--,--,--,55,44,--,--,--,--,--,--,--,--,--,--,--,--,--,--,--,--,--,--,--,--,--,--,--,--,--,--,--,--,--,--,--,--,--,--
2026/5/5 11:05,--,--,--,--,22.1,11.8,22.1,52,--,--,--,--,19.5,15.8,19.5,79,--,--,--,--,--,--,--,--,--,--,--,--,--,--,--,--,--,--,--,55,44,--,--,--,--,--,--,--,--,--,--,--,--,--,--,--,--,--,--,--,--,--,--,--,--,--,--,--,--,--,--,--,--,--,--
2026/5/5 11:20,--,--,--,--,22.1,11.8,22.1,52,--,--,--,--,20.9,16.7,20.9,77,--,--,--,--,--,--,--,--,--,--,--,--,--,--,--,--,--,--,--,55,44,--,--,--,--,--,--,--,--,--,--,--,--,--,--,--,--,--,--,--,--,--,--,--,--,--,--,--,--,--,--,--,--,--,--
2026/5/5 11:35,--,--,--,--,22.1,11.8,22.1,52,--,--,--,--,21.2,16.4,21.2,74,--,--,--,--,--,--,--,--,--,--,--,--,--,--,--,--,--,--,--,55,44,--,--,--,--,--,--,--,--,--,--,--,--,--,--,--,--,--,--,--,--,--,--,--,--,--,--,--,--,--,--,--,--,--,--
2026/5/5 11:50,--,--,--,--,22.1,11.8,22.1,52,--,--,--,--,21.3,16.0,21.3,72,--,--,--,--,--,--,--,--,--,--,--,--,--,--,--,--,--,--,--,55,44,--,--,--,--,--,--,--,--,--,--,--,--,--,--,--,--,--,--,--,--,--,--,--,--,--,--,--,--,--,--,--,--,--,--
2026/5/5 12:05,--,--,--,--,22.1,11.8,22.1,52,--,--,--,--,21.6,16.3,21.6,72,--,--,--,--,--,--,--,--,--,--,--,--,--,--,--,--,--,--,--,55,44,--,--,--,--,--,--,--,--,--,--,--,--,--,--,--,--,--,--,--,--,--,--,--,--,--,--,--,--,--,--,--,--,--,--
2026/5/5 12:20,--,--,--,--,22.1,11.8,22.1,52,--,--,--,--,21.5,15.6,21.5,69,--,--,--,--,--,--,--,--,--,--,--,--,--,--,--,--,--,--,--,55,44,--,--,--,--,--,--,--,--,--,--,--,--,--,--,--,--,--,--,--,--,--,--,--,--,--,--,--,--,--,--,--,--,--,--
2026/5/5 12:35,--,--,--,--,22.2,11.9,22.2,52,--,--,--,--,22.5,16.5,22.5,69,--,--,--,--,--,--,--,--,--,--,--,--,--,--,--,--,--,--,--,55,44,--,--,--,--,--,--,--,--,--,--,--,--,--,--,--,--,--,--,--,--,--,--,--,--,--,--,--,--,--,--,--,--,--,--
2026/5/5 12:50,--,--,--,--,22.2,11.9,22.2,52,--,--,--,--,22.9,16.5,22.9,67,--,--,--,--,--,--,--,--,--,--,--,--,--,--,--,--,--,--,--,55,44,--,--,--,--,--,--,--,--,--,--,--,--,--,--,--,--,--,--,--,--,--,--,--,--,--,--,--,--,--,--,--,--,--,--
2026/5/5 13:05,--,--,--,--,22.2,11.9,22.2,52,--,--,--,--,22.1,15.7,22.1,67,--,--,--,--,--,--,--,--,--,--,--,--,--,--,--,--,--,--,--,55,44,--,--,--,--,--,--,--,--,--,--,--,--,--,--,--,--,--,--,--,--,--,--,--,--,--,--,--,--,--,--,--,--,--,--
2026/5/5 13:20,--,--,--,--,22.2,11.9,22.2,52,--,--,--,--,22.5,15.8,22.5,66,--,--,--,--,--,--,--,--,--,--,--,--,--,--,--,--,--,--,--,55,44,--,--,--,--,--,--,--,--,--,--,--,--,--,--,--,--,--,--,--,--,--,--,--,--,--,--,--,--,--,--,--,--,--,--
2026/5/5 13:35,--,--,--,--,22.2,11.9,22.2,52,--,--,--,--,21.0,14.9,21.0,68,--,--,--,--,--,--,--,--,--,--,--,--,--,--,--,--,--,--,--,55,44,--,--,--,--,--,--,--,--,--,--,--,--,--,--,--,--,--,--,--,--,--,--,--,--,--,--,--,--,--,--,--,--,--,--
2026/5/5 13:50,--,--,--,--,22.2,11.9,22.2,52,--,--,--,--,20.6,15.2,20.6,71,--,--,--,--,--,--,--,--,--,--,--,--,--,--,--,--,--,--,--,55,44,--,--,--,--,--,--,--,--,--,--,--,--,--,--,--,--,--,--,--,--,--,--,--,--,--,--,--,--,--,--,--,--,--,--
2026/5/5 14:05,--,--,--,--,22.2,11.9,22.2,52,--,--,--,--,19.5,14.5,19.5,73,--,--,--,--,--,--,--,--,--,--,--,--,--,--,--,--,--,--,--,55,44,--,--,--,--,--,--,--,--,--,--,--,--,--,--,--,--,--,--,--,--,--,--,--,--,--,--,--,--,--,--,--,--,--,--
2026/5/5 14:20,--,--,--,--,22.2,11.9,22.2,52,--,--,--,--,19.4,14.7,19.4,74,--,--,--,--,--,--,--,--,--,--,--,--,--,--,--,--,--,--,--,55,44,--,--,--,--,--,--,--,--,--,--,--,--,--,--,--,--,--,--,--,--,--,--,--,--,--,--,--,--,--,--,--,--,--,--
2026/5/5 14:35,--,--,--,--,22.3,12.0,22.3,52,--,--,--,--,21.4,15.5,21.4,69,--,--,--,--,--,--,--,--,--,--,--,--,--,--,--,--,--,--,--,55,44,--,--,--,--,--,--,--,--,--,--,--,--,--,--,--,--,--,--,--,--,--,--,--,--,--,--,--,--,--,--,--,--,--,--
2026/5/5 14:50,--,--,--,--,22.3,12.0,22.3,52,--,--,--,--,19.6,14.6,19.6,73,--,--,--,--,--,--,--,--,--,--,--,--,--,--,--,--,--,--,--,55,44,--,--,--,--,--,--,--,--,--,--,--,--,--,--,--,--,--,--,--,--,--,--,--,--,--,--,--,--,--,--,--,--,--,--
2026/5/5 15:05,--,--,--,--,22.3,12.0,22.3,52,--,--,--,--,19.3,14.4,19.3,73,--,--,--,--,--,--,--,--,--,--,--,--,--,--,--,--,--,--,--,55,44,--,--,--,--,--,--,--,--,--,--,--,--,--,--,--,--,--,--,--,--,--,--,--,--,--,--,--,--,--,--,--,--,--,--
2026/5/5 15:20,--,--,--,--,22.3,12.0,22.3,52,--,--,--,--,18.9,14.4,18.9,75,--,--,--,--,--,--,--,--,--,--,--,--,--,--,--,--,--,--,--,55,44,--,--,--,--,--,--,--,--,--,--,--,--,--,--,--,--,--,--,--,--,--,--,--,--,--,--,--,--,--,--,--,--,--,--
2026/5/5 15:35,--,--,--,--,22.3,12.0,22.3,52,--,--,--,--,18.1,13.8,18.1,76,--,--,--,--,--,--,--,--,--,--,--,--,--,--,--,--,--,--,--,55,44,--,--,--,--,--,--,--,--,--,--,--,--,--,--,--,--,--,--,--,--,--,--,--,--,--,--,--,--,--,--,--,--,--,--
2026/5/5 15:50,--,--,--,--,22.3,12.0,22.3,52,--,--,--,--,17.8,13.9,17.8,78,--,--,--,--,--,--,--,--,--,--,--,--,--,--,--,--,--,--,--,55,44,--,--,--,--,--,--,--,--,--,--,--,--,--,--,--,--,--,--,--,--,--,--,--,--,--,--,--,--,--,--,--,--,--,--
2026/5/5 16:05,--,--,--,--,22.3,12.3,22.3,53,--,--,--,--,17.4,13.6,17.4,78,--,--,--,--,--,--,--,--,--,--,--,--,--,--,--,--,--,--,--,55,44,--,--,--,--,--,--,--,--,--,--,--,--,--,--,--,--,--,--,--,--,--,--,--,--,--,--,--,--,--,--,--,--,--,--
2026/5/5 16:20,--,--,--,--,22.3,12.3,22.3,53,--,--,--,--,16.9,13.3,16.9,79,--,--,--,--,--,--,--,--,--,--,--,--,--,--,--,--,--,--,--,55,44,--,--,--,--,--,--,--,--,--,--,--,--,--,--,--,--,--,--,--,--,--,--,--,--,--,--,--,--,--,--,--,--,--,--
2026/5/5 16:35,--,--,--,--,22.3,12.3,22.3,53,--,--,--,--,16.8,13.3,16.8,80,--,--,--,--,--,--,--,--,--,--,--,--,--,--,--,--,--,--,--,55,44,--,--,--,--,--,--,--,--,--,--,--,--,--,--,--,--,--,--,--,--,--,--,--,--,--,--,--,--,--,--,--,--,--,--
2026/5/5 16:50,--,--,--,--,22.3,12.3,22.3,53,--,--,--,--,16.7,13.2,16.7,80,--,--,--,--,--,--,--,--,--,--,--,--,--,--,--,--,--,--,--,55,44,--,--,--,--,--,--,--,--,--,--,--,--,--,--,--,--,--,--,--,--,--,--,--,--,--,--,--,--,--,--,--,--,--,--
2026/5/5 17:05,--,--,--,--,22.3,12.3,22.3,53,--,--,--,--,16.3,13.0,16.3,81,--,--,--,--,--,--,--,--,--,--,--,--,--,--,--,--,--,--,--,55,44,--,--,--,--,--,--,--,--,--,--,--,--,--,--,--,--,--,--,--,--,--,--,--,--,--,--,--,--,--,--,--,--,--,--
2026/5/5 17:20,--,--,--,--,22.3,12.3,22.3,53,--,--,--,--,15.9,12.8,15.9,82,--,--,--,--,--,--,--,--,--,--,--,--,--,--,--,--,--,--,--,55,44,--,--,--,--,--,--,--,--,--,--,--,--,--,--,--,--,--,--,--,--,--,--,--,--,--,--,--,--,--,--,--,--,--,--
2026/5/5 17:35,--,--,--,--,22.3,12.3,22.3,53,--,--,--,--,15.7,12.6,15.7,82,--,--,--,--,--,--,--,--,--,--,--,--,--,--,--,--,--,--,--,55,44,--,--,--,--,--,--,--,--,--,--,--,--,--,--,--,--,--,--,--,--,--,--,--,--,--,--,--,--,--,--,--,--,--,--
2026/5/5 17:50,--,--,--,--,22.3,12.0,22.3,52,--,--,--,--,15.4,12.5,15.4,83,--,--,--,--,--,--,--,--,--,--,--,--,--,--,--,--,--,--,--,55,44,--,--,--,--,--,--,--,--,--,--,--,--,--,--,--,--,--,--,--,--,--,--,--,--,--,--,--,--,--,--,--,--,--,--
2026/5/5 18:05,--,--,--,--,22.2,11.9,22.2,52,--,--,--,--,14.8,12.3,14.8,85,--,--,--,--,--,--,--,--,--,--,--,--,--,--,--,--,--,--,--,55,44,--,--,--,--,--,--,--,--,--,--,--,--,--,--,--,--,--,--,--,--,--,--,--,--,--,--,--,--,--,--,--,--,--,--
2026/5/5 18:20,--,--,--,--,22.3,12.0,22.3,52,--,--,--,--,14.5,12.2,14.5,86,--,--,--,--,--,--,--,--,--,--,--,--,--,--,--,--,--,--,--,55,44,--,--,--,--,--,--,--,--,--,--,--,--,--,--,--,--,--,--,--,--,--,--,--,--,--,--,--,--,--,--,--,--,--,--
2026/5/5 18:35,--,--,--,--,22.2,11.9,22.2,52,--,--,--,--,14.3,12.2,14.3,87,--,--,--,--,--,--,--,--,--,--,--,--,--,--,--,--,--,--,--,55,44,--,--,--,--,--,--,--,--,--,--,--,--,--,--,--,--,--,--,--,--,--,--,--,--,--,--,--,--,--,--,--,--,--,--
2026/5/5 18:50,--,--,--,--,22.2,11.9,22.2,52,--,--,--,--,14.6,12.6,14.6,88,--,--,--,--,--,--,--,--,--,--,--,--,--,--,--,--,--,--,--,55,44,--,--,--,--,--,--,--,--,--,--,--,--,--,--,--,--,--,--,--,--,--,--,--,--,--,--,--,--,--,--,--,--,--,--
2026/5/5 19:05,--,--,--,--,22.2,11.9,22.2,52,--,--,--,--,14.3,12.3,14.3,88,--,--,--,--,--,--,--,--,--,--,--,--,--,--,--,--,--,--,--,55,44,--,--,--,--,--,--,--,--,--,--,--,--,--,--,--,--,--,--,--,--,--,--,--,--,--,--,--,--,--,--,--,--,--,--
2026/5/5 19:20,--,--,--,--,22.2,11.9,22.2,52,--,--,--,--,13.7,11.7,13.7,88,--,--,--,--,--,--,--,--,--,--,--,--,--,--,--,--,--,--,--,55,44,--,--,--,--,--,--,--,--,--,--,--,--,--,--,--,--,--,--,--,--,--,--,--,--,--,--,--,--,--,--,--,--,--,--
2026/5/5 19:35,--,--,--,--,22.2,11.9,22.2,52,--,--,--,--,13.4,11.6,13.4,89,--,--,--,--,--,--,--,--,--,--,--,--,--,--,--,--,--,--,--,55,44,--,--,--,--,--,--,--,--,--,--,--,--,--,--,--,--,--,--,--,--,--,--,--,--,--,--,--,--,--,--,--,--,--,--
2026/5/5 19:50,--,--,--,--,22.2,11.9,22.2,52,--,--,--,--,12.9,11.3,12.9,90,--,--,--,--,--,--,--,--,--,--,--,--,--,--,--,--,--,--,--,55,44,--,--,--,--,--,--,--,--,--,--,--,--,--,--,--,--,--,--,--,--,--,--,--,--,--,--,--,--,--,--,--,--,--,--
2026/5/5 20:05,--,--,--,--,22.2,11.9,22.2,52,--,--,--,--,12.8,11.4,12.8,91,--,--,--,--,--,--,--,--,--,--,--,--,--,--,--,--,--,--,--,55,44,--,--,--,--,--,--,--,--,--,--,--,--,--,--,--,--,--,--,--,--,--,--,--,--,--,--,--,--,--,--,--,--,--,--
2026/5/5 20:20,--,--,--,--,22.1,11.8,22.1,52,--,--,--,--,12.5,11.3,12.5,92,--,--,--,--,--,--,--,--,--,--,--,--,--,--,--,--,--,--,--,55,44,--,--,--,--,--,--,--,--,--,--,--,--,--,--,--,--,--,--,--,--,--,--,--,--,--,--,--,--,--,--,--,--,--,--
2026/5/5 20:35,--,--,--,--,22.1,11.8,22.1,52,--,--,--,--,12.3,11.1,12.3,92,--,--,--,--,--,--,--,--,--,--,--,--,--,--,--,--,--,--,--,55,44,--,--,--,--,--,--,--,--,--,--,--,--,--,--,--,--,--,--,--,--,--,--,--,--,--,--,--,--,--,--,--,--,--,--
2026/5/5 20:50,--,--,--,--,22.1,11.8,22.1,52,--,--,--,--,12.2,11.0,12.2,92,--,--,--,--,--,--,--,--,--,--,--,--,--,--,--,--,--,--,--,55,44,--,--,--,--,--,--,--,--,--,--,--,--,--,--,--,--,--,--,--,--,--,--,--,--,--,--,--,--,--,--,--,--,--,--
2026/5/5 21:05,--,--,--,--,22.1,11.8,22.1,52,--,--,--,--,12.1,11.0,12.1,93,--,--,--,--,--,--,--,--,--,--,--,--,--,--,--,--,--,--,--,55,44,--,--,--,--,--,--,--,--,--,--,--,--,--,--,--,--,--,--,--,--,--,--,--,--,--,--,--,--,--,--,--,--,--,--
2026/5/5 21:20,--,--,--,--,22.1,11.8,22.1,52,--,--,--,--,12.0,10.9,12.0,93,--,--,--,--,--,--,--,--,--,--,--,--,--,--,--,--,--,--,--,55,44,--,--,--,--,--,--,--,--,--,--,--,--,--,--,--,--,--,--,--,--,--,--,--,--,--,--,--,--,--,--,--,--,--,--
2026/5/5 21:35,--,--,--,--,22.1,11.8,22.1,52,--,--,--,--,11.8,10.7,11.8,93,--,--,--,--,--,--,--,--,--,--,--,--,--,--,--,--,--,--,--,55,44,--,--,--,--,--,--,--,--,--,--,--,--,--,--,--,--,--,--,--,--,--,--,--,--,--,--,--,--,--,--,--,--,--,--
2026/5/5 21:50,--,--,--,--,22.1,11.8,22.1,52,--,--,--,--,11.7,10.7,11.7,94,--,--,--,--,--,--,--,--,--,--,--,--,--,--,--,--,--,--,--,55,44,--,--,--,--,--,--,--,--,--,--,--,--,--,--,--,--,--,--,--,--,--,--,--,--,--,--,--,--,--,--,--,--,--,--
2026/5/5 22:05,--,--,--,--,22.1,11.8,22.1,52,--,--,--,--,11.6,10.6,11.6,94,--,--,--,--,--,--,--,--,--,--,--,--,--,--,--,--,--,--,--,55,44,--,--,--,--,--,--,--,--,--,--,--,--,--,--,--,--,--,--,--,--,--,--,--,--,--,--,--,--,--,--,--,--,--,--
2026/5/5 22:20,--,--,--,--,22.0,11.7,22.0,52,--,--,--,--,11.6,10.6,11.6,94,--,--,--,--,--,--,--,--,--,--,--,--,--,--,--,--,--,--,--,55,44,--,--,--,--,--,--,--,--,--,--,--,--,--,--,--,--,--,--,--,--,--,--,--,--,--,--,--,--,--,--,--,--,--,--
2026/5/5 22:35,--,--,--,--,22.0,11.7,22.0,52,--,--,--,--,11.5,10.5,11.5,94,--,--,--,--,--,--,--,--,--,--,--,--,--,--,--,--,--,--,--,55,44,--,--,--,--,--,--,--,--,--,--,--,--,--,--,--,--,--,--,--,--,--,--,--,--,--,--,--,--,--,--,--,--,--,--
2026/5/5 22:50,--,--,--,--,22.0,11.7,22.0,52,--,--,--,--,11.4,10.4,11.4,94,--,--,--,--,--,--,--,--,--,--,--,--,--,--,--,--,--,--,--,55,44,--,--,--,--,--,--,--,--,--,--,--,--,--,--,--,--,--,--,--,--,--,--,--,--,--,--,--,--,--,--,--,--,--,--
2026/5/5 23:05,--,--,--,--,21.9,11.3,21.9,51,--,--,--,--,11.3,10.3,11.3,94,--,--,--,--,--,--,--,--,--,--,--,--,--,--,--,--,--,--,--,55,44,--,--,--,--,--,--,--,--,--,--,--,--,--,--,--,--,--,--,--,--,--,--,--,--,--,--,--,--,--,--,--,--,--,--
2026/5/5 23:20,--,--,--,--,21.9,11.3,21.9,51,--,--,--,--,11.3,10.5,11.3,95,--,--,--,--,--,--,--,--,--,--,--,--,--,--,--,--,--,--,--,55,44,--,--,--,--,--,--,--,--,--,--,--,--,--,--,--,--,--,--,--,--,--,--,--,--,--,--,--,--,--,--,--,--,--,--
2026/5/5 23:35,--,--,--,--,21.8,11.2,21.8,51,--,--,--,--,11.3,10.5,11.3,95,--,--,--,--,--,--,--,--,--,--,--,--,--,--,--,--,--,--,--,55,44,--,--,--,--,--,--,--,--,--,--,--,--,--,--,--,--,--,--,--,--,--,--,--,--,--,--,--,--,--,--,--,--,--,--
2026/5/5 23:50,--,--,--,--,21.9,11.3,21.9,51,--,--,--,--,11.2,10.4,11.2,95,--,--,--,--,--,--,--,--,--,--,--,--,--,--,--,--,--,--,--,55,44,--,--,--,--,--,--,--,--,--,--,--,--,--,--,--,--,--,--,--,--,--,--,--,--,--,--,--,--,--,--,--,--,--,--
2026/5/5 23:59,--,--,--,--,21.8,11.2,21.8,51,--,--,--,--,11.2,10.4,11.2,95,--,--,--,--,--,--,--,--,--,--,--,--,--,--,--,--,--,--,--,55,44,--,--,--,--,--,--,--,--,--,--,--,--,--,--,--,--,--,--,--,--,--,--,--,--,--,--,--,--,--,--,--,--,--,--
2026/5/6 0:00,--,--,--,--,21.8,11.2,21.8,51,--,--,--,--,11.2,10.4,11.2,95,--,--,--,--,--,--,--,--,--,--,--,--,--,--,--,--,--,--,--,55,44,--,--,--,--,--,--,--,--,--,--,--,--,--,--,--,--,--,--,--,--,--,--,--,--,--,--,--,--,--,--,--,--,--,--
2026/5/6 0:05,--,--,--,--,21.8,11.2,21.8,51,--,--,--,--,11.2,10.4,11.2,95,--,--,--,--,--,--,--,--,--,--,--,--,--,--,--,--,--,--,--,55,44,--,--,--,--,--,--,--,--,--,--,--,--,--,--,--,--,--,--,--,--,--,--,--,--,--,--,--,--,--,--,--,--,--,--
2026/5/6 0:20,--,--,--,--,21.8,11.2,21.8,51,--,--,--,--,11.1,10.3,11.1,95,--,--,--,--,--,--,--,--,--,--,--,--,--,--,--,--,--,--,--,55,44,--,--,--,--,--,--,--,--,--,--,--,--,--,--,--,--,--,--,--,--,--,--,--,--,--,--,--,--,--,--,--,--,--,--
2026/5/6 0:35,--,--,--,--,21.8,11.2,21.8,51,--,--,--,--,11.1,10.3,11.1,95,--,--,--,--,--,--,--,--,--,--,--,--,--,--,--,--,--,--,--,55,44,--,--,--,--,--,--,--,--,--,--,--,--,--,--,--,--,--,--,--,--,--,--,--,--,--,--,--,--,--,--,--,--,--,--
2026/5/6 0:50,--,--,--,--,21.8,11.2,21.8,51,--,--,--,--,11.0,10.2,11.0,95,--,--,--,--,--,--,--,--,--,--,--,--,--,--,--,--,--,--,--,55,44,--,--,--,--,--,--,--,--,--,--,--,--,--,--,--,--,--,--,--,--,--,--,--,--,--,--,--,--,--,--,--,--,--,--
2026/5/6 1:05,--,--,--,--,21.7,11.2,21.7,51,--,--,--,--,10.9,10.1,10.9,95,--,--,--,--,--,--,--,--,--,--,--,--,--,--,--,--,--,--,--,55,44,--,--,--,--,--,--,--,--,--,--,--,--,--,--,--,--,--,--,--,--,--,--,--,--,--,--,--,--,--,--,--,--,--,--
2026/5/6 1:20,--,--,--,--,21.7,11.2,21.7,51,--,--,--,--,10.9,10.1,10.9,95,--,--,--,--,--,--,--,--,--,--,--,--,--,--,--,--,--,--,--,55,44,--,--,--,--,--,--,--,--,--,--,--,--,--,--,--,--,--,--,--,--,--,--,--,--,--,--,--,--,--,--,--,--,--,--
2026/5/6 1:35,--,--,--,--,21.7,11.2,21.7,51,--,--,--,--,11.0,10.2,11.0,95,--,--,--,--,--,--,--,--,--,--,--,--,--,--,--,--,--,--,--,55,44,--,--,--,--,--,--,--,--,--,--,--,--,--,--,--,--,--,--,--,--,--,--,--,--,--,--,--,--,--,--,--,--,--,--
2026/5/6 1:50,--,--,--,--,21.7,11.2,21.7,51,--,--,--,--,10.9,10.1,10.9,95,--,--,--,--,--,--,--,--,--,--,--,--,--,--,--,--,--,--,--,55,44,--,--,--,--,--,--,--,--,--,--,--,--,--,--,--,--,--,--,--,--,--,--,--,--,--,--,--,--,--,--,--,--,--,--
2026/5/6 2:05,--,--,--,--,21.7,11.2,21.7,51,--,--,--,--,10.9,10.1,10.9,95,--,--,--,--,--,--,--,--,--,--,--,--,--,--,--,--,--,--,--,55,44,--,--,--,--,--,--,--,--,--,--,--,--,--,--,--,--,--,--,--,--,--,--,--,--,--,--,--,--,--,--,--,--,--,--
2026/5/6 2:20,--,--,--,--,21.7,11.2,21.7,51,--,--,--,--,10.9,10.1,10.9,95,--,--,--,--,--,--,--,--,--,--,--,--,--,--,--,--,--,--,--,55,44,--,--,--,--,--,--,--,--,--,--,--,--,--,--,--,--,--,--,--,--,--,--,--,--,--,--,--,--,--,--,--,--,--,--
2026/5/6 2:35,--,--,--,--,21.7,10.8,21.7,50,--,--,--,--,10.8,10.2,10.8,96,--,--,--,--,--,--,--,--,--,--,--,--,--,--,--,--,--,--,--,55,44,--,--,--,--,--,--,--,--,--,--,--,--,--,--,--,--,--,--,--,--,--,--,--,--,--,--,--,--,--,--,--,--,--,--
2026/5/6 2:50,--,--,--,--,21.7,10.8,21.7,50,--,--,--,--,10.8,10.0,10.8,95,--,--,--,--,--,--,--,--,--,--,--,--,--,--,--,--,--,--,--,55,44,--,--,--,--,--,--,--,--,--,--,--,--,--,--,--,--,--,--,--,--,--,--,--,--,--,--,--,--,--,--,--,--,--,--
2026/5/6 3:05,--,--,--,--,21.6,10.8,21.6,50,--,--,--,--,10.8,10.2,10.8,96,--,--,--,--,--,--,--,--,--,--,--,--,--,--,--,--,--,--,--,55,44,--,--,--,--,--,--,--,--,--,--,--,--,--,--,--,--,--,--,--,--,--,--,--,--,--,--,--,--,--,--,--,--,--,--
2026/5/6 3:20,--,--,--,--,21.6,10.8,21.6,50,--,--,--,--,10.8,10.2,10.8,96,--,--,--,--,--,--,--,--,--,--,--,--,--,--,--,--,--,--,--,55,44,--,--,--,--,--,--,--,--,--,--,--,--,--,--,--,--,--,--,--,--,--,--,--,--,--,--,--,--,--,--,--,--,--,--
2026/5/6 3:35,--,--,--,--,21.6,10.8,21.6,50,--,--,--,--,10.8,10.2,10.8,96,--,--,--,--,--,--,--,--,--,--,--,--,--,--,--,--,--,--,--,55,44,--,--,--,--,--,--,--,--,--,--,--,--,--,--,--,--,--,--,--,--,--,--,--,--,--,--,--,--,--,--,--,--,--,--
2026/5/6 3:50,--,--,--,--,21.6,10.8,21.6,50,--,--,--,--,10.8,10.2,10.8,96,--,--,--,--,--,--,--,--,--,--,--,--,--,--,--,--,--,--,--,55,44,--,--,--,--,--,--,--,--,--,--,--,--,--,--,--,--,--,--,--,--,--,--,--,--,--,--,--,--,--,--,--,--,--,--
2026/5/6 4:05,--,--,--,--,21.6,10.8,21.6,50,--,--,--,--,10.8,10.2,10.8,96,--,--,--,--,--,--,--,--,--,--,--,--,--,--,--,--,--,--,--,55,44,--,--,--,--,--,--,--,--,--,--,--,--,--,--,--,--,--,--,--,--,--,--,--,--,--,--,--,--,--,--,--,--,--,--
2026/5/6 4:20,--,--,--,--,21.6,10.8,21.6,50,--,--,--,--,10.8,10.2,10.8,96,--,--,--,--,--,--,--,--,--,--,--,--,--,--,--,--,--,--,--,55,44,--,--,--,--,--,--,--,--,--,--,--,--,--,--,--,--,--,--,--,--,--,--,--,--,--,--,--,--,--,--,--,--,--,--
2026/5/6 4:35,--,--,--,--,21.5,10.7,21.5,50,--,--,--,--,10.8,10.2,10.8,96,--,--,--,--,--,--,--,--,--,--,--,--,--,--,--,--,--,--,--,55,44,--,--,--,--,--,--,--,--,--,--,--,--,--,--,--,--,--,--,--,--,--,--,--,--,--,--,--,--,--,--,--,--,--,--
2026/5/6 4:50,--,--,--,--,21.6,10.8,21.6,50,--,--,--,--,10.8,10.2,10.8,96,--,--,--,--,--,--,--,--,--,--,--,--,--,--,--,--,--,--,--,55,44,--,--,--,--,--,--,--,--,--,--,--,--,--,--,--,--,--,--,--,--,--,--,--,--,--,--,--,--,--,--,--,--,--,--
2026/5/6 5:05,--,--,--,--,21.5,10.7,21.5,50,--,--,--,--,10.6,10.0,10.6,96,--,--,--,--,--,--,--,--,--,--,--,--,--,--,--,--,--,--,--,55,44,--,--,--,--,--,--,--,--,--,--,--,--,--,--,--,--,--,--,--,--,--,--,--,--,--,--,--,--,--,--,--,--,--,--
2026/5/6 5:20,--,--,--,--,21.5,10.7,21.5,50,--,--,--,--,10.5,9.9,10.5,96,--,--,--,--,--,--,--,--,--,--,--,--,--,--,--,--,--,--,--,55,44,--,--,--,--,--,--,--,--,--,--,--,--,--,--,--,--,--,--,--,--,--,--,--,--,--,--,--,--,--,--,--,--,--,--
2026/5/6 5:35,--,--,--,--,21.5,10.7,21.5,50,--,--,--,--,10.5,9.9,10.5,96,--,--,--,--,--,--,--,--,--,--,--,--,--,--,--,--,--,--,--,55,44,--,--,--,--,--,--,--,--,--,--,--,--,--,--,--,--,--,--,--,--,--,--,--,--,--,--,--,--,--,--,--,--,--,--
2026/5/6 5:50,--,--,--,--,21.6,10.8,21.6,50,--,--,--,--,10.5,9.9,10.5,96,--,--,--,--,--,--,--,--,--,--,--,--,--,--,--,--,--,--,--,55,44,--,--,--,--,--,--,--,--,--,--,--,--,--,--,--,--,--,--,--,--,--,--,--,--,--,--,--,--,--,--,--,--,--,--
2026/5/6 6:05,--,--,--,--,21.6,11.1,21.6,51,--,--,--,--,10.6,10.0,10.6,96,--,--,--,--,--,--,--,--,--,--,--,--,--,--,--,--,--,--,--,55,44,--,--,--,--,--,--,--,--,--,--,--,--,--,--,--,--,--,--,--,--,--,--,--,--,--,--,--,--,--,--,--,--,--,--
2026/5/6 6:20,--,--,--,--,21.6,11.1,21.6,51,--,--,--,--,10.5,9.9,10.5,96,--,--,--,--,--,--,--,--,--,--,--,--,--,--,--,--,--,--,--,55,44,--,--,--,--,--,--,--,--,--,--,--,--,--,--,--,--,--,--,--,--,--,--,--,--,--,--,--,--,--,--,--,--,--,--
2026/5/6 6:35,--,--,--,--,21.7,11.2,21.7,51,--,--,--,--,10.5,9.9,10.5,96,--,--,--,--,--,--,--,--,--,--,--,--,--,--,--,--,--,--,--,55,44,--,--,--,--,--,--,--,--,--,--,--,--,--,--,--,--,--,--,--,--,--,--,--,--,--,--,--,--,--,--,--,--,--,--
2026/5/6 6:50,--,--,--,--,21.8,11.2,21.8,51,--,--,--,--,10.6,10.0,10.6,96,--,--,--,--,--,--,--,--,--,--,--,--,--,--,--,--,--,--,--,55,44,--,--,--,--,--,--,--,--,--,--,--,--,--,--,--,--,--,--,--,--,--,--,--,--,--,--,--,--,--,--,--,--,--,--
2026/5/6 7:05,--,--,--,--,21.8,11.2,21.8,51,--,--,--,--,10.6,10.0,10.6,96,--,--,--,--,--,--,--,--,--,--,--,--,--,--,--,--,--,--,--,55,44,--,--,--,--,--,--,--,--,--,--,--,--,--,--,--,--,--,--,--,--,--,--,--,--,--,--,--,--,--,--,--,--,--,--
2026/5/6 7:20,--,--,--,--,21.8,11.2,21.8,51,--,--,--,--,10.6,10.0,10.6,96,--,--,--,--,--,--,--,--,--,--,--,--,--,--,--,--,--,--,--,55,44,--,--,--,--,--,--,--,--,--,--,--,--,--,--,--,--,--,--,--,--,--,--,--,--,--,--,--,--,--,--,--,--,--,--
2026/5/6 7:35,--,--,--,--,21.7,11.2,21.7,51,--,--,--,--,10.7,10.1,10.7,96,--,--,--,--,--,--,--,--,--,--,--,--,--,--,--,--,--,--,--,55,44,--,--,--,--,--,--,--,--,--,--,--,--,--,--,--,--,--,--,--,--,--,--,--,--,--,--,--,--,--,--,--,--,--,--
2026/5/6 7:50,--,--,--,--,21.8,11.2,21.8,51,--,--,--,--,10.8,10.2,10.8,96,--,--,--,--,--,--,--,--,--,--,--,--,--,--,--,--,--,--,--,55,44,--,--,--,--,--,--,--,--,--,--,--,--,--,--,--,--,--,--,--,--,--,--,--,--,--,--,--,--,--,--,--,--,--,--
2026/5/6 8:05,--,--,--,--,21.8,11.2,21.8,51,--,--,--,--,10.8,10.2,10.8,96,--,--,--,--,--,--,--,--,--,--,--,--,--,--,--,--,--,--,--,55,44,--,--,--,--,--,--,--,--,--,--,--,--,--,--,--,--,--,--,--,--,--,--,--,--,--,--,--,--,--,--,--,--,--,--
2026/5/6 8:20,--,--,--,--,21.8,11.2,21.8,51,--,--,--,--,10.9,10.3,10.9,96,--,--,--,--,--,--,--,--,--,--,--,--,--,--,--,--,--,--,--,55,44,--,--,--,--,--,--,--,--,--,--,--,--,--,--,--,--,--,--,--,--,--,--,--,--,--,--,--,--,--,--,--,--,--,--
2026/5/6 8:35,--,--,--,--,21.8,10.9,21.8,50,--,--,--,--,11.0,10.4,11.0,96,--,--,--,--,--,--,--,--,--,--,--,--,--,--,--,--,--,--,--,55,44,--,--,--,--,--,--,--,--,--,--,--,--,--,--,--,--,--,--,--,--,--,--,--,--,--,--,--,--,--,--,--,--,--,--
2026/5/6 8:50,--,--,--,--,21.9,11.0,21.9,50,--,--,--,--,11.4,10.8,11.4,96,--,--,--,--,--,--,--,--,--,--,--,--,--,--,--,--,--,--,--,55,44,--,--,--,--,--,--,--,--,--,--,--,--,--,--,--,--,--,--,--,--,--,--,--,--,--,--,--,--,--,--,--,--,--,--
2026/5/6 9:05,--,--,--,--,21.9,11.0,21.9,50,--,--,--,--,11.8,11.0,11.8,95,--,--,--,--,--,--,--,--,--,--,--,--,--,--,--,--,--,--,--,55,44,--,--,--,--,--,--,--,--,--,--,--,--,--,--,--,--,--,--,--,--,--,--,--,--,--,--,--,--,--,--,--,--,--,--
2026/5/6 9:20,--,--,--,--,21.9,11.0,21.9,50,--,--,--,--,12.1,11.3,12.1,95,--,--,--,--,--,--,--,--,--,--,--,--,--,--,--,--,--,--,--,55,44,--,--,--,--,--,--,--,--,--,--,--,--,--,--,--,--,--,--,--,--,--,--,--,--,--,--,--,--,--,--,--,--,--,--
2026/5/6 9:35,--,--,--,--,22.0,11.1,22.0,50,--,--,--,--,12.0,11.2,12.0,95,--,--,--,--,--,--,--,--,--,--,--,--,--,--,--,--,--,--,--,55,44,--,--,--,--,--,--,--,--,--,--,--,--,--,--,--,--,--,--,--,--,--,--,--,--,--,--,--,--,--,--,--,--,--,--
2026/5/6 9:50,--,--,--,--,22.0,11.1,22.0,50,--,--,--,--,11.7,10.7,11.7,94,--,--,--,--,--,--,--,--,--,--,--,--,--,--,--,--,--,--,--,55,44,--,--,--,--,--,--,--,--,--,--,--,--,--,--,--,--,--,--,--,--,--,--,--,--,--,--,--,--,--,--,--,--,--,--
2026/5/6 10:05,--,--,--,--,22.0,11.1,22.0,50,--,--,--,--,11.8,10.8,11.8,94,--,--,--,--,--,--,--,--,--,--,--,--,--,--,--,--,--,--,--,55,44,--,--,--,--,--,--,--,--,--,--,--,--,--,--,--,--,--,--,--,--,--,--,--,--,--,--,--,--,--,--,--,--,--,--
2026/5/6 10:20,--,--,--,--,22.0,11.1,22.0,50,--,--,--,--,11.9,10.9,11.9,94,--,--,--,--,--,--,--,--,--,--,--,--,--,--,--,--,--,--,--,55,44,--,--,--,--,--,--,--,--,--,--,--,--,--,--,--,--,--,--,--,--,--,--,--,--,--,--,--,--,--,--,--,--,--,--
2026/5/6 10:35,--,--,--,--,22.0,11.1,22.0,50,--,--,--,--,11.9,10.9,11.9,94,--,--,--,--,--,--,--,--,--,--,--,--,--,--,--,--,--,--,--,55,44,--,--,--,--,--,--,--,--,--,--,--,--,--,--,--,--,--,--,--,--,--,--,--,--,--,--,--,--,--,--,--,--,--,--
2026/5/6 10:50,--,--,--,--,22.1,11.2,22.1,50,--,--,--,--,11.7,10.6,11.7,93,--,--,--,--,--,--,--,--,--,--,--,--,--,--,--,--,--,--,--,55,44,--,--,--,--,--,--,--,--,--,--,--,--,--,--,--,--,--,--,--,--,--,--,--,--,--,--,--,--,--,--,--,--,--,--
2026/5/6 11:05,--,--,--,--,22.1,11.2,22.1,50,--,--,--,--,12.2,11.2,12.2,94,--,--,--,--,--,--,--,--,--,--,--,--,--,--,--,--,--,--,--,55,44,--,--,--,--,--,--,--,--,--,--,--,--,--,--,--,--,--,--,--,--,--,--,--,--,--,--,--,--,--,--,--,--,--,--
2026/5/6 11:20,--,--,--,--,22.1,11.2,22.1,50,--,--,--,--,12.4,11.3,12.4,93,--,--,--,--,--,--,--,--,--,--,--,--,--,--,--,--,--,--,--,55,44,--,--,--,--,--,--,--,--,--,--,--,--,--,--,--,--,--,--,--,--,--,--,--,--,--,--,--,--,--,--,--,--,--,--
2026/5/6 11:35,--,--,--,--,22.1,11.2,22.1,50,--,--,--,--,13.5,12.1,13.5,91,--,--,--,--,--,--,--,--,--,--,--,--,--,--,--,--,--,--,--,55,44,--,--,--,--,--,--,--,--,--,--,--,--,--,--,--,--,--,--,--,--,--,--,--,--,--,--,--,--,--,--,--,--,--,--
2026/5/6 11:50,--,--,--,--,22.2,11.3,22.2,50,--,--,--,--,14.3,12.5,14.3,89,--,--,--,--,--,--,--,--,--,--,--,--,--,--,--,--,--,--,--,55,44,--,--,--,--,--,--,--,--,--,--,--,--,--,--,--,--,--,--,--,--,--,--,--,--,--,--,--,--,--,--,--,--,--,--
2026/5/6 12:05,--,--,--,--,22.2,11.3,22.2,50,--,--,--,--,13.7,11.6,13.7,87,--,--,--,--,--,--,--,--,--,--,--,--,--,--,--,--,--,--,--,55,44,--,--,--,--,--,--,--,--,--,--,--,--,--,--,--,--,--,--,--,--,--,--,--,--,--,--,--,--,--,--,--,--,--,--
2026/5/6 12:20,--,--,--,--,22.2,11.3,22.2,50,--,--,--,--,12.9,10.9,12.9,88,--,--,--,--,--,--,--,--,--,--,--,--,--,--,--,--,--,--,--,55,44,--,--,--,--,--,--,--,--,--,--,--,--,--,--,--,--,--,--,--,--,--,--,--,--,--,--,--,--,--,--,--,--,--,--
2026/5/6 12:35,--,--,--,--,22.2,11.3,22.2,50,--,--,--,--,12.9,11.1,12.9,89,--,--,--,--,--,--,--,--,--,--,--,--,--,--,--,--,--,--,--,55,44,--,--,--,--,--,--,--,--,--,--,--,--,--,--,--,--,--,--,--,--,--,--,--,--,--,--,--,--,--,--,--,--,--,--
2026/5/6 12:50,--,--,--,--,22.2,11.3,22.2,50,--,--,--,--,13.7,11.7,13.7,88,--,--,--,--,--,--,--,--,--,--,--,--,--,--,--,--,--,--,--,55,44,--,--,--,--,--,--,--,--,--,--,--,--,--,--,--,--,--,--,--,--,--,--,--,--,--,--,--,--,--,--,--,--,--,--
2026/5/6 13:05,--,--,--,--,22.2,11.3,22.2,50,--,--,--,--,13.7,11.4,13.7,86,--,--,--,--,--,--,--,--,--,--,--,--,--,--,--,--,--,--,--,55,44,--,--,--,--,--,--,--,--,--,--,--,--,--,--,--,--,--,--,--,--,--,--,--,--,--,--,--,--,--,--,--,--,--,--
2026/5/6 13:20,--,--,--,--,22.2,11.3,22.2,50,--,--,--,--,13.8,11.5,13.8,86,--,--,--,--,--,--,--,--,--,--,--,--,--,--,--,--,--,--,--,55,44,--,--,--,--,--,--,--,--,--,--,--,--,--,--,--,--,--,--,--,--,--,--,--,--,--,--,--,--,--,--,--,--,--,--
2026/5/6 13:35,--,--,--,--,22.2,11.3,22.2,50,--,--,--,--,13.9,11.4,13.9,85,--,--,--,--,--,--,--,--,--,--,--,--,--,--,--,--,--,--,--,55,44,--,--,--,--,--,--,--,--,--,--,--,--,--,--,--,--,--,--,--,--,--,--,--,--,--,--,--,--,--,--,--,--,--,--
2026/5/6 13:50,--,--,--,--,22.2,11.3,22.2,50,--,--,--,--,13.1,10.8,13.1,86,--,--,--,--,--,--,--,--,--,--,--,--,--,--,--,--,--,--,--,55,44,--,--,--,--,--,--,--,--,--,--,--,--,--,--,--,--,--,--,--,--,--,--,--,--,--,--,--,--,--,--,--,--,--,--
2026/5/6 14:05,--,--,--,--,22.2,11.3,22.2,50,--,--,--,--,13.0,11.0,13.0,88,--,--,--,--,--,--,--,--,--,--,--,--,--,--,--,--,--,--,--,55,44,--,--,--,--,--,--,--,--,--,--,--,--,--,--,--,--,--,--,--,--,--,--,--,--,--,--,--,--,--,--,--,--,--,--
2026/5/6 14:20,--,--,--,--,22.2,11.3,22.2,50,--,--,--,--,13.4,11.4,13.4,88,--,--,--,--,--,--,--,--,--,--,--,--,--,--,--,--,--,--,--,55,44,--,--,--,--,--,--,--,--,--,--,--,--,--,--,--,--,--,--,--,--,--,--,--,--,--,--,--,--,--,--,--,--,--,--
2026/5/6 14:35,--,--,--,--,22.2,11.3,22.2,50,--,--,--,--,12.8,10.7,12.8,87,--,--,--,--,--,--,--,--,--,--,--,--,--,--,--,--,--,--,--,55,44,--,--,--,--,--,--,--,--,--,--,--,--,--,--,--,--,--,--,--,--,--,--,--,--,--,--,--,--,--,--,--,--,--,--
2026/5/6 14:50,--,--,--,--,22.3,11.4,22.3,50,--,--,--,--,12.4,10.4,12.4,88,--,--,--,--,--,--,--,--,--,--,--,--,--,--,--,--,--,--,--,55,44,--,--,--,--,--,--,--,--,--,--,--,--,--,--,--,--,--,--,--,--,--,--,--,--,--,--,--,--,--,--,--,--,--,--
2026/5/6 15:05,--,--,--,--,22.3,11.4,22.3,50,--,--,--,--,12.6,10.6,12.6,88,--,--,--,--,--,--,--,--,--,--,--,--,--,--,--,--,--,--,--,55,44,--,--,--,--,--,--,--,--,--,--,--,--,--,--,--,--,--,--,--,--,--,--,--,--,--,--,--,--,--,--,--,--,--,--
2026/5/6 15:20,--,--,--,--,22.3,11.4,22.3,50,--,--,--,--,13.7,11.7,13.7,88,--,--,--,--,--,--,--,--,--,--,--,--,--,--,--,--,--,--,--,55,44,--,--,--,--,--,--,--,--,--,--,--,--,--,--,--,--,--,--,--,--,--,--,--,--,--,--,--,--,--,--,--,--,--,--
2026/5/6 15:35,--,--,--,--,22.3,11.4,22.3,50,--,--,--,--,13.7,11.2,13.7,85,--,--,--,--,--,--,--,--,--,--,--,--,--,--,--,--,--,--,--,55,44,--,--,--,--,--,--,--,--,--,--,--,--,--,--,--,--,--,--,--,--,--,--,--,--,--,--,--,--,--,--,--,--,--,--
2026/5/6 15:50,--,--,--,--,22.3,11.4,22.3,50,--,--,--,--,13.2,10.9,13.2,86,--,--,--,--,--,--,--,--,--,--,--,--,--,--,--,--,--,--,--,55,44,--,--,--,--,--,--,--,--,--,--,--,--,--,--,--,--,--,--,--,--,--,--,--,--,--,--,--,--,--,--,--,--,--,--
2026/5/6 16:05,--,--,--,--,22.4,11.5,22.4,50,--,--,--,--,14.7,12.0,14.7,84,--,--,--,--,--,--,--,--,--,--,--,--,--,--,--,--,--,--,--,55,44,--,--,--,--,--,--,--,--,--,--,--,--,--,--,--,--,--,--,--,--,--,--,--,--,--,--,--,--,--,--,--,--,--,--
2026/5/6 16:20,--,--,--,--,22.4,11.5,22.4,50,--,--,--,--,13.4,10.7,13.4,84,--,--,--,--,--,--,--,--,--,--,--,--,--,--,--,--,--,--,--,55,44,--,--,--,--,--,--,--,--,--,--,--,--,--,--,--,--,--,--,--,--,--,--,--,--,--,--,--,--,--,--,--,--,--,--
2026/5/6 16:35,--,--,--,--,22.4,11.5,22.4,50,--,--,--,--,12.8,10.5,12.8,86,--,--,--,--,--,--,--,--,--,--,--,--,--,--,--,--,--,--,--,55,44,--,--,--,--,--,--,--,--,--,--,--,--,--,--,--,--,--,--,--,--,--,--,--,--,--,--,--,--,--,--,--,--,--,--
2026/5/6 16:50,--,--,--,--,22.4,11.5,22.4,50,--,--,--,--,12.8,10.5,12.8,86,--,--,--,--,--,--,--,--,--,--,--,--,--,--,--,--,--,--,--,55,44,--,--,--,--,--,--,--,--,--,--,--,--,--,--,--,--,--,--,--,--,--,--,--,--,--,--,--,--,--,--,--,--,--,--
2026/5/6 17:05,--,--,--,--,22.5,11.6,22.5,50,--,--,--,--,11.9,9.7,11.9,86,--,--,--,--,--,--,--,--,--,--,--,--,--,--,--,--,--,--,--,55,44,--,--,--,--,--,--,--,--,--,--,--,--,--,--,--,--,--,--,--,--,--,--,--,--,--,--,--,--,--,--,--,--,--,--
2026/5/6 17:20,--,--,--,--,22.5,11.3,22.5,49,--,--,--,--,11.6,9.6,11.6,88,--,--,--,--,--,--,--,--,--,--,--,--,--,--,--,--,--,--,--,55,44,--,--,--,--,--,--,--,--,--,--,--,--,--,--,--,--,--,--,--,--,--,--,--,--,--,--,--,--,--,--,--,--,--,--
2026/5/6 17:35,--,--,--,--,22.5,11.3,22.5,49,--,--,--,--,11.5,9.7,11.5,89,--,--,--,--,--,--,--,--,--,--,--,--,--,--,--,--,--,--,--,55,44,--,--,--,--,--,--,--,--,--,--,--,--,--,--,--,--,--,--,--,--,--,--,--,--,--,--,--,--,--,--,--,--,--,--
2026/5/6 17:50,--,--,--,--,22.5,11.3,22.5,49,--,--,--,--,11.3,9.5,11.3,89,--,--,--,--,--,--,--,--,--,--,--,--,--,--,--,--,--,--,--,55,44,--,--,--,--,--,--,--,--,--,--,--,--,--,--,--,--,--,--,--,--,--,--,--,--,--,--,--,--,--,--,--,--,--,--
2026/5/6 18:05,--,--,--,--,22.5,11.3,22.5,49,--,--,--,--,11.0,9.2,11.0,89,--,--,--,--,--,--,--,--,--,--,--,--,--,--,--,--,--,--,--,55,44,--,--,--,--,--,--,--,--,--,--,--,--,--,--,--,--,--,--,--,--,--,--,--,--,--,--,--,--,--,--,--,--,--,--
2026/5/6 18:20,--,--,--,--,22.6,11.4,22.6,49,--,--,--,--,10.7,9.1,10.7,90,--,--,--,--,--,--,--,--,--,--,--,--,--,--,--,--,--,--,--,55,44,--,--,--,--,--,--,--,--,--,--,--,--,--,--,--,--,--,--,--,--,--,--,--,--,--,--,--,--,--,--,--,--,--,--
2026/5/6 18:35,--,--,--,--,22.6,11.7,22.6,50,--,--,--,--,10.5,8.9,10.5,90,--,--,--,--,--,--,--,--,--,--,--,--,--,--,--,--,--,--,--,55,44,--,--,--,--,--,--,--,--,--,--,--,--,--,--,--,--,--,--,--,--,--,--,--,--,--,--,--,--,--,--,--,--,--,--
2026/5/6 18:50,--,--,--,--,22.6,11.4,22.6,49,--,--,--,--,10.5,8.9,10.5,90,--,--,--,--,--,--,--,--,--,--,--,--,--,--,--,--,--,--,--,55,44,--,--,--,--,--,--,--,--,--,--,--,--,--,--,--,--,--,--,--,--,--,--,--,--,--,--,--,--,--,--,--,--,--,--
2026/5/6 19:05,--,--,--,--,22.6,11.4,22.6,49,--,--,--,--,10.3,8.9,10.3,91,--,--,--,--,--,--,--,--,--,--,--,--,--,--,--,--,--,--,--,55,44,--,--,--,--,--,--,--,--,--,--,--,--,--,--,--,--,--,--,--,--,--,--,--,--,--,--,--,--,--,--,--,--,--,--
2026/5/6 19:20,--,--,--,--,22.7,11.5,22.7,49,--,--,--,--,10.1,8.7,10.1,91,--,--,--,--,--,--,--,--,--,--,--,--,--,--,--,--,--,--,--,55,44,--,--,--,--,--,--,--,--,--,--,--,--,--,--,--,--,--,--,--,--,--,--,--,--,--,--,--,--,--,--,--,--,--,--
2026/5/6 19:35,--,--,--,--,22.7,11.8,22.7,50,--,--,--,--,9.9,8.7,9.9,92,--,--,--,--,--,--,--,--,--,--,--,--,--,--,--,--,--,--,--,55,44,--,--,--,--,--,--,--,--,--,--,--,--,--,--,--,--,--,--,--,--,--,--,--,--,--,--,--,--,--,--,--,--,--,--
2026/5/6 19:50,--,--,--,--,22.7,11.8,22.7,50,--,--,--,--,9.8,8.6,9.8,92,--,--,--,--,--,--,--,--,--,--,--,--,--,--,--,--,--,--,--,55,44,--,--,--,--,--,--,--,--,--,--,--,--,--,--,--,--,--,--,--,--,--,--,--,--,--,--,--,--,--,--,--,--,--,--
2026/5/6 20:05,--,--,--,--,22.7,11.8,22.7,50,--,--,--,--,9.7,8.6,9.7,93,--,--,--,--,--,--,--,--,--,--,--,--,--,--,--,--,--,--,--,55,44,--,--,--,--,--,--,--,--,--,--,--,--,--,--,--,--,--,--,--,--,--,--,--,--,--,--,--,--,--,--,--,--,--,--
2026/5/6 20:20,--,--,--,--,22.7,11.8,22.7,50,--,--,--,--,9.4,8.3,9.4,93,--,--,--,--,--,--,--,--,--,--,--,--,--,--,--,--,--,--,--,55,44,--,--,--,--,--,--,--,--,--,--,--,--,--,--,--,--,--,--,--,--,--,--,--,--,--,--,--,--,--,--,--,--,--,--
2026/5/6 20:35,--,--,--,--,22.8,11.9,22.8,50,--,--,--,--,9.2,8.1,9.2,93,--,--,--,--,--,--,--,--,--,--,--,--,--,--,--,--,--,--,--,55,44,--,--,--,--,--,--,--,--,--,--,--,--,--,--,--,--,--,--,--,--,--,--,--,--,--,--,--,--,--,--,--,--,--,--
2026/5/6 20:50,--,--,--,--,22.8,11.9,22.8,50,--,--,--,--,9.1,8.1,9.1,94,--,--,--,--,--,--,--,--,--,--,--,--,--,--,--,--,--,--,--,55,44,--,--,--,--,--,--,--,--,--,--,--,--,--,--,--,--,--,--,--,--,--,--,--,--,--,--,--,--,--,--,--,--,--,--
2026/5/6 21:05,--,--,--,--,22.8,11.6,22.8,49,--,--,--,--,9.0,8.0,9.0,94,--,--,--,--,--,--,--,--,--,--,--,--,--,--,--,--,--,--,--,55,44,--,--,--,--,--,--,--,--,--,--,--,--,--,--,--,--,--,--,--,--,--,--,--,--,--,--,--,--,--,--,--,--,--,--
2026/5/6 21:20,--,--,--,--,22.7,11.5,22.7,49,--,--,--,--,9.0,8.0,9.0,94,--,--,--,--,--,--,--,--,--,--,--,--,--,--,--,--,--,--,--,55,44,--,--,--,--,--,--,--,--,--,--,--,--,--,--,--,--,--,--,--,--,--,--,--,--,--,--,--,--,--,--,--,--,--,--
2026/5/6 21:35,--,--,--,--,22.6,11.4,22.6,49,--,--,--,--,9.0,8.2,9.0,95,--,--,--,--,--,--,--,--,--,--,--,--,--,--,--,--,--,--,--,55,44,--,--,--,--,--,--,--,--,--,--,--,--,--,--,--,--,--,--,--,--,--,--,--,--,--,--,--,--,--,--,--,--,--,--
2026/5/6 21:50,--,--,--,--,22.6,11.4,22.6,49,--,--,--,--,8.9,8.1,8.9,95,--,--,--,--,--,--,--,--,--,--,--,--,--,--,--,--,--,--,--,55,44,--,--,--,--,--,--,--,--,--,--,--,--,--,--,--,--,--,--,--,--,--,--,--,--,--,--,--,--,--,--,--,--,--,--
2026/5/6 22:05,--,--,--,--,22.6,11.1,22.6,48,--,--,--,--,8.9,8.1,8.9,95,--,--,--,--,--,--,--,--,--,--,--,--,--,--,--,--,--,--,--,55,44,--,--,--,--,--,--,--,--,--,--,--,--,--,--,--,--,--,--,--,--,--,--,--,--,--,--,--,--,--,--,--,--,--,--
2026/5/6 22:20,--,--,--,--,22.5,11.0,22.5,48,--,--,--,--,8.9,8.1,8.9,95,--,--,--,--,--,--,--,--,--,--,--,--,--,--,--,--,--,--,--,55,44,--,--,--,--,--,--,--,--,--,--,--,--,--,--,--,--,--,--,--,--,--,--,--,--,--,--,--,--,--,--,--,--,--,--
2026/5/6 22:35,--,--,--,--,22.5,11.0,22.5,48,--,--,--,--,9.0,8.2,9.0,95,--,--,--,--,--,--,--,--,--,--,--,--,--,--,--,--,--,--,--,55,44,--,--,--,--,--,--,--,--,--,--,--,--,--,--,--,--,--,--,--,--,--,--,--,--,--,--,--,--,--,--,--,--,--,--
2026/5/6 22:50,--,--,--,--,22.5,11.0,22.5,48,--,--,--,--,9.0,8.2,9.0,95,--,--,--,--,--,--,--,--,--,--,--,--,--,--,--,--,--,--,--,55,44,--,--,--,--,--,--,--,--,--,--,--,--,--,--,--,--,--,--,--,--,--,--,--,--,--,--,--,--,--,--,--,--,--,--
2026/5/6 23:05,--,--,--,--,22.4,10.9,22.4,48,--,--,--,--,8.8,8.3,8.8,96,--,--,--,--,--,--,--,--,--,--,--,--,--,--,--,--,--,--,--,55,44,--,--,--,--,--,--,--,--,--,--,--,--,--,--,--,--,--,--,--,--,--,--,--,--,--,--,--,--,--,--,--,--,--,--
2026/5/6 23:20,--,--,--,--,22.4,10.9,22.4,48,--,--,--,--,8.8,8.3,8.8,96,--,--,--,--,--,--,--,--,--,--,--,--,--,--,--,--,--,--,--,55,44,--,--,--,--,--,--,--,--,--,--,--,--,--,--,--,--,--,--,--,--,--,--,--,--,--,--,--,--,--,--,--,--,--,--
2026/5/6 23:35,--,--,--,--,22.4,10.9,22.4,48,--,--,--,--,8.9,8.4,8.9,96,--,--,--,--,--,--,--,--,--,--,--,--,--,--,--,--,--,--,--,55,44,--,--,--,--,--,--,--,--,--,--,--,--,--,--,--,--,--,--,--,--,--,--,--,--,--,--,--,--,--,--,--,--,--,--
2026/5/6 23:50,--,--,--,--,22.3,10.8,22.3,48,--,--,--,--,8.7,8.2,8.7,96,--,--,--,--,--,--,--,--,--,--,--,--,--,--,--,--,--,--,--,55,44,--,--,--,--,--,--,--,--,--,--,--,--,--,--,--,--,--,--,--,--,--,--,--,--,--,--,--,--,--,--,--,--,--,--
2026/5/6 23:59,--,--,--,--,22.3,10.8,22.3,48,--,--,--,--,8.7,8.2,8.7,96,--,--,--,--,--,--,--,--,--,--,--,--,--,--,--,--,--,--,--,55,44,--,--,--,--,--,--,--,--,--,--,--,--,--,--,--,--,--,--,--,--,--,--,--,--,--,--,--,--,--,--,--,--,--,--
2026/5/7 0:00,--,--,--,--,22.3,10.8,22.3,48,--,--,--,--,8.7,8.2,8.7,96,--,--,--,--,--,--,--,--,--,--,--,--,--,--,--,--,--,--,--,55,44,--,--,--,--,--,--,--,--,--,--,--,--,--,--,--,--,--,--,--,--,--,--,--,--,--,--,--,--,--,--,--,--,--,--
2026/5/7 0:05,--,--,--,--,22.3,10.8,22.3,48,--,--,--,--,8.6,8.1,8.6,96,--,--,--,--,--,--,--,--,--,--,--,--,--,--,--,--,--,--,--,55,44,--,--,--,--,--,--,--,--,--,--,--,--,--,--,--,--,--,--,--,--,--,--,--,--,--,--,--,--,--,--,--,--,--,--
2026/5/7 0:20,--,--,--,--,22.3,10.8,22.3,48,--,--,--,--,8.4,7.9,8.4,96,--,--,--,--,--,--,--,--,--,--,--,--,--,--,--,--,--,--,--,55,44,--,--,--,--,--,--,--,--,--,--,--,--,--,--,--,--,--,--,--,--,--,--,--,--,--,--,--,--,--,--,--,--,--,--
2026/5/7 0:35,--,--,--,--,22.3,10.8,22.3,48,--,--,--,--,8.4,7.9,8.4,96,--,--,--,--,--,--,--,--,--,--,--,--,--,--,--,--,--,--,--,55,44,--,--,--,--,--,--,--,--,--,--,--,--,--,--,--,--,--,--,--,--,--,--,--,--,--,--,--,--,--,--,--,--,--,--
2026/5/7 0:50,--,--,--,--,22.2,10.4,22.2,47,--,--,--,--,8.5,8.0,8.5,96,--,--,--,--,--,--,--,--,--,--,--,--,--,--,--,--,--,--,--,55,44,--,--,--,--,--,--,--,--,--,--,--,--,--,--,--,--,--,--,--,--,--,--,--,--,--,--,--,--,--,--,--,--,--,--
2026/5/7 1:05,--,--,--,--,22.2,10.4,22.2,47,--,--,--,--,8.5,8.0,8.5,96,--,--,--,--,--,--,--,--,--,--,--,--,--,--,--,--,--,--,--,55,44,--,--,--,--,--,--,--,--,--,--,--,--,--,--,--,--,--,--,--,--,--,--,--,--,--,--,--,--,--,--,--,--,--,--
2026/5/7 1:20,--,--,--,--,22.2,10.4,22.2,47,--,--,--,--,8.4,7.9,8.4,96,--,--,--,--,--,--,--,--,--,--,--,--,--,--,--,--,--,--,--,55,44,--,--,--,--,--,--,--,--,--,--,--,--,--,--,--,--,--,--,--,--,--,--,--,--,--,--,--,--,--,--,--,--,--,--
2026/5/7 1:35,--,--,--,--,22.2,10.4,22.2,47,--,--,--,--,8.4,7.9,8.4,96,--,--,--,--,--,--,--,--,--,--,--,--,--,--,--,--,--,--,--,55,44,--,--,--,--,--,--,--,--,--,--,--,--,--,--,--,--,--,--,--,--,--,--,--,--,--,--,--,--,--,--,--,--,--,--
2026/5/7 1:50,--,--,--,--,22.2,10.4,22.2,47,--,--,--,--,8.3,7.8,8.3,96,--,--,--,--,--,--,--,--,--,--,--,--,--,--,--,--,--,--,--,55,44,--,--,--,--,--,--,--,--,--,--,--,--,--,--,--,--,--,--,--,--,--,--,--,--,--,--,--,--,--,--,--,--,--,--
2026/5/7 2:05,--,--,--,--,22.2,10.4,22.2,47,--,--,--,--,8.3,7.8,8.3,96,--,--,--,--,--,--,--,--,--,--,--,--,--,--,--,--,--,--,--,55,44,--,--,--,--,--,--,--,--,--,--,--,--,--,--,--,--,--,--,--,--,--,--,--,--,--,--,--,--,--,--,--,--,--,--
2026/5/7 2:20,--,--,--,--,22.1,10.3,22.1,47,--,--,--,--,8.3,7.5,8.3,95,--,--,--,--,--,--,--,--,--,--,--,--,--,--,--,--,--,--,--,55,44,--,--,--,--,--,--,--,--,--,--,--,--,--,--,--,--,--,--,--,--,--,--,--,--,--,--,--,--,--,--,--,--,--,--
2026/5/7 2:35,--,--,--,--,22.1,10.3,22.1,47,--,--,--,--,8.3,7.5,8.3,95,--,--,--,--,--,--,--,--,--,--,--,--,--,--,--,--,--,--,--,55,44,--,--,--,--,--,--,--,--,--,--,--,--,--,--,--,--,--,--,--,--,--,--,--,--,--,--,--,--,--,--,--,--,--,--
2026/5/7 2:50,--,--,--,--,22.1,10.3,22.1,47,--,--,--,--,8.3,7.8,8.3,96,--,--,--,--,--,--,--,--,--,--,--,--,--,--,--,--,--,--,--,55,44,--,--,--,--,--,--,--,--,--,--,--,--,--,--,--,--,--,--,--,--,--,--,--,--,--,--,--,--,--,--,--,--,--,--
2026/5/7 3:05,--,--,--,--,22.1,10.3,22.1,47,--,--,--,--,8.3,7.8,8.3,96,--,--,--,--,--,--,--,--,--,--,--,--,--,--,--,--,--,--,--,55,44,--,--,--,--,--,--,--,--,--,--,--,--,--,--,--,--,--,--,--,--,--,--,--,--,--,--,--,--,--,--,--,--,--,--
2026/5/7 3:20,--,--,--,--,22.1,10.3,22.1,47,--,--,--,--,8.3,7.8,8.3,96,--,--,--,--,--,--,--,--,--,--,--,--,--,--,--,--,--,--,--,55,44,--,--,--,--,--,--,--,--,--,--,--,--,--,--,--,--,--,--,--,--,--,--,--,--,--,--,--,--,--,--,--,--,--,--
2026/5/7 3:35,--,--,--,--,22.0,10.2,22.0,47,--,--,--,--,8.3,7.5,8.3,95,--,--,--,--,--,--,--,--,--,--,--,--,--,--,--,--,--,--,--,55,44,--,--,--,--,--,--,--,--,--,--,--,--,--,--,--,--,--,--,--,--,--,--,--,--,--,--,--,--,--,--,--,--,--,--
2026/5/7 3:50,--,--,--,--,22.0,10.2,22.0,47,--,--,--,--,8.3,7.8,8.3,96,--,--,--,--,--,--,--,--,--,--,--,--,--,--,--,--,--,--,--,55,44,--,--,--,--,--,--,--,--,--,--,--,--,--,--,--,--,--,--,--,--,--,--,--,--,--,--,--,--,--,--,--,--,--,--
2026/5/7 4:05,--,--,--,--,22.0,10.2,22.0,47,--,--,--,--,8.2,7.4,8.2,95,--,--,--,--,--,--,--,--,--,--,--,--,--,--,--,--,--,--,--,55,44,--,--,--,--,--,--,--,--,--,--,--,--,--,--,--,--,--,--,--,--,--,--,--,--,--,--,--,--,--,--,--,--,--,--
2026/5/7 4:20,--,--,--,--,21.9,10.1,21.9,47,--,--,--,--,8.2,7.4,8.2,95,--,--,--,--,--,--,--,--,--,--,--,--,--,--,--,--,--,--,--,55,44,--,--,--,--,--,--,--,--,--,--,--,--,--,--,--,--,--,--,--,--,--,--,--,--,--,--,--,--,--,--,--,--,--,--
2026/5/7 4:35,--,--,--,--,21.9,10.1,21.9,47,--,--,--,--,8.3,7.5,8.3,95,--,--,--,--,--,--,--,--,--,--,--,--,--,--,--,--,--,--,--,55,44,--,--,--,--,--,--,--,--,--,--,--,--,--,--,--,--,--,--,--,--,--,--,--,--,--,--,--,--,--,--,--,--,--,--
2026/5/7 4:50,--,--,--,--,21.9,9.8,21.9,46,--,--,--,--,8.3,7.5,8.3,95,--,--,--,--,--,--,--,--,--,--,--,--,--,--,--,--,--,--,--,55,44,--,--,--,--,--,--,--,--,--,--,--,--,--,--,--,--,--,--,--,--,--,--,--,--,--,--,--,--,--,--,--,--,--,--
2026/5/7 5:05,--,--,--,--,21.9,9.8,21.9,46,--,--,--,--,8.3,7.8,8.3,96,--,--,--,--,--,--,--,--,--,--,--,--,--,--,--,--,--,--,--,55,44,--,--,--,--,--,--,--,--,--,--,--,--,--,--,--,--,--,--,--,--,--,--,--,--,--,--,--,--,--,--,--,--,--,--
2026/5/7 5:20,--,--,--,--,21.9,9.8,21.9,46,--,--,--,--,8.2,7.7,8.2,96,--,--,--,--,--,--,--,--,--,--,--,--,--,--,--,--,--,--,--,55,44,--,--,--,--,--,--,--,--,--,--,--,--,--,--,--,--,--,--,--,--,--,--,--,--,--,--,--,--,--,--,--,--,--,--
2026/5/7 5:35,--,--,--,--,21.9,10.1,21.9,47,--,--,--,--,8.3,7.8,8.3,96,--,--,--,--,--,--,--,--,--,--,--,--,--,--,--,--,--,--,--,55,44,--,--,--,--,--,--,--,--,--,--,--,--,--,--,--,--,--,--,--,--,--,--,--,--,--,--,--,--,--,--,--,--,--,--
2026/5/7 5:50,--,--,--,--,22.0,10.2,22.0,47,--,--,--,--,8.3,7.8,8.3,96,--,--,--,--,--,--,--,--,--,--,--,--,--,--,--,--,--,--,--,55,44,--,--,--,--,--,--,--,--,--,--,--,--,--,--,--,--,--,--,--,--,--,--,--,--,--,--,--,--,--,--,--,--,--,--
2026/5/7 6:05,--,--,--,--,22.0,10.5,22.0,48,--,--,--,--,8.3,7.8,8.3,96,--,--,--,--,--,--,--,--,--,--,--,--,--,--,--,--,--,--,--,55,44,--,--,--,--,--,--,--,--,--,--,--,--,--,--,--,--,--,--,--,--,--,--,--,--,--,--,--,--,--,--,--,--,--,--
2026/5/7 6:20,--,--,--,--,22.1,10.6,22.1,48,--,--,--,--,8.3,7.8,8.3,96,--,--,--,--,--,--,--,--,--,--,--,--,--,--,--,--,--,--,--,55,44,--,--,--,--,--,--,--,--,--,--,--,--,--,--,--,--,--,--,--,--,--,--,--,--,--,--,--,--,--,--,--,--,--,--
2026/5/7 6:35,--,--,--,--,22.1,10.3,22.1,47,--,--,--,--,8.4,7.9,8.4,96,--,--,--,--,--,--,--,--,--,--,--,--,--,--,--,--,--,--,--,55,44,--,--,--,--,--,--,--,--,--,--,--,--,--,--,--,--,--,--,--,--,--,--,--,--,--,--,--,--,--,--,--,--,--,--
2026/5/7 6:50,--,--,--,--,22.1,10.6,22.1,48,--,--,--,--,8.5,8.0,8.5,96,--,--,--,--,--,--,--,--,--,--,--,--,--,--,--,--,--,--,--,55,44,--,--,--,--,--,--,--,--,--,--,--,--,--,--,--,--,--,--,--,--,--,--,--,--,--,--,--,--,--,--,--,--,--,--
2026/5/7 7:05,--,--,--,--,22.1,10.6,22.1,48,--,--,--,--,8.7,8.2,8.7,96,--,--,--,--,--,--,--,--,--,--,--,--,--,--,--,--,--,--,--,55,44,--,--,--,--,--,--,--,--,--,--,--,--,--,--,--,--,--,--,--,--,--,--,--,--,--,--,--,--,--,--,--,--,--,--
2026/5/7 7:20,--,--,--,--,22.1,10.3,22.1,47,--,--,--,--,9.2,8.7,9.2,96,--,--,--,--,--,--,--,--,--,--,--,--,--,--,--,--,--,--,--,55,44,--,--,--,--,--,--,--,--,--,--,--,--,--,--,--,--,--,--,--,--,--,--,--,--,--,--,--,--,--,--,--,--,--,--
2026/5/7 7:35,--,--,--,--,22.1,10.3,22.1,47,--,--,--,--,9.9,9.1,9.9,95,--,--,--,--,--,--,--,--,--,--,--,--,--,--,--,--,--,--,--,55,44,--,--,--,--,--,--,--,--,--,--,--,--,--,--,--,--,--,--,--,--,--,--,--,--,--,--,--,--,--,--,--,--,--,--
2026/5/7 7:50,--,--,--,--,22.1,10.3,22.1,47,--,--,--,--,10.6,9.6,10.6,94,--,--,--,--,--,--,--,--,--,--,--,--,--,--,--,--,--,--,--,55,44,--,--,--,--,--,--,--,--,--,--,--,--,--,--,--,--,--,--,--,--,--,--,--,--,--,--,--,--,--,--,--,--,--,--
2026/5/7 8:05,--,--,--,--,22.2,10.4,22.2,47,--,--,--,--,11.7,10.6,11.7,93,--,--,--,--,--,--,--,--,--,--,--,--,--,--,--,--,--,--,--,55,44,--,--,--,--,--,--,--,--,--,--,--,--,--,--,--,--,--,--,--,--,--,--,--,--,--,--,--,--,--,--,--,--,--,--
2026/5/7 8:20,--,--,--,--,22.2,10.4,22.2,47,--,--,--,--,12.4,10.8,12.4,90,--,--,--,--,--,--,--,--,--,--,--,--,--,--,--,--,--,--,--,55,44,--,--,--,--,--,--,--,--,--,--,--,--,--,--,--,--,--,--,--,--,--,--,--,--,--,--,--,--,--,--,--,--,--,--
2026/5/7 8:35,--,--,--,--,22.3,10.4,22.3,47,--,--,--,--,12.7,10.9,12.7,89,--,--,--,--,--,--,--,--,--,--,--,--,--,--,--,--,--,--,--,55,44,--,--,--,--,--,--,--,--,--,--,--,--,--,--,--,--,--,--,--,--,--,--,--,--,--,--,--,--,--,--,--,--,--,--
2026/5/7 8:50,--,--,--,--,22.3,10.4,22.3,47,--,--,--,--,12.8,10.8,12.8,88,--,--,--,--,--,--,--,--,--,--,--,--,--,--,--,--,--,--,--,55,44,--,--,--,--,--,--,--,--,--,--,--,--,--,--,--,--,--,--,--,--,--,--,--,--,--,--,--,--,--,--,--,--,--,--
2026/5/7 9:05,--,--,--,--,22.3,10.4,22.3,47,--,--,--,--,13.1,11.0,13.1,87,--,--,--,--,--,--,--,--,--,--,--,--,--,--,--,--,--,--,--,55,44,--,--,--,--,--,--,--,--,--,--,--,--,--,--,--,--,--,--,--,--,--,--,--,--,--,--,--,--,--,--,--,--,--,--
2026/5/7 9:20,--,--,--,--,22.4,10.5,22.4,47,--,--,--,--,13.9,11.6,13.9,86,--,--,--,--,--,--,--,--,--,--,--,--,--,--,--,--,--,--,--,55,44,--,--,--,--,--,--,--,--,--,--,--,--,--,--,--,--,--,--,--,--,--,--,--,--,--,--,--,--,--,--,--,--,--,--
2026/5/7 9:35,--,--,--,--,22.4,10.5,22.4,47,--,--,--,--,15.4,12.7,15.4,84,--,--,--,--,--,--,--,--,--,--,--,--,--,--,--,--,--,--,--,55,44,--,--,--,--,--,--,--,--,--,--,--,--,--,--,--,--,--,--,--,--,--,--,--,--,--,--,--,--,--,--,--,--,--,--
2026/5/7 9:50,--,--,--,--,22.5,10.6,22.5,47,--,--,--,--,16.7,12.9,16.7,78,--,--,--,--,--,--,--,--,--,--,--,--,--,--,--,--,--,--,--,55,44,--,--,--,--,--,--,--,--,--,--,--,--,--,--,--,--,--,--,--,--,--,--,--,--,--,--,--,--,--,--,--,--,--,--
2026/5/7 10:05,--,--,--,--,22.5,10.6,22.5,47,--,--,--,--,17.9,13.2,17.9,74,--,--,--,--,--,--,--,--,--,--,--,--,--,--,--,--,--,--,--,55,44,--,--,--,--,--,--,--,--,--,--,--,--,--,--,--,--,--,--,--,--,--,--,--,--,--,--,--,--,--,--,--,--,--,--
2026/5/7 10:20,--,--,--,--,22.5,10.6,22.5,47,--,--,--,--,18.0,13.3,18.0,74,--,--,--,--,--,--,--,--,--,--,--,--,--,--,--,--,--,--,--,55,44,--,--,--,--,--,--,--,--,--,--,--,--,--,--,--,--,--,--,--,--,--,--,--,--,--,--,--,--,--,--,--,--,--,--
2026/5/7 10:35,--,--,--,--,22.6,10.7,22.6,47,--,--,--,--,19.7,14.5,19.7,72,--,--,--,--,--,--,--,--,--,--,--,--,--,--,--,--,--,--,--,55,44,--,--,--,--,--,--,--,--,--,--,--,--,--,--,--,--,--,--,--,--,--,--,--,--,--,--,--,--,--,--,--,--,--,--
2026/5/7 10:50,--,--,--,--,22.6,10.7,22.6,47,--,--,--,--,20.0,14.4,20.0,70,--,--,--,--,--,--,--,--,--,--,--,--,--,--,--,--,--,--,--,55,44,--,--,--,--,--,--,--,--,--,--,--,--,--,--,--,--,--,--,--,--,--,--,--,--,--,--,--,--,--,--,--,--,--,--
2026/5/7 11:05,--,--,--,--,22.7,10.8,22.7,47,--,--,--,--,22.9,15.0,22.9,61,--,--,--,--,--,--,--,--,--,--,--,--,--,--,--,--,--,--,--,55,44,--,--,--,--,--,--,--,--,--,--,--,--,--,--,--,--,--,--,--,--,--,--,--,--,--,--,--,--,--,--,--,--,--,--
2026/5/7 11:20,--,--,--,--,22.7,10.8,22.7,47,--,--,--,--,20.8,13.0,20.8,61,--,--,--,--,--,--,--,--,--,--,--,--,--,--,--,--,--,--,--,55,44,--,--,--,--,--,--,--,--,--,--,--,--,--,--,--,--,--,--,--,--,--,--,--,--,--,--,--,--,--,--,--,--,--,--
2026/5/7 11:35,--,--,--,--,22.7,10.8,22.7,47,--,--,--,--,20.5,13.7,20.5,65,--,--,--,--,--,--,--,--,--,--,--,--,--,--,--,--,--,--,--,55,44,--,--,--,--,--,--,--,--,--,--,--,--,--,--,--,--,--,--,--,--,--,--,--,--,--,--,--,--,--,--,--,--,--,--
2026/5/7 11:50,--,--,--,--,22.7,10.8,22.7,47,--,--,--,--,23.4,14.4,23.4,57,--,--,--,--,--,--,--,--,--,--,--,--,--,--,--,--,--,--,--,55,44,--,--,--,--,--,--,--,--,--,--,--,--,--,--,--,--,--,--,--,--,--,--,--,--,--,--,--,--,--,--,--,--,--,--
2026/5/7 12:05,--,--,--,--,22.8,11.6,22.8,49,--,--,--,--,20.9,12.3,20.9,58,--,--,--,--,--,--,--,--,--,--,--,--,--,--,--,--,--,--,--,55,44,--,--,--,--,--,--,--,--,--,--,--,--,--,--,--,--,--,--,--,--,--,--,--,--,--,--,--,--,--,--,--,--,--,--
2026/5/7 12:20,--,--,--,--,22.9,11.3,22.9,48,--,--,--,--,20.7,12.1,20.7,58,--,--,--,--,--,--,--,--,--,--,--,--,--,--,--,--,--,--,--,55,44,--,--,--,--,--,--,--,--,--,--,--,--,--,--,--,--,--,--,--,--,--,--,--,--,--,--,--,--,--,--,--,--,--,--
2026/5/7 12:35,--,--,--,--,22.9,11.3,22.9,48,--,--,--,--,26.1,15.2,26.1,51,--,--,--,--,--,--,--,--,--,--,--,--,--,--,--,--,--,--,--,55,44,--,--,--,--,--,--,--,--,--,--,--,--,--,--,--,--,--,--,--,--,--,--,--,--,--,--,--,--,--,--,--,--,--,--
2026/5/7 12:50,--,--,--,--,23.0,11.4,23.0,48,--,--,--,--,28.1,15.7,28.3,47,--,--,--,--,--,--,--,--,--,--,--,--,--,--,--,--,--,--,--,55,44,--,--,--,--,--,--,--,--,--,--,--,--,--,--,--,--,--,--,--,--,--,--,--,--,--,--,--,--,--,--,--,--,--,--
2026/5/7 13:05,--,--,--,--,22.8,10.3,22.8,45,--,--,--,--,28.2,14.8,28.2,44,--,--,--,--,--,--,--,--,--,--,--,--,--,--,--,--,--,--,--,55,44,--,--,--,--,--,--,--,--,--,--,--,--,--,--,--,--,--,--,--,--,--,--,--,--,--,--,--,--,--,--,--,--,--,--
2026/5/7 13:20,--,--,--,--,22.6,9.8,22.6,44,--,--,--,--,24.7,13.3,24.7,49,--,--,--,--,--,--,--,--,--,--,--,--,--,--,--,--,--,--,--,55,44,--,--,--,--,--,--,--,--,--,--,--,--,--,--,--,--,--,--,--,--,--,--,--,--,--,--,--,--,--,--,--,--,--,--
2026/5/7 13:35,--,--,--,--,22.5,9.3,22.5,43,--,--,--,--,26.9,14.0,27.0,45,--,--,--,--,--,--,--,--,--,--,--,--,--,--,--,--,--,--,--,55,44,--,--,--,--,--,--,--,--,--,--,--,--,--,--,--,--,--,--,--,--,--,--,--,--,--,--,--,--,--,--,--,--,--,--
2026/5/7 13:50,--,--,--,--,22.4,9.2,22.4,43,--,--,--,--,28.4,13.9,28.1,41,--,--,--,--,--,--,--,--,--,--,--,--,--,--,--,--,--,--,--,55,44,--,--,--,--,--,--,--,--,--,--,--,--,--,--,--,--,--,--,--,--,--,--,--,--,--,--,--,--,--,--,--,--,--,--
2026/5/7 14:05,--,--,--,--,22.3,8.8,22.3,42,--,--,--,--,26.6,12.3,26.6,41,--,--,--,--,--,--,--,--,--,--,--,--,--,--,--,--,--,--,--,55,44,--,--,--,--,--,--,--,--,--,--,--,--,--,--,--,--,--,--,--,--,--,--,--,--,--,--,--,--,--,--,--,--,--,--
2026/5/7 14:20,--,--,--,--,22.3,8.8,22.3,42,--,--,--,--,29.4,15.2,29.2,42,--,--,--,--,--,--,--,--,--,--,--,--,--,--,--,--,--,--,--,55,44,--,--,--,--,--,--,--,--,--,--,--,--,--,--,--,--,--,--,--,--,--,--,--,--,--,--,--,--,--,--,--,--,--,--
2026/5/7 14:35,--,--,--,--,22.3,8.8,22.3,42,--,--,--,--,34.6,20.2,37.4,43,--,--,--,--,--,--,--,--,--,--,--,--,--,--,--,--,--,--,--,55,44,--,--,--,--,--,--,--,--,--,--,--,--,--,--,--,--,--,--,--,--,--,--,--,--,--,--,--,--,--,--,--,--,--,--
2026/5/7 14:50,--,--,--,--,22.3,8.8,22.3,42,--,--,--,--,27.9,13.5,27.6,41,--,--,--,--,--,--,--,--,--,--,--,--,--,--,--,--,--,--,--,55,44,--,--,--,--,--,--,--,--,--,--,--,--,--,--,--,--,--,--,--,--,--,--,--,--,--,--,--,--,--,--,--,--,--,--
2026/5/7 15:05,--,--,--,--,22.4,9.2,22.4,43,--,--,--,--,26.4,14.2,26.4,47,--,--,--,--,--,--,--,--,--,--,--,--,--,--,--,--,--,--,--,55,44,--,--,--,--,--,--,--,--,--,--,--,--,--,--,--,--,--,--,--,--,--,--,--,--,--,--,--,--,--,--,--,--,--,--
2026/5/7 15:20,--,--,--,--,22.5,9.7,22.5,44,--,--,--,--,25.2,10.7,25.2,40,--,--,--,--,--,--,--,--,--,--,--,--,--,--,--,--,--,--,--,55,44,--,--,--,--,--,--,--,--,--,--,--,--,--,--,--,--,--,--,--,--,--,--,--,--,--,--,--,--,--,--,--,--,--,--
2026/5/7 15:35,--,--,--,--,22.6,9.8,22.6,44,--,--,--,--,21.4,10.9,21.4,51,--,--,--,--,--,--,--,--,--,--,--,--,--,--,--,--,--,--,--,55,44,--,--,--,--,--,--,--,--,--,--,--,--,--,--,--,--,--,--,--,--,--,--,--,--,--,--,--,--,--,--,--,--,--,--
2026/5/7 15:50,--,--,--,--,22.4,9.2,22.4,43,--,--,--,--,21.7,11.4,21.7,52,--,--,--,--,--,--,--,--,--,--,--,--,--,--,--,--,--,--,--,55,44,--,--,--,--,--,--,--,--,--,--,--,--,--,--,--,--,--,--,--,--,--,--,--,--,--,--,--,--,--,--,--,--,--,--
2026/5/7 16:05,--,--,--,--,22.5,9.3,22.5,43,--,--,--,--,27.4,14.5,27.4,45,--,--,--,--,--,--,--,--,--,--,--,--,--,--,--,--,--,--,--,55,44,--,--,--,--,--,--,--,--,--,--,--,--,--,--,--,--,--,--,--,--,--,--,--,--,--,--,--,--,--,--,--,--,--,--
2026/5/7 16:20,--,--,--,--,22.5,9.7,22.5,44,--,--,--,--,23.1,11.2,23.1,47,--,--,--,--,--,--,--,--,--,--,--,--,--,--,--,--,--,--,--,55,44,--,--,--,--,--,--,--,--,--,--,--,--,--,--,--,--,--,--,--,--,--,--,--,--,--,--,--,--,--,--,--,--,--,--
2026/5/7 16:35,--,--,--,--,22.6,9.8,22.6,44,--,--,--,--,22.4,10.2,22.4,46,--,--,--,--,--,--,--,--,--,--,--,--,--,--,--,--,--,--,--,55,44,--,--,--,--,--,--,--,--,--,--,--,--,--,--,--,--,--,--,--,--,--,--,--,--,--,--,--,--,--,--,--,--,--,--
2026/5/7 16:50,--,--,--,--,22.6,10.1,22.6,45,--,--,--,--,20.7,10.5,20.7,52,--,--,--,--,--,--,--,--,--,--,--,--,--,--,--,--,--,--,--,55,44,--,--,--,--,--,--,--,--,--,--,--,--,--,--,--,--,--,--,--,--,--,--,--,--,--,--,--,--,--,--,--,--,--,--
2026/5/7 17:05,--,--,--,--,22.6,10.1,22.6,45,--,--,--,--,20.7,9.9,20.7,50,--,--,--,--,--,--,--,--,--,--,--,--,--,--,--,--,--,--,--,55,44,--,--,--,--,--,--,--,--,--,--,--,--,--,--,--,--,--,--,--,--,--,--,--,--,--,--,--,--,--,--,--,--,--,--
2026/5/7 17:20,--,--,--,--,22.7,10.2,22.7,45,--,--,--,--,20.5,10.0,20.5,51,--,--,--,--,--,--,--,--,--,--,--,--,--,--,--,--,--,--,--,55,44,--,--,--,--,--,--,--,--,--,--,--,--,--,--,--,--,--,--,--,--,--,--,--,--,--,--,--,--,--,--,--,--,--,--
2026/5/7 17:35,--,--,--,--,22.7,10.5,22.7,46,--,--,--,--,19.8,10.0,19.8,53,--,--,--,--,--,--,--,--,--,--,--,--,--,--,--,--,--,--,--,55,44,--,--,--,--,--,--,--,--,--,--,--,--,--,--,--,--,--,--,--,--,--,--,--,--,--,--,--,--,--,--,--,--,--,--
2026/5/7 17:50,--,--,--,--,22.7,10.5,22.7,46,--,--,--,--,19.3,8.9,19.3,51,--,--,--,--,--,--,--,--,--,--,--,--,--,--,--,--,--,--,--,55,44,--,--,--,--,--,--,--,--,--,--,--,--,--,--,--,--,--,--,--,--,--,--,--,--,--,--,--,--,--,--,--,--,--,--
2026/5/7 18:05,--,--,--,--,22.8,10.6,22.8,46,--,--,--,--,19.4,9.3,19.4,52,--,--,--,--,--,--,--,--,--,--,--,--,--,--,--,--,--,--,--,55,44,--,--,--,--,--,--,--,--,--,--,--,--,--,--,--,--,--,--,--,--,--,--,--,--,--,--,--,--,--,--,--,--,--,--
2026/5/7 18:20,--,--,--,--,22.9,10.7,22.9,46,--,--,--,--,21.2,9.1,21.2,46,--,--,--,--,--,--,--,--,--,--,--,--,--,--,--,--,--,--,--,55,44,--,--,--,--,--,--,--,--,--,--,--,--,--,--,--,--,--,--,--,--,--,--,--,--,--,--,--,--,--,--,--,--,--,--
2026/5/7 18:35,--,--,--,--,22.8,10.3,22.8,45,--,--,--,--,18.2,8.2,18.2,52,--,--,--,--,--,--,--,--,--,--,--,--,--,--,--,--,--,--,--,55,44,--,--,--,--,--,--,--,--,--,--,--,--,--,--,--,--,--,--,--,--,--,--,--,--,--,--,--,--,--,--,--,--,--,--
2026/5/7 18:50,--,--,--,--,22.8,10.6,22.8,46,--,--,--,--,17.2,8.4,17.2,56,--,--,--,--,--,--,--,--,--,--,--,--,--,--,--,--,--,--,--,55,44,--,--,--,--,--,--,--,--,--,--,--,--,--,--,--,--,--,--,--,--,--,--,--,--,--,--,--,--,--,--,--,--,--,--
2026/5/7 19:05,--,--,--,--,22.7,10.5,22.7,46,--,--,--,--,16.7,7.9,16.7,56,--,--,--,--,--,--,--,--,--,--,--,--,--,--,--,--,--,--,--,55,44,--,--,--,--,--,--,--,--,--,--,--,--,--,--,--,--,--,--,--,--,--,--,--,--,--,--,--,--,--,--,--,--,--,--
2026/5/7 19:20,--,--,--,--,22.7,10.5,22.7,46,--,--,--,--,16.3,8.0,16.3,58,--,--,--,--,--,--,--,--,--,--,--,--,--,--,--,--,--,--,--,55,44,--,--,--,--,--,--,--,--,--,--,--,--,--,--,--,--,--,--,--,--,--,--,--,--,--,--,--,--,--,--,--,--,--,--
2026/5/7 19:35,--,--,--,--,22.7,10.5,22.7,46,--,--,--,--,16.0,8.0,16.0,59,--,--,--,--,--,--,--,--,--,--,--,--,--,--,--,--,--,--,--,55,44,--,--,--,--,--,--,--,--,--,--,--,--,--,--,--,--,--,--,--,--,--,--,--,--,--,--,--,--,--,--,--,--,--,--
2026/5/7 19:50,--,--,--,--,22.6,10.4,22.6,46,--,--,--,--,15.7,8.4,15.7,62,--,--,--,--,--,--,--,--,--,--,--,--,--,--,--,--,--,--,--,55,44,--,--,--,--,--,--,--,--,--,--,--,--,--,--,--,--,--,--,--,--,--,--,--,--,--,--,--,--,--,--,--,--,--,--
2026/5/7 20:05,--,--,--,--,22.6,10.4,22.6,46,--,--,--,--,15.3,9.2,15.3,67,--,--,--,--,--,--,--,--,--,--,--,--,--,--,--,--,--,--,--,55,44,--,--,--,--,--,--,--,--,--,--,--,--,--,--,--,--,--,--,--,--,--,--,--,--,--,--,--,--,--,--,--,--,--,--
2026/5/7 20:20,--,--,--,--,22.6,10.4,22.6,46,--,--,--,--,14.6,8.3,14.6,66,--,--,--,--,--,--,--,--,--,--,--,--,--,--,--,--,--,--,--,55,44,--,--,--,--,--,--,--,--,--,--,--,--,--,--,--,--,--,--,--,--,--,--,--,--,--,--,--,--,--,--,--,--,--,--
2026/5/7 20:35,--,--,--,--,22.6,10.4,22.6,46,--,--,--,--,14.1,8.5,14.1,69,--,--,--,--,--,--,--,--,--,--,--,--,--,--,--,--,--,--,--,55,44,--,--,--,--,--,--,--,--,--,--,--,--,--,--,--,--,--,--,--,--,--,--,--,--,--,--,--,--,--,--,--,--,--,--
2026/5/7 20:50,--,--,--,--,22.6,10.4,22.6,46,--,--,--,--,13.5,8.5,13.5,72,--,--,--,--,--,--,--,--,--,--,--,--,--,--,--,--,--,--,--,55,44,--,--,--,--,--,--,--,--,--,--,--,--,--,--,--,--,--,--,--,--,--,--,--,--,--,--,--,--,--,--,--,--,--,--
2026/5/7 21:05,--,--,--,--,22.6,10.7,22.6,47,--,--,--,--,12.8,8.9,12.8,77,--,--,--,--,--,--,--,--,--,--,--,--,--,--,--,--,--,--,--,55,44,--,--,--,--,--,--,--,--,--,--,--,--,--,--,--,--,--,--,--,--,--,--,--,--,--,--,--,--,--,--,--,--,--,--
2026/5/7 21:20,--,--,--,--,22.5,10.6,22.5,47,--,--,--,--,12.4,9.2,12.4,81,--,--,--,--,--,--,--,--,--,--,--,--,--,--,--,--,--,--,--,55,44,--,--,--,--,--,--,--,--,--,--,--,--,--,--,--,--,--,--,--,--,--,--,--,--,--,--,--,--,--,--,--,--,--,--
2026/5/7 21:35,--,--,--,--,22.6,10.7,22.6,47,--,--,--,--,12.1,9.3,12.1,83,--,--,--,--,--,--,--,--,--,--,--,--,--,--,--,--,--,--,--,55,44,--,--,--,--,--,--,--,--,--,--,--,--,--,--,--,--,--,--,--,--,--,--,--,--,--,--,--,--,--,--,--,--,--,--
2026/5/7 21:50,--,--,--,--,22.5,10.6,22.5,47,--,--,--,--,11.9,9.3,11.9,84,--,--,--,--,--,--,--,--,--,--,--,--,--,--,--,--,--,--,--,55,44,--,--,--,--,--,--,--,--,--,--,--,--,--,--,--,--,--,--,--,--,--,--,--,--,--,--,--,--,--,--,--,--,--,--
2026/5/7 22:05,--,--,--,--,22.5,10.6,22.5,47,--,--,--,--,11.8,9.4,11.8,85,--,--,--,--,--,--,--,--,--,--,--,--,--,--,--,--,--,--,--,55,44,--,--,--,--,--,--,--,--,--,--,--,--,--,--,--,--,--,--,--,--,--,--,--,--,--,--,--,--,--,--,--,--,--,--
2026/5/7 22:20,--,--,--,--,22.5,10.6,22.5,47,--,--,--,--,11.6,9.4,11.6,86,--,--,--,--,--,--,--,--,--,--,--,--,--,--,--,--,--,--,--,55,44,--,--,--,--,--,--,--,--,--,--,--,--,--,--,--,--,--,--,--,--,--,--,--,--,--,--,--,--,--,--,--,--,--,--
2026/5/7 22:35,--,--,--,--,22.4,10.5,22.4,47,--,--,--,--,11.4,9.3,11.4,87,--,--,--,--,--,--,--,--,--,--,--,--,--,--,--,--,--,--,--,55,44,--,--,--,--,--,--,--,--,--,--,--,--,--,--,--,--,--,--,--,--,--,--,--,--,--,--,--,--,--,--,--,--,--,--
2026/5/7 22:50,--,--,--,--,22.4,10.5,22.4,47,--,--,--,--,11.2,9.1,11.2,87,--,--,--,--,--,--,--,--,--,--,--,--,--,--,--,--,--,--,--,55,44,--,--,--,--,--,--,--,--,--,--,--,--,--,--,--,--,--,--,--,--,--,--,--,--,--,--,--,--,--,--,--,--,--,--
2026/5/7 23:05,--,--,--,--,22.4,10.5,22.4,47,--,--,--,--,11.0,8.9,11.0,87,--,--,--,--,--,--,--,--,--,--,--,--,--,--,--,--,--,--,--,55,44,--,--,--,--,--,--,--,--,--,--,--,--,--,--,--,--,--,--,--,--,--,--,--,--,--,--,--,--,--,--,--,--,--,--
2026/5/7 23:20,--,--,--,--,22.4,10.5,22.4,47,--,--,--,--,11.0,8.9,11.0,87,--,--,--,--,--,--,--,--,--,--,--,--,--,--,--,--,--,--,--,55,44,--,--,--,--,--,--,--,--,--,--,--,--,--,--,--,--,--,--,--,--,--,--,--,--,--,--,--,--,--,--,--,--,--,--
2026/5/7 23:35,--,--,--,--,22.4,10.5,22.4,47,--,--,--,--,10.8,8.8,10.8,88,--,--,--,--,--,--,--,--,--,--,--,--,--,--,--,--,--,--,--,55,44,--,--,--,--,--,--,--,--,--,--,--,--,--,--,--,--,--,--,--,--,--,--,--,--,--,--,--,--,--,--,--,--,--,--
2026/5/7 23:50,--,--,--,--,22.3,10.4,22.3,47,--,--,--,--,10.6,8.8,10.6,89,--,--,--,--,--,--,--,--,--,--,--,--,--,--,--,--,--,--,--,55,44,--,--,--,--,--,--,--,--,--,--,--,--,--,--,--,--,--,--,--,--,--,--,--,--,--,--,--,--,--,--,--,--,--,--
2026/5/7 23:59,--,--,--,--,22.3,10.4,22.3,47,--,--,--,--,10.5,8.7,10.5,89,--,--,--,--,--,--,--,--,--,--,--,--,--,--,--,--,--,--,--,55,44,--,--,--,--,--,--,--,--,--,--,--,--,--,--,--,--,--,--,--,--,--,--,--,--,--,--,--,--,--,--,--,--,--,--
2026/5/8 0:00,--,--,--,--,22.3,10.4,22.3,47,--,--,--,--,10.5,8.7,10.5,89,--,--,--,--,--,--,--,--,--,--,--,--,--,--,--,--,--,--,--,55,44,--,--,--,--,--,--,--,--,--,--,--,--,--,--,--,--,--,--,--,--,--,--,--,--,--,--,--,--,--,--,--,--,--,--
2026/5/8 0:05,--,--,--,--,22.3,10.4,22.3,47,--,--,--,--,10.5,8.7,10.5,89,--,--,--,--,--,--,--,--,--,--,--,--,--,--,--,--,--,--,--,55,44,--,--,--,--,--,--,--,--,--,--,--,--,--,--,--,--,--,--,--,--,--,--,--,--,--,--,--,--,--,--,--,--,--,--
2026/5/8 0:20,--,--,--,--,22.3,10.4,22.3,47,--,--,--,--,10.4,8.8,10.4,90,--,--,--,--,--,--,--,--,--,--,--,--,--,--,--,--,--,--,--,55,44,--,--,--,--,--,--,--,--,--,--,--,--,--,--,--,--,--,--,--,--,--,--,--,--,--,--,--,--,--,--,--,--,--,--
2026/5/8 0:35,--,--,--,--,22.2,10.4,22.2,47,--,--,--,--,10.1,8.5,10.1,90,--,--,--,--,--,--,--,--,--,--,--,--,--,--,--,--,--,--,--,55,44,--,--,--,--,--,--,--,--,--,--,--,--,--,--,--,--,--,--,--,--,--,--,--,--,--,--,--,--,--,--,--,--,--,--
2026/5/8 0:50,--,--,--,--,22.2,10.4,22.2,47,--,--,--,--,9.9,8.3,9.9,90,--,--,--,--,--,--,--,--,--,--,--,--,--,--,--,--,--,--,--,55,44,--,--,--,--,--,--,--,--,--,--,--,--,--,--,--,--,--,--,--,--,--,--,--,--,--,--,--,--,--,--,--,--,--,--
2026/5/8 1:05,--,--,--,--,22.2,10.4,22.2,47,--,--,--,--,9.9,8.5,9.9,91,--,--,--,--,--,--,--,--,--,--,--,--,--,--,--,--,--,--,--,55,44,--,--,--,--,--,--,--,--,--,--,--,--,--,--,--,--,--,--,--,--,--,--,--,--,--,--,--,--,--,--,--,--,--,--
2026/5/8 1:20,--,--,--,--,22.2,10.4,22.2,47,--,--,--,--,9.9,8.5,9.9,91,--,--,--,--,--,--,--,--,--,--,--,--,--,--,--,--,--,--,--,55,44,--,--,--,--,--,--,--,--,--,--,--,--,--,--,--,--,--,--,--,--,--,--,--,--,--,--,--,--,--,--,--,--,--,--
2026/5/8 1:35,--,--,--,--,22.2,10.4,22.2,47,--,--,--,--,10.0,8.6,10.0,91,--,--,--,--,--,--,--,--,--,--,--,--,--,--,--,--,--,--,--,55,44,--,--,--,--,--,--,--,--,--,--,--,--,--,--,--,--,--,--,--,--,--,--,--,--,--,--,--,--,--,--,--,--,--,--
2026/5/8 1:50,--,--,--,--,22.1,10.3,22.1,47,--,--,--,--,9.7,8.3,9.7,91,--,--,--,--,--,--,--,--,--,--,--,--,--,--,--,--,--,--,--,55,44,--,--,--,--,--,--,--,--,--,--,--,--,--,--,--,--,--,--,--,--,--,--,--,--,--,--,--,--,--,--,--,--,--,--
2026/5/8 2:05,--,--,--,--,22.1,10.3,22.1,47,--,--,--,--,9.6,8.2,9.6,91,--,--,--,--,--,--,--,--,--,--,--,--,--,--,--,--,--,--,--,55,44,--,--,--,--,--,--,--,--,--,--,--,--,--,--,--,--,--,--,--,--,--,--,--,--,--,--,--,--,--,--,--,--,--,--
2026/5/8 2:20,--,--,--,--,22.1,10.3,22.1,47,--,--,--,--,9.2,8.0,9.2,92,--,--,--,--,--,--,--,--,--,--,--,--,--,--,--,--,--,--,--,55,44,--,--,--,--,--,--,--,--,--,--,--,--,--,--,--,--,--,--,--,--,--,--,--,--,--,--,--,--,--,--,--,--,--,--
2026/5/8 2:35,--,--,--,--,22.0,10.2,22.0,47,--,--,--,--,9.0,7.8,9.0,92,--,--,--,--,--,--,--,--,--,--,--,--,--,--,--,--,--,--,--,55,44,--,--,--,--,--,--,--,--,--,--,--,--,--,--,--,--,--,--,--,--,--,--,--,--,--,--,--,--,--,--,--,--,--,--
2026/5/8 2:50,--,--,--,--,22.0,10.2,22.0,47,--,--,--,--,9.0,7.8,9.0,92,--,--,--,--,--,--,--,--,--,--,--,--,--,--,--,--,--,--,--,55,44,--,--,--,--,--,--,--,--,--,--,--,--,--,--,--,--,--,--,--,--,--,--,--,--,--,--,--,--,--,--,--,--,--,--
2026/5/8 3:05,--,--,--,--,22.0,10.2,22.0,47,--,--,--,--,9.0,7.8,9.0,92,--,--,--,--,--,--,--,--,--,--,--,--,--,--,--,--,--,--,--,55,44,--,--,--,--,--,--,--,--,--,--,--,--,--,--,--,--,--,--,--,--,--,--,--,--,--,--,--,--,--,--,--,--,--,--
2026/5/8 3:20,--,--,--,--,21.9,10.1,21.9,47,--,--,--,--,8.9,7.8,8.9,93,--,--,--,--,--,--,--,--,--,--,--,--,--,--,--,--,--,--,--,55,44,--,--,--,--,--,--,--,--,--,--,--,--,--,--,--,--,--,--,--,--,--,--,--,--,--,--,--,--,--,--,--,--,--,--
2026/5/8 3:35,--,--,--,--,22.0,10.2,22.0,47,--,--,--,--,8.8,7.7,8.8,93,--,--,--,--,--,--,--,--,--,--,--,--,--,--,--,--,--,--,--,55,44,--,--,--,--,--,--,--,--,--,--,--,--,--,--,--,--,--,--,--,--,--,--,--,--,--,--,--,--,--,--,--,--,--,--
2026/5/8 3:50,--,--,--,--,21.9,10.1,21.9,47,--,--,--,--,8.6,7.5,8.6,93,--,--,--,--,--,--,--,--,--,--,--,--,--,--,--,--,--,--,--,55,44,--,--,--,--,--,--,--,--,--,--,--,--,--,--,--,--,--,--,--,--,--,--,--,--,--,--,--,--,--,--,--,--,--,--
2026/5/8 4:05,--,--,--,--,21.9,10.1,21.9,47,--,--,--,--,8.6,7.5,8.6,93,--,--,--,--,--,--,--,--,--,--,--,--,--,--,--,--,--,--,--,55,44,--,--,--,--,--,--,--,--,--,--,--,--,--,--,--,--,--,--,--,--,--,--,--,--,--,--,--,--,--,--,--,--,--,--
2026/5/8 4:20,--,--,--,--,21.9,10.1,21.9,47,--,--,--,--,8.6,7.5,8.6,93,--,--,--,--,--,--,--,--,--,--,--,--,--,--,--,--,--,--,--,55,44,--,--,--,--,--,--,--,--,--,--,--,--,--,--,--,--,--,--,--,--,--,--,--,--,--,--,--,--,--,--,--,--,--,--
2026/5/8 4:35,--,--,--,--,21.8,10.0,21.8,47,--,--,--,--,8.6,7.6,8.6,94,--,--,--,--,--,--,--,--,--,--,--,--,--,--,--,--,--,--,--,55,44,--,--,--,--,--,--,--,--,--,--,--,--,--,--,--,--,--,--,--,--,--,--,--,--,--,--,--,--,--,--,--,--,--,--
2026/5/8 4:50,--,--,--,--,21.8,10.0,21.8,47,--,--,--,--,8.8,7.8,8.8,94,--,--,--,--,--,--,--,--,--,--,--,--,--,--,--,--,--,--,--,55,44,--,--,--,--,--,--,--,--,--,--,--,--,--,--,--,--,--,--,--,--,--,--,--,--,--,--,--,--,--,--,--,--,--,--
2026/5/8 5:05,--,--,--,--,21.8,10.0,21.8,47,--,--,--,--,8.7,7.7,8.7,94,--,--,--,--,--,--,--,--,--,--,--,--,--,--,--,--,--,--,--,55,44,--,--,--,--,--,--,--,--,--,--,--,--,--,--,--,--,--,--,--,--,--,--,--,--,--,--,--,--,--,--,--,--,--,--
2026/5/8 5:20,--,--,--,--,21.8,10.0,21.8,47,--,--,--,--,8.6,7.6,8.6,94,--,--,--,--,--,--,--,--,--,--,--,--,--,--,--,--,--,--,--,55,44,--,--,--,--,--,--,--,--,--,--,--,--,--,--,--,--,--,--,--,--,--,--,--,--,--,--,--,--,--,--,--,--,--,--
2026/5/8 5:35,--,--,--,--,21.8,10.0,21.8,47,--,--,--,--,8.5,7.5,8.5,94,--,--,--,--,--,--,--,--,--,--,--,--,--,--,--,--,--,--,--,55,44,--,--,--,--,--,--,--,--,--,--,--,--,--,--,--,--,--,--,--,--,--,--,--,--,--,--,--,--,--,--,--,--,--,--
2026/5/8 5:50,--,--,--,--,21.9,10.4,21.9,48,--,--,--,--,8.5,7.5,8.5,94,--,--,--,--,--,--,--,--,--,--,--,--,--,--,--,--,--,--,--,55,44,--,--,--,--,--,--,--,--,--,--,--,--,--,--,--,--,--,--,--,--,--,--,--,--,--,--,--,--,--,--,--,--,--,--
2026/5/8 6:05,--,--,--,--,22.0,10.5,22.0,48,--,--,--,--,8.5,7.5,8.5,94,--,--,--,--,--,--,--,--,--,--,--,--,--,--,--,--,--,--,--,55,44,--,--,--,--,--,--,--,--,--,--,--,--,--,--,--,--,--,--,--,--,--,--,--,--,--,--,--,--,--,--,--,--,--,--
2026/5/8 6:20,--,--,--,--,21.8,9.7,21.8,46,--,--,--,--,8.5,7.5,8.5,94,--,--,--,--,--,--,--,--,--,--,--,--,--,--,--,--,--,--,--,55,44,--,--,--,--,--,--,--,--,--,--,--,--,--,--,--,--,--,--,--,--,--,--,--,--,--,--,--,--,--,--,--,--,--,--
2026/5/8 6:35,--,--,--,--,21.8,10.0,21.8,47,--,--,--,--,8.4,7.4,8.4,94,--,--,--,--,--,--,--,--,--,--,--,--,--,--,--,--,--,--,--,55,44,--,--,--,--,--,--,--,--,--,--,--,--,--,--,--,--,--,--,--,--,--,--,--,--,--,--,--,--,--,--,--,--,--,--
2026/5/8 6:50,--,--,--,--,21.8,10.0,21.8,47,--,--,--,--,8.5,7.5,8.5,94,--,--,--,--,--,--,--,--,--,--,--,--,--,--,--,--,--,--,--,55,44,--,--,--,--,--,--,--,--,--,--,--,--,--,--,--,--,--,--,--,--,--,--,--,--,--,--,--,--,--,--,--,--,--,--
2026/5/8 7:05,--,--,--,--,21.9,10.4,21.9,48,--,--,--,--,8.8,7.8,8.8,94,--,--,--,--,--,--,--,--,--,--,--,--,--,--,--,--,--,--,--,55,44,--,--,--,--,--,--,--,--,--,--,--,--,--,--,--,--,--,--,--,--,--,--,--,--,--,--,--,--,--,--,--,--,--,--
2026/5/8 7:20,--,--,--,--,21.9,10.4,21.9,48,--,--,--,--,9.2,8.1,9.2,93,--,--,--,--,--,--,--,--,--,--,--,--,--,--,--,--,--,--,--,55,44,--,--,--,--,--,--,--,--,--,--,--,--,--,--,--,--,--,--,--,--,--,--,--,--,--,--,--,--,--,--,--,--,--,--
2026/5/8 7:35,--,--,--,--,21.9,10.4,21.9,48,--,--,--,--,9.6,8.5,9.6,93,--,--,--,--,--,--,--,--,--,--,--,--,--,--,--,--,--,--,--,55,44,--,--,--,--,--,--,--,--,--,--,--,--,--,--,--,--,--,--,--,--,--,--,--,--,--,--,--,--,--,--,--,--,--,--
2026/5/8 7:50,--,--,--,--,21.9,10.4,21.9,48,--,--,--,--,10.1,8.9,10.1,92,--,--,--,--,--,--,--,--,--,--,--,--,--,--,--,--,--,--,--,55,44,--,--,--,--,--,--,--,--,--,--,--,--,--,--,--,--,--,--,--,--,--,--,--,--,--,--,--,--,--,--,--,--,--,--
2026/5/8 8:05,--,--,--,--,21.9,10.1,21.9,47,--,--,--,--,10.6,9.2,10.6,91,--,--,--,--,--,--,--,--,--,--,--,--,--,--,--,--,--,--,--,55,44,--,--,--,--,--,--,--,--,--,--,--,--,--,--,--,--,--,--,--,--,--,--,--,--,--,--,--,--,--,--,--,--,--,--
2026/5/8 8:20,--,--,--,--,22.0,10.2,22.0,47,--,--,--,--,11.1,9.3,11.1,89,--,--,--,--,--,--,--,--,--,--,--,--,--,--,--,--,--,--,--,55,44,--,--,--,--,--,--,--,--,--,--,--,--,--,--,--,--,--,--,--,--,--,--,--,--,--,--,--,--,--,--,--,--,--,--
2026/5/8 8:35,--,--,--,--,22.0,10.2,22.0,47,--,--,--,--,11.8,9.8,11.8,88,--,--,--,--,--,--,--,--,--,--,--,--,--,--,--,--,--,--,--,55,44,--,--,--,--,--,--,--,--,--,--,--,--,--,--,--,--,--,--,--,--,--,--,--,--,--,--,--,--,--,--,--,--,--,--
2026/5/8 8:50,--,--,--,--,22.0,10.5,22.0,48,--,--,--,--,12.6,10.3,12.6,86,--,--,--,--,--,--,--,--,--,--,--,--,--,--,--,--,--,--,--,55,44,--,--,--,--,--,--,--,--,--,--,--,--,--,--,--,--,--,--,--,--,--,--,--,--,--,--,--,--,--,--,--,--,--,--
2026/5/8 9:05,--,--,--,--,22.1,10.6,22.1,48,--,--,--,--,13.6,10.9,13.6,84,--,--,--,--,--,--,--,--,--,--,--,--,--,--,--,--,--,--,--,55,44,--,--,--,--,--,--,--,--,--,--,--,--,--,--,--,--,--,--,--,--,--,--,--,--,--,--,--,--,--,--,--,--,--,--
2026/5/8 9:20,--,--,--,--,22.2,10.7,22.2,48,--,--,--,--,14.8,11.6,14.8,81,--,--,--,--,--,--,--,--,--,--,--,--,--,--,--,--,--,--,--,55,44,--,--,--,--,--,--,--,--,--,--,--,--,--,--,--,--,--,--,--,--,--,--,--,--,--,--,--,--,--,--,--,--,--,--
2026/5/8 9:35,--,--,--,--,22.2,10.7,22.2,48,--,--,--,--,15.7,11.7,15.7,77,--,--,--,--,--,--,--,--,--,--,--,--,--,--,--,--,--,--,--,55,44,--,--,--,--,--,--,--,--,--,--,--,--,--,--,--,--,--,--,--,--,--,--,--,--,--,--,--,--,--,--,--,--,--,--
2026/5/8 9:50,--,--,--,--,22.3,10.8,22.3,48,--,--,--,--,16.7,11.8,16.7,73,--,--,--,--,--,--,--,--,--,--,--,--,--,--,--,--,--,--,--,55,44,--,--,--,--,--,--,--,--,--,--,--,--,--,--,--,--,--,--,--,--,--,--,--,--,--,--,--,--,--,--,--,--,--,--
2026/5/8 10:05,--,--,--,--,22.3,10.8,22.3,48,--,--,--,--,17.7,12.4,17.7,71,--,--,--,--,--,--,--,--,--,--,--,--,--,--,--,--,--,--,--,55,44,--,--,--,--,--,--,--,--,--,--,--,--,--,--,--,--,--,--,--,--,--,--,--,--,--,--,--,--,--,--,--,--,--,--
2026/5/8 10:20,--,--,--,--,22.4,10.5,22.4,47,--,--,--,--,19.2,12.5,19.2,65,--,--,--,--,--,--,--,--,--,--,--,--,--,--,--,--,--,--,--,55,44,--,--,--,--,--,--,--,--,--,--,--,--,--,--,--,--,--,--,--,--,--,--,--,--,--,--,--,--,--,--,--,--,--,--
2026/5/8 10:35,--,--,--,--,22.4,10.9,22.4,48,--,--,--,--,20.3,13.3,20.3,64,--,--,--,--,--,--,--,--,--,--,--,--,--,--,--,--,--,--,--,55,44,--,--,--,--,--,--,--,--,--,--,--,--,--,--,--,--,--,--,--,--,--,--,--,--,--,--,--,--,--,--,--,--,--,--
2026/5/8 10:50,--,--,--,--,22.5,11.0,22.5,48,--,--,--,--,21.4,13.3,21.4,60,--,--,--,--,--,--,--,--,--,--,--,--,--,--,--,--,--,--,--,55,44,--,--,--,--,--,--,--,--,--,--,--,--,--,--,--,--,--,--,--,--,--,--,--,--,--,--,--,--,--,--,--,--,--,--
2026/5/8 11:05,--,--,--,--,22.5,11.0,22.5,48,--,--,--,--,22.4,13.7,22.4,58,--,--,--,--,--,--,--,--,--,--,--,--,--,--,--,--,--,--,--,55,44,--,--,--,--,--,--,--,--,--,--,--,--,--,--,--,--,--,--,--,--,--,--,--,--,--,--,--,--,--,--,--,--,--,--
2026/5/8 11:20,--,--,--,--,22.6,11.1,22.6,48,--,--,--,--,24.0,14.1,24.0,54,--,--,--,--,--,--,--,--,--,--,--,--,--,--,--,--,--,--,--,55,44,--,--,--,--,--,--,--,--,--,--,--,--,--,--,--,--,--,--,--,--,--,--,--,--,--,--,--,--,--,--,--,--,--,--
2026/5/8 11:35,--,--,--,--,22.6,11.1,22.6,48,--,--,--,--,24.9,14.4,24.9,52,--,--,--,--,--,--,--,--,--,--,--,--,--,--,--,--,--,--,--,55,44,--,--,--,--,--,--,--,--,--,--,--,--,--,--,--,--,--,--,--,--,--,--,--,--,--,--,--,--,--,--,--,--,--,--
2026/5/8 11:50,--,--,--,--,22.6,10.7,22.6,47,--,--,--,--,26.4,14.2,26.4,47,--,--,--,--,--,--,--,--,--,--,--,--,--,--,--,--,--,--,--,55,44,--,--,--,--,--,--,--,--,--,--,--,--,--,--,--,--,--,--,--,--,--,--,--,--,--,--,--,--,--,--,--,--,--,--
2026/5/8 12:05,--,--,--,--,22.7,10.8,22.7,47,--,--,--,--,26.3,14.4,26.3,48,--,--,--,--,--,--,--,--,--,--,--,--,--,--,--,--,--,--,--,55,44,--,--,--,--,--,--,--,--,--,--,--,--,--,--,--,--,--,--,--,--,--,--,--,--,--,--,--,--,--,--,--,--,--,--
2026/5/8 12:20,--,--,--,--,22.8,11.3,22.8,48,--,--,--,--,28.4,14.3,28.2,42,--,--,--,--,--,--,--,--,--,--,--,--,--,--,--,--,--,--,--,55,44,--,--,--,--,--,--,--,--,--,--,--,--,--,--,--,--,--,--,--,--,--,--,--,--,--,--,--,--,--,--,--,--,--,--
2026/5/8 12:35,--,--,--,--,22.8,10.9,22.8,47,--,--,--,--,28.9,13.2,28.3,38,--,--,--,--,--,--,--,--,--,--,--,--,--,--,--,--,--,--,--,55,44,--,--,--,--,--,--,--,--,--,--,--,--,--,--,--,--,--,--,--,--,--,--,--,--,--,--,--,--,--,--,--,--,--,--
2026/5/8 12:50,--,--,--,--,22.9,11.0,22.9,47,--,--,--,--,30.4,15.3,30.1,40,--,--,--,--,--,--,--,--,--,--,--,--,--,--,--,--,--,--,--,55,44,--,--,--,--,--,--,--,--,--,--,--,--,--,--,--,--,--,--,--,--,--,--,--,--,--,--,--,--,--,--,--,--,--,--
2026/5/8 13:05,--,--,--,--,23.0,11.1,23.0,47,--,--,--,--,31.9,14.1,31.9,34,--,--,--,--,--,--,--,--,--,--,--,--,--,--,--,--,--,--,--,55,44,--,--,--,--,--,--,--,--,--,--,--,--,--,--,--,--,--,--,--,--,--,--,--,--,--,--,--,--,--,--,--,--,--,--
2026/5/8 13:20,--,--,--,--,23.0,11.1,23.0,47,--,--,--,--,35.3,15.7,35.3,31,--,--,--,--,--,--,--,--,--,--,--,--,--,--,--,--,--,--,--,55,44,--,--,--,--,--,--,--,--,--,--,--,--,--,--,--,--,--,--,--,--,--,--,--,--,--,--,--,--,--,--,--,--,--,--
2026/5/8 13:35,--,--,--,--,23.1,11.5,23.1,48,--,--,--,--,34.7,14.1,34.7,29,--,--,--,--,--,--,--,--,--,--,--,--,--,--,--,--,--,--,--,55,44,--,--,--,--,--,--,--,--,--,--,--,--,--,--,--,--,--,--,--,--,--,--,--,--,--,--,--,--,--,--,--,--,--,--
2026/5/8 13:50,--,--,--,--,23.2,11.6,23.2,48,--,--,--,--,29.6,10.7,29.6,31,--,--,--,--,--,--,--,--,--,--,--,--,--,--,--,--,--,--,--,55,44,--,--,--,--,--,--,--,--,--,--,--,--,--,--,--,--,--,--,--,--,--,--,--,--,--,--,--,--,--,--,--,--,--,--
2026/5/8 14:05,--,--,--,--,23.2,11.6,23.2,48,--,--,--,--,29.8,12.3,29.8,34,--,--,--,--,--,--,--,--,--,--,--,--,--,--,--,--,--,--,--,55,44,--,--,--,--,--,--,--,--,--,--,--,--,--,--,--,--,--,--,--,--,--,--,--,--,--,--,--,--,--,--,--,--,--,--
2026/5/8 14:20,--,--,--,--,23.1,10.6,23.1,45,--,--,--,--,30.4,11.4,30.4,31,--,--,--,--,--,--,--,--,--,--,--,--,--,--,--,--,--,--,--,55,44,--,--,--,--,--,--,--,--,--,--,--,--,--,--,--,--,--,--,--,--,--,--,--,--,--,--,--,--,--,--,--,--,--,--
2026/5/8 14:35,--,--,--,--,23.0,10.5,23.0,45,--,--,--,--,29.8,11.9,29.8,33,--,--,--,--,--,--,--,--,--,--,--,--,--,--,--,--,--,--,--,55,44,--,--,--,--,--,--,--,--,--,--,--,--,--,--,--,--,--,--,--,--,--,--,--,--,--,--,--,--,--,--,--,--,--,--
2026/5/8 14:50,--,--,--,--,22.9,10.0,22.9,44,--,--,--,--,29.9,12.4,29.9,34,--,--,--,--,--,--,--,--,--,--,--,--,--,--,--,--,--,--,--,55,44,--,--,--,--,--,--,--,--,--,--,--,--,--,--,--,--,--,--,--,--,--,--,--,--,--,--,--,--,--,--,--,--,--,--
2026/5/8 15:05,--,--,--,--,22.8,9.3,22.8,42,--,--,--,--,31.3,9.6,31.3,26,--,--,--,--,--,--,--,--,--,--,--,--,--,--,--,--,--,--,--,55,44,--,--,--,--,--,--,--,--,--,--,--,--,--,--,--,--,--,--,--,--,--,--,--,--,--,--,--,--,--,--,--,--,--,--
2026/5/8 15:20,--,--,--,--,22.7,8.8,22.7,41,--,--,--,--,33.7,13.3,33.7,29,--,--,--,--,--,--,--,--,--,--,--,--,--,--,--,--,--,--,--,55,44,--,--,--,--,--,--,--,--,--,--,--,--,--,--,--,--,--,--,--,--,--,--,--,--,--,--,--,--,--,--,--,--,--,--
2026/5/8 15:35,--,--,--,--,22.6,8.3,22.6,40,--,--,--,--,31.7,11.5,31.7,29,--,--,--,--,--,--,--,--,--,--,--,--,--,--,--,--,--,--,--,55,44,--,--,--,--,--,--,--,--,--,--,--,--,--,--,--,--,--,--,--,--,--,--,--,--,--,--,--,--,--,--,--,--,--,--
2026/5/8 15:50,--,--,--,--,22.5,7.9,22.5,39,--,--,--,--,30.8,10.8,30.8,29,--,--,--,--,--,--,--,--,--,--,--,--,--,--,--,--,--,--,--,55,44,--,--,--,--,--,--,--,--,--,--,--,--,--,--,--,--,--,--,--,--,--,--,--,--,--,--,--,--,--,--,--,--,--,--
2026/5/8 16:05,--,--,--,--,22.4,7.8,22.4,39,--,--,--,--,27.0,8.9,27.0,32,--,--,--,--,--,--,--,--,--,--,--,--,--,--,--,--,--,--,--,55,44,--,--,--,--,--,--,--,--,--,--,--,--,--,--,--,--,--,--,--,--,--,--,--,--,--,--,--,--,--,--,--,--,--,--
2026/5/8 16:20,--,--,--,--,22.4,8.2,22.4,40,--,--,--,--,27.3,9.7,27.3,33,--,--,--,--,--,--,--,--,--,--,--,--,--,--,--,--,--,--,--,55,44,--,--,--,--,--,--,--,--,--,--,--,--,--,--,--,--,--,--,--,--,--,--,--,--,--,--,--,--,--,--,--,--,--,--
2026/5/8 16:35,--,--,--,--,22.5,8.3,22.5,40,--,--,--,--,24.6,8.1,24.6,35,--,--,--,--,--,--,--,--,--,--,--,--,--,--,--,--,--,--,--,55,44,--,--,--,--,--,--,--,--,--,--,--,--,--,--,--,--,--,--,--,--,--,--,--,--,--,--,--,--,--,--,--,--,--,--
2026/5/8 16:50,--,--,--,--,22.5,8.3,22.5,40,--,--,--,--,23.9,8.8,23.9,38,--,--,--,--,--,--,--,--,--,--,--,--,--,--,--,--,--,--,--,55,44,--,--,--,--,--,--,--,--,--,--,--,--,--,--,--,--,--,--,--,--,--,--,--,--,--,--,--,--,--,--,--,--,--,--
2026/5/8 17:05,--,--,--,--,22.4,8.2,22.4,40,--,--,--,--,23.4,8.3,23.4,38,--,--,--,--,--,--,--,--,--,--,--,--,--,--,--,--,--,--,--,55,44,--,--,--,--,--,--,--,--,--,--,--,--,--,--,--,--,--,--,--,--,--,--,--,--,--,--,--,--,--,--,--,--,--,--
2026/5/8 17:20,--,--,--,--,22.3,8.1,22.3,40,--,--,--,--,23.5,8.8,23.5,39,--,--,--,--,--,--,--,--,--,--,--,--,--,--,--,--,--,--,--,55,44,--,--,--,--,--,--,--,--,--,--,--,--,--,--,--,--,--,--,--,--,--,--,--,--,--,--,--,--,--,--,--,--,--,--
2026/5/8 17:35,--,--,--,--,22.4,8.5,22.4,41,--,--,--,--,23.4,7.9,23.4,37,--,--,--,--,--,--,--,--,--,--,--,--,--,--,--,--,--,--,--,55,44,--,--,--,--,--,--,--,--,--,--,--,--,--,--,--,--,--,--,--,--,--,--,--,--,--,--,--,--,--,--,--,--,--,--
2026/5/8 17:50,--,--,--,--,22.6,9.1,22.6,42,--,--,--,--,23.5,8.4,23.5,38,--,--,--,--,--,--,--,--,--,--,--,--,--,--,--,--,--,--,--,55,44,--,--,--,--,--,--,--,--,--,--,--,--,--,--,--,--,--,--,--,--,--,--,--,--,--,--,--,--,--,--,--,--,--,--
2026/5/8 18:05,--,--,--,--,22.7,9.5,22.7,43,--,--,--,--,23.6,8.1,23.6,37,--,--,--,--,--,--,--,--,--,--,--,--,--,--,--,--,--,--,--,55,44,--,--,--,--,--,--,--,--,--,--,--,--,--,--,--,--,--,--,--,--,--,--,--,--,--,--,--,--,--,--,--,--,--,--
2026/5/8 18:20,--,--,--,--,22.8,9.6,22.8,43,--,--,--,--,24.9,9.2,24.9,37,--,--,--,--,--,--,--,--,--,--,--,--,--,--,--,--,--,--,--,55,44,--,--,--,--,--,--,--,--,--,--,--,--,--,--,--,--,--,--,--,--,--,--,--,--,--,--,--,--,--,--,--,--,--,--
2026/5/8 18:35,--,--,--,--,22.9,9.7,22.9,43,--,--,--,--,23.3,8.6,23.3,39,--,--,--,--,--,--,--,--,--,--,--,--,--,--,--,--,--,--,--,55,44,--,--,--,--,--,--,--,--,--,--,--,--,--,--,--,--,--,--,--,--,--,--,--,--,--,--,--,--,--,--,--,--,--,--
2026/5/8 18:50,--,--,--,--,23.0,10.1,23.0,44,--,--,--,--,21.6,7.1,21.6,39,--,--,--,--,--,--,--,--,--,--,--,--,--,--,--,--,--,--,--,55,44,--,--,--,--,--,--,--,--,--,--,--,--,--,--,--,--,--,--,--,--,--,--,--,--,--,--,--,--,--,--,--,--,--,--
2026/5/8 19:05,--,--,--,--,23.0,10.1,23.0,44,--,--,--,--,20.2,7.2,20.2,43,--,--,--,--,--,--,--,--,--,--,--,--,--,--,--,--,--,--,--,55,44,--,--,--,--,--,--,--,--,--,--,--,--,--,--,--,--,--,--,--,--,--,--,--,--,--,--,--,--,--,--,--,--,--,--
2026/5/8 19:20,--,--,--,--,23.0,10.1,23.0,44,--,--,--,--,18.9,6.7,18.9,45,--,--,--,--,--,--,--,--,--,--,--,--,--,--,--,--,--,--,--,55,44,--,--,--,--,--,--,--,--,--,--,--,--,--,--,--,--,--,--,--,--,--,--,--,--,--,--,--,--,--,--,--,--,--,--
2026/5/8 19:35,--,--,--,--,23.0,10.1,23.0,44,--,--,--,--,18.0,6.5,18.0,47,--,--,--,--,--,--,--,--,--,--,--,--,--,--,--,--,--,--,--,55,44,--,--,--,--,--,--,--,--,--,--,--,--,--,--,--,--,--,--,--,--,--,--,--,--,--,--,--,--,--,--,--,--,--,--
2026/5/8 19:50,--,--,--,--,22.9,10.0,22.9,44,--,--,--,--,17.4,6.3,17.4,48,--,--,--,--,--,--,--,--,--,--,--,--,--,--,--,--,--,--,--,55,44,--,--,--,--,--,--,--,--,--,--,--,--,--,--,--,--,--,--,--,--,--,--,--,--,--,--,--,--,--,--,--,--,--,--
2026/5/8 20:05,--,--,--,--,22.9,10.0,22.9,44,--,--,--,--,16.8,6.3,16.8,50,--,--,--,--,--,--,--,--,--,--,--,--,--,--,--,--,--,--,--,55,44,--,--,--,--,--,--,--,--,--,--,--,--,--,--,--,--,--,--,--,--,--,--,--,--,--,--,--,--,--,--,--,--,--,--
2026/5/8 20:20,--,--,--,--,22.8,9.9,22.8,44,--,--,--,--,16.0,7.0,16.0,55,--,--,--,--,--,--,--,--,--,--,--,--,--,--,--,--,--,--,--,55,44,--,--,--,--,--,--,--,--,--,--,--,--,--,--,--,--,--,--,--,--,--,--,--,--,--,--,--,--,--,--,--,--,--,--
2026/5/8 20:35,--,--,--,--,22.8,9.9,22.8,44,--,--,--,--,14.1,6.9,14.1,62,--,--,--,--,--,--,--,--,--,--,--,--,--,--,--,--,--,--,--,55,44,--,--,--,--,--,--,--,--,--,--,--,--,--,--,--,--,--,--,--,--,--,--,--,--,--,--,--,--,--,--,--,--,--,--
2026/5/8 20:50,--,--,--,--,22.7,9.8,22.7,44,--,--,--,--,12.7,6.3,12.7,65,--,--,--,--,--,--,--,--,--,--,--,--,--,--,--,--,--,--,--,55,44,--,--,--,--,--,--,--,--,--,--,--,--,--,--,--,--,--,--,--,--,--,--,--,--,--,--,--,--,--,--,--,--,--,--
2026/5/8 21:05,--,--,--,--,22.7,9.8,22.7,44,--,--,--,--,11.6,6.1,11.6,69,--,--,--,--,--,--,--,--,--,--,--,--,--,--,--,--,--,--,--,55,44,--,--,--,--,--,--,--,--,--,--,--,--,--,--,--,--,--,--,--,--,--,--,--,--,--,--,--,--,--,--,--,--,--,--
2026/5/8 21:20,--,--,--,--,22.6,10.1,22.6,45,--,--,--,--,10.9,6.0,10.9,72,--,--,--,--,--,--,--,--,--,--,--,--,--,--,--,--,--,--,--,55,44,--,--,--,--,--,--,--,--,--,--,--,--,--,--,--,--,--,--,--,--,--,--,--,--,--,--,--,--,--,--,--,--,--,--
2026/5/8 21:35,--,--,--,--,22.6,10.1,22.6,45,--,--,--,--,10.4,5.8,10.4,73,--,--,--,--,--,--,--,--,--,--,--,--,--,--,--,--,--,--,--,55,44,--,--,--,--,--,--,--,--,--,--,--,--,--,--,--,--,--,--,--,--,--,--,--,--,--,--,--,--,--,--,--,--,--,--
2026/5/8 21:50,--,--,--,--,22.5,10.0,22.5,45,--,--,--,--,10.1,5.9,10.1,75,--,--,--,--,--,--,--,--,--,--,--,--,--,--,--,--,--,--,--,55,44,--,--,--,--,--,--,--,--,--,--,--,--,--,--,--,--,--,--,--,--,--,--,--,--,--,--,--,--,--,--,--,--,--,--
2026/5/8 22:05,--,--,--,--,22.5,10.0,22.5,45,--,--,--,--,9.9,5.9,9.9,76,--,--,--,--,--,--,--,--,--,--,--,--,--,--,--,--,--,--,--,55,44,--,--,--,--,--,--,--,--,--,--,--,--,--,--,--,--,--,--,--,--,--,--,--,--,--,--,--,--,--,--,--,--,--,--
2026/5/8 22:20,--,--,--,--,22.5,10.0,22.5,45,--,--,--,--,9.7,5.7,9.7,76,--,--,--,--,--,--,--,--,--,--,--,--,--,--,--,--,--,--,--,55,44,--,--,--,--,--,--,--,--,--,--,--,--,--,--,--,--,--,--,--,--,--,--,--,--,--,--,--,--,--,--,--,--,--,--
2026/5/8 22:35,--,--,--,--,22.4,9.9,22.4,45,--,--,--,--,9.3,5.5,9.3,77,--,--,--,--,--,--,--,--,--,--,--,--,--,--,--,--,--,--,--,55,44,--,--,--,--,--,--,--,--,--,--,--,--,--,--,--,--,--,--,--,--,--,--,--,--,--,--,--,--,--,--,--,--,--,--
2026/5/8 22:50,--,--,--,--,22.4,9.9,22.4,45,--,--,--,--,9.1,5.3,9.1,77,--,--,--,--,--,--,--,--,--,--,--,--,--,--,--,--,--,--,--,55,44,--,--,--,--,--,--,--,--,--,--,--,--,--,--,--,--,--,--,--,--,--,--,--,--,--,--,--,--,--,--,--,--,--,--
2026/5/8 23:05,--,--,--,--,22.4,9.9,22.4,45,--,--,--,--,8.8,5.0,8.8,77,--,--,--,--,--,--,--,--,--,--,--,--,--,--,--,--,--,--,--,55,44,--,--,--,--,--,--,--,--,--,--,--,--,--,--,--,--,--,--,--,--,--,--,--,--,--,--,--,--,--,--,--,--,--,--
2026/5/8 23:20,--,--,--,--,22.3,9.8,22.3,45,--,--,--,--,8.6,5.0,8.6,78,--,--,--,--,--,--,--,--,--,--,--,--,--,--,--,--,--,--,--,55,44,--,--,--,--,--,--,--,--,--,--,--,--,--,--,--,--,--,--,--,--,--,--,--,--,--,--,--,--,--,--,--,--,--,--
2026/5/8 23:35,--,--,--,--,22.3,9.8,22.3,45,--,--,--,--,8.3,4.9,8.3,79,--,--,--,--,--,--,--,--,--,--,--,--,--,--,--,--,--,--,--,55,44,--,--,--,--,--,--,--,--,--,--,--,--,--,--,--,--,--,--,--,--,--,--,--,--,--,--,--,--,--,--,--,--,--,--
2026/5/8 23:50,--,--,--,--,22.3,9.8,22.3,45,--,--,--,--,8.4,5.1,8.4,80,--,--,--,--,--,--,--,--,--,--,--,--,--,--,--,--,--,--,--,55,44,--,--,--,--,--,--,--,--,--,--,--,--,--,--,--,--,--,--,--,--,--,--,--,--,--,--,--,--,--,--,--,--,--,--
2026/5/8 23:59,--,--,--,--,22.2,9.7,22.2,45,--,--,--,--,8.5,5.2,8.5,80,--,--,--,--,--,--,--,--,--,--,--,--,--,--,--,--,--,--,--,55,44,--,--,--,--,--,--,--,--,--,--,--,--,--,--,--,--,--,--,--,--,--,--,--,--,--,--,--,--,--,--,--,--,--,--
2026/5/9 0:00,--,--,--,--,22.2,9.7,22.2,45,--,--,--,--,8.5,5.2,8.5,80,--,--,--,--,--,--,--,--,--,--,--,--,--,--,--,--,--,--,--,55,44,--,--,--,--,--,--,--,--,--,--,--,--,--,--,--,--,--,--,--,--,--,--,--,--,--,--,--,--,--,--,--,--,--,--
2026/5/9 0:05,--,--,--,--,22.2,9.7,22.2,45,--,--,--,--,8.4,5.1,8.4,80,--,--,--,--,--,--,--,--,--,--,--,--,--,--,--,--,--,--,--,55,44,--,--,--,--,--,--,--,--,--,--,--,--,--,--,--,--,--,--,--,--,--,--,--,--,--,--,--,--,--,--,--,--,--,--
2026/5/9 0:20,--,--,--,--,22.2,9.7,22.2,45,--,--,--,--,8.1,5.0,8.1,81,--,--,--,--,--,--,--,--,--,--,--,--,--,--,--,--,--,--,--,55,44,--,--,--,--,--,--,--,--,--,--,--,--,--,--,--,--,--,--,--,--,--,--,--,--,--,--,--,--,--,--,--,--,--,--
2026/5/9 0:35,--,--,--,--,22.2,9.7,22.2,45,--,--,--,--,7.7,4.8,7.7,82,--,--,--,--,--,--,--,--,--,--,--,--,--,--,--,--,--,--,--,55,44,--,--,--,--,--,--,--,--,--,--,--,--,--,--,--,--,--,--,--,--,--,--,--,--,--,--,--,--,--,--,--,--,--,--
2026/5/9 0:50,--,--,--,--,22.2,9.7,22.2,45,--,--,--,--,7.5,4.8,7.5,83,--,--,--,--,--,--,--,--,--,--,--,--,--,--,--,--,--,--,--,55,44,--,--,--,--,--,--,--,--,--,--,--,--,--,--,--,--,--,--,--,--,--,--,--,--,--,--,--,--,--,--,--,--,--,--
2026/5/9 1:05,--,--,--,--,22.2,9.7,22.2,45,--,--,--,--,7.4,4.7,7.4,83,--,--,--,--,--,--,--,--,--,--,--,--,--,--,--,--,--,--,--,55,44,--,--,--,--,--,--,--,--,--,--,--,--,--,--,--,--,--,--,--,--,--,--,--,--,--,--,--,--,--,--,--,--,--,--
2026/5/9 1:20,--,--,--,--,22.1,9.6,22.1,45,--,--,--,--,7.1,4.6,7.1,84,--,--,--,--,--,--,--,--,--,--,--,--,--,--,--,--,--,--,--,55,44,--,--,--,--,--,--,--,--,--,--,--,--,--,--,--,--,--,--,--,--,--,--,--,--,--,--,--,--,--,--,--,--,--,--
2026/5/9 1:35,--,--,--,--,22.1,9.6,22.1,45,--,--,--,--,6.9,4.4,6.9,84,--,--,--,--,--,--,--,--,--,--,--,--,--,--,--,--,--,--,--,55,44,--,--,--,--,--,--,--,--,--,--,--,--,--,--,--,--,--,--,--,--,--,--,--,--,--,--,--,--,--,--,--,--,--,--
2026/5/9 1:50,--,--,--,--,22.1,9.6,22.1,45,--,--,--,--,6.8,4.5,6.8,85,--,--,--,--,--,--,--,--,--,--,--,--,--,--,--,--,--,--,--,55,44,--,--,--,--,--,--,--,--,--,--,--,--,--,--,--,--,--,--,--,--,--,--,--,--,--,--,--,--,--,--,--,--,--,--
2026/5/9 2:05,--,--,--,--,22.1,9.6,22.1,45,--,--,--,--,6.6,4.5,6.6,86,--,--,--,--,--,--,--,--,--,--,--,--,--,--,--,--,--,--,--,55,44,--,--,--,--,--,--,--,--,--,--,--,--,--,--,--,--,--,--,--,--,--,--,--,--,--,--,--,--,--,--,--,--,--,--
2026/5/9 2:20,--,--,--,--,22.1,9.6,22.1,45,--,--,--,--,6.6,4.6,6.6,87,--,--,--,--,--,--,--,--,--,--,--,--,--,--,--,--,--,--,--,55,44,--,--,--,--,--,--,--,--,--,--,--,--,--,--,--,--,--,--,--,--,--,--,--,--,--,--,--,--,--,--,--,--,--,--
2026/5/9 2:35,--,--,--,--,22.0,9.6,22.0,45,--,--,--,--,6.3,4.3,6.3,87,--,--,--,--,--,--,--,--,--,--,--,--,--,--,--,--,--,--,--,55,44,--,--,--,--,--,--,--,--,--,--,--,--,--,--,--,--,--,--,--,--,--,--,--,--,--,--,--,--,--,--,--,--,--,--
2026/5/9 2:50,--,--,--,--,22.0,9.6,22.0,45,--,--,--,--,6.3,4.3,6.3,87,--,--,--,--,--,--,--,--,--,--,--,--,--,--,--,--,--,--,--,55,44,--,--,--,--,--,--,--,--,--,--,--,--,--,--,--,--,--,--,--,--,--,--,--,--,--,--,--,--,--,--,--,--,--,--
2026/5/9 3:05,--,--,--,--,22.0,9.6,22.0,45,--,--,--,--,6.0,4.0,6.0,87,--,--,--,--,--,--,--,--,--,--,--,--,--,--,--,--,--,--,--,55,44,--,--,--,--,--,--,--,--,--,--,--,--,--,--,--,--,--,--,--,--,--,--,--,--,--,--,--,--,--,--,--,--,--,--
2026/5/9 3:20,--,--,--,--,22.0,9.6,22.0,45,--,--,--,--,6.0,4.1,6.0,88,--,--,--,--,--,--,--,--,--,--,--,--,--,--,--,--,--,--,--,55,44,--,--,--,--,--,--,--,--,--,--,--,--,--,--,--,--,--,--,--,--,--,--,--,--,--,--,--,--,--,--,--,--,--,--
2026/5/9 3:35,--,--,--,--,22.0,9.6,22.0,45,--,--,--,--,6.1,4.2,6.1,88,--,--,--,--,--,--,--,--,--,--,--,--,--,--,--,--,--,--,--,55,44,--,--,--,--,--,--,--,--,--,--,--,--,--,--,--,--,--,--,--,--,--,--,--,--,--,--,--,--,--,--,--,--,--,--
2026/5/9 3:50,--,--,--,--,21.9,9.5,21.9,45,--,--,--,--,6.2,4.3,6.2,88,--,--,--,--,--,--,--,--,--,--,--,--,--,--,--,--,--,--,--,55,44,--,--,--,--,--,--,--,--,--,--,--,--,--,--,--,--,--,--,--,--,--,--,--,--,--,--,--,--,--,--,--,--,--,--
2026/5/9 4:05,--,--,--,--,21.9,9.5,21.9,45,--,--,--,--,5.9,4.0,5.9,88,--,--,--,--,--,--,--,--,--,--,--,--,--,--,--,--,--,--,--,55,44,--,--,--,--,--,--,--,--,--,--,--,--,--,--,--,--,--,--,--,--,--,--,--,--,--,--,--,--,--,--,--,--,--,--
2026/5/9 4:20,--,--,--,--,21.9,9.5,21.9,45,--,--,--,--,5.7,3.8,5.7,88,--,--,--,--,--,--,--,--,--,--,--,--,--,--,--,--,--,--,--,55,44,--,--,--,--,--,--,--,--,--,--,--,--,--,--,--,--,--,--,--,--,--,--,--,--,--,--,--,--,--,--,--,--,--,--
2026/5/9 4:35,--,--,--,--,21.9,9.5,21.9,45,--,--,--,--,5.7,4.0,5.7,89,--,--,--,--,--,--,--,--,--,--,--,--,--,--,--,--,--,--,--,55,44,--,--,--,--,--,--,--,--,--,--,--,--,--,--,--,--,--,--,--,--,--,--,--,--,--,--,--,--,--,--,--,--,--,--
2026/5/9 4:50,--,--,--,--,21.9,9.5,21.9,45,--,--,--,--,5.5,3.8,5.5,89,--,--,--,--,--,--,--,--,--,--,--,--,--,--,--,--,--,--,--,55,44,--,--,--,--,--,--,--,--,--,--,--,--,--,--,--,--,--,--,--,--,--,--,--,--,--,--,--,--,--,--,--,--,--,--
2026/5/9 5:05,--,--,--,--,21.8,9.4,21.8,45,--,--,--,--,5.3,3.6,5.3,89,--,--,--,--,--,--,--,--,--,--,--,--,--,--,--,--,--,--,--,55,44,--,--,--,--,--,--,--,--,--,--,--,--,--,--,--,--,--,--,--,--,--,--,--,--,--,--,--,--,--,--,--,--,--,--
2026/5/9 5:20,--,--,--,--,21.8,9.4,21.8,45,--,--,--,--,5.1,3.4,5.1,89,--,--,--,--,--,--,--,--,--,--,--,--,--,--,--,--,--,--,--,55,44,--,--,--,--,--,--,--,--,--,--,--,--,--,--,--,--,--,--,--,--,--,--,--,--,--,--,--,--,--,--,--,--,--,--
2026/5/9 5:35,--,--,--,--,21.8,9.4,21.8,45,--,--,--,--,5.0,3.5,5.0,90,--,--,--,--,--,--,--,--,--,--,--,--,--,--,--,--,--,--,--,55,44,--,--,--,--,--,--,--,--,--,--,--,--,--,--,--,--,--,--,--,--,--,--,--,--,--,--,--,--,--,--,--,--,--,--
2026/5/9 5:50,--,--,--,--,21.8,9.4,21.8,45,--,--,--,--,5.1,3.6,5.1,90,--,--,--,--,--,--,--,--,--,--,--,--,--,--,--,--,--,--,--,55,44,--,--,--,--,--,--,--,--,--,--,--,--,--,--,--,--,--,--,--,--,--,--,--,--,--,--,--,--,--,--,--,--,--,--
2026/5/9 6:05,--,--,--,--,21.8,9.4,21.8,45,--,--,--,--,5.0,3.5,5.0,90,--,--,--,--,--,--,--,--,--,--,--,--,--,--,--,--,--,--,--,55,44,--,--,--,--,--,--,--,--,--,--,--,--,--,--,--,--,--,--,--,--,--,--,--,--,--,--,--,--,--,--,--,--,--,--
2026/5/9 6:20,--,--,--,--,21.8,9.4,21.8,45,--,--,--,--,5.1,3.6,5.1,90,--,--,--,--,--,--,--,--,--,--,--,--,--,--,--,--,--,--,--,55,44,--,--,--,--,--,--,--,--,--,--,--,--,--,--,--,--,--,--,--,--,--,--,--,--,--,--,--,--,--,--,--,--,--,--
2026/5/9 6:35,--,--,--,--,21.8,9.4,21.8,45,--,--,--,--,5.5,4.0,5.5,90,--,--,--,--,--,--,--,--,--,--,--,--,--,--,--,--,--,--,--,55,44,--,--,--,--,--,--,--,--,--,--,--,--,--,--,--,--,--,--,--,--,--,--,--,--,--,--,--,--,--,--,--,--,--,--
2026/5/9 6:50,--,--,--,--,21.8,9.0,21.8,44,--,--,--,--,6.1,4.6,6.1,90,--,--,--,--,--,--,--,--,--,--,--,--,--,--,--,--,--,--,--,55,44,--,--,--,--,--,--,--,--,--,--,--,--,--,--,--,--,--,--,--,--,--,--,--,--,--,--,--,--,--,--,--,--,--,--
2026/5/9 7:05,--,--,--,--,21.7,8.6,21.7,43,--,--,--,--,7.1,5.6,7.1,90,--,--,--,--,--,--,--,--,--,--,--,--,--,--,--,--,--,--,--,55,44,--,--,--,--,--,--,--,--,--,--,--,--,--,--,--,--,--,--,--,--,--,--,--,--,--,--,--,--,--,--,--,--,--,--
2026/5/9 7:20,--,--,--,--,21.7,8.9,21.7,44,--,--,--,--,8.2,6.7,8.2,90,--,--,--,--,--,--,--,--,--,--,--,--,--,--,--,--,--,--,--,55,44,--,--,--,--,--,--,--,--,--,--,--,--,--,--,--,--,--,--,--,--,--,--,--,--,--,--,--,--,--,--,--,--,--,--
2026/5/9 7:35,--,--,--,--,21.8,9.0,21.8,44,--,--,--,--,9.5,7.7,9.5,89,--,--,--,--,--,--,--,--,--,--,--,--,--,--,--,--,--,--,--,55,44,--,--,--,--,--,--,--,--,--,--,--,--,--,--,--,--,--,--,--,--,--,--,--,--,--,--,--,--,--,--,--,--,--,--
2026/5/9 7:50,--,--,--,--,21.9,9.1,21.9,44,--,--,--,--,10.3,8.1,10.3,86,--,--,--,--,--,--,--,--,--,--,--,--,--,--,--,--,--,--,--,55,44,--,--,--,--,--,--,--,--,--,--,--,--,--,--,--,--,--,--,--,--,--,--,--,--,--,--,--,--,--,--,--,--,--,--
2026/5/9 8:05,--,--,--,--,22.0,9.2,22.0,44,--,--,--,--,11.0,8.4,11.0,84,--,--,--,--,--,--,--,--,--,--,--,--,--,--,--,--,--,--,--,55,44,--,--,--,--,--,--,--,--,--,--,--,--,--,--,--,--,--,--,--,--,--,--,--,--,--,--,--,--,--,--,--,--,--,--
2026/5/9 8:20,--,--,--,--,22.1,9.3,22.1,44,--,--,--,--,11.5,8.5,11.5,82,--,--,--,--,--,--,--,--,--,--,--,--,--,--,--,--,--,--,--,55,44,--,--,--,--,--,--,--,--,--,--,--,--,--,--,--,--,--,--,--,--,--,--,--,--,--,--,--,--,--,--,--,--,--,--
2026/5/9 8:35,--,--,--,--,22.0,9.2,22.0,44,--,--,--,--,11.9,8.7,11.9,81,--,--,--,--,--,--,--,--,--,--,--,--,--,--,--,--,--,--,--,55,44,--,--,--,--,--,--,--,--,--,--,--,--,--,--,--,--,--,--,--,--,--,--,--,--,--,--,--,--,--,--,--,--,--,--
2026/5/9 8:50,--,--,--,--,21.9,9.1,21.9,44,--,--,--,--,12.4,9.0,12.4,80,--,--,--,--,--,--,--,--,--,--,--,--,--,--,--,--,--,--,--,55,44,--,--,--,--,--,--,--,--,--,--,--,--,--,--,--,--,--,--,--,--,--,--,--,--,--,--,--,--,--,--,--,--,--,--
2026/5/9 9:05,--,--,--,--,21.9,9.1,21.9,44,--,--,--,--,13.1,9.4,13.1,78,--,--,--,--,--,--,--,--,--,--,--,--,--,--,--,--,--,--,--,55,44,--,--,--,--,--,--,--,--,--,--,--,--,--,--,--,--,--,--,--,--,--,--,--,--,--,--,--,--,--,--,--,--,--,--
2026/5/9 9:20,--,--,--,--,22.0,9.6,22.0,45,--,--,--,--,14.6,10.6,14.6,77,--,--,--,--,--,--,--,--,--,--,--,--,--,--,--,--,--,--,--,55,44,--,--,--,--,--,--,--,--,--,--,--,--,--,--,--,--,--,--,--,--,--,--,--,--,--,--,--,--,--,--,--,--,--,--
2026/5/9 9:35,--,--,--,--,22.3,10.1,22.3,46,--,--,--,--,16.2,11.4,16.2,73,--,--,--,--,--,--,--,--,--,--,--,--,--,--,--,--,--,--,--,55,44,--,--,--,--,--,--,--,--,--,--,--,--,--,--,--,--,--,--,--,--,--,--,--,--,--,--,--,--,--,--,--,--,--,--
2026/5/9 9:50,--,--,--,--,22.4,10.2,22.4,46,--,--,--,--,18.6,12.6,18.6,68,--,--,--,--,--,--,--,--,--,--,--,--,--,--,--,--,--,--,--,55,44,--,--,--,--,--,--,--,--,--,--,--,--,--,--,--,--,--,--,--,--,--,--,--,--,--,--,--,--,--,--,--,--,--,--
2026/5/9 10:05,--,--,--,--,22.5,10.3,22.5,46,--,--,--,--,21.1,13.3,21.1,61,--,--,--,--,--,--,--,--,--,--,--,--,--,--,--,--,--,--,--,55,44,--,--,--,--,--,--,--,--,--,--,--,--,--,--,--,--,--,--,--,--,--,--,--,--,--,--,--,--,--,--,--,--,--,--
2026/5/9 10:20,--,--,--,--,22.6,10.4,22.6,46,--,--,--,--,24.5,13.7,24.5,51,--,--,--,--,--,--,--,--,--,--,--,--,--,--,--,--,--,--,--,55,44,--,--,--,--,--,--,--,--,--,--,--,--,--,--,--,--,--,--,--,--,--,--,--,--,--,--,--,--,--,--,--,--,--,--
2026/5/9 10:35,--,--,--,--,22.7,10.5,22.7,46,--,--,--,--,26.5,15.3,26.5,50,--,--,--,--,--,--,--,--,--,--,--,--,--,--,--,--,--,--,--,55,44,--,--,--,--,--,--,--,--,--,--,--,--,--,--,--,--,--,--,--,--,--,--,--,--,--,--,--,--,--,--,--,--,--,--
2026/5/9 10:50,--,--,--,--,22.7,10.5,22.7,46,--,--,--,--,26.6,13.7,26.6,45,--,--,--,--,--,--,--,--,--,--,--,--,--,--,--,--,--,--,--,55,44,--,--,--,--,--,--,--,--,--,--,--,--,--,--,--,--,--,--,--,--,--,--,--,--,--,--,--,--,--,--,--,--,--,--
2026/5/9 11:05,--,--,--,--,22.8,10.6,22.8,46,--,--,--,--,27.3,14.0,27.3,44,--,--,--,--,--,--,--,--,--,--,--,--,--,--,--,--,--,--,--,55,44,--,--,--,--,--,--,--,--,--,--,--,--,--,--,--,--,--,--,--,--,--,--,--,--,--,--,--,--,--,--,--,--,--,--
2026/5/9 11:20,--,--,--,--,22.9,10.7,22.9,46,--,--,--,--,28.2,14.1,28.0,42,--,--,--,--,--,--,--,--,--,--,--,--,--,--,--,--,--,--,--,55,44,--,--,--,--,--,--,--,--,--,--,--,--,--,--,--,--,--,--,--,--,--,--,--,--,--,--,--,--,--,--,--,--,--,--
2026/5/9 11:35,--,--,--,--,22.9,10.7,22.9,46,--,--,--,--,28.9,13.2,28.3,38,--,--,--,--,--,--,--,--,--,--,--,--,--,--,--,--,--,--,--,55,44,--,--,--,--,--,--,--,--,--,--,--,--,--,--,--,--,--,--,--,--,--,--,--,--,--,--,--,--,--,--,--,--,--,--
2026/5/9 11:50,--,--,--,--,22.9,10.7,22.9,46,--,--,--,--,28.8,11.8,27.9,35,--,--,--,--,--,--,--,--,--,--,--,--,--,--,--,--,--,--,--,55,44,--,--,--,--,--,--,--,--,--,--,--,--,--,--,--,--,--,--,--,--,--,--,--,--,--,--,--,--,--,--,--,--,--,--
2026/5/9 12:05,--,--,--,--,22.8,10.3,22.8,45,--,--,--,--,28.0,12.0,27.4,37,--,--,--,--,--,--,--,--,--,--,--,--,--,--,--,--,--,--,--,55,44,--,--,--,--,--,--,--,--,--,--,--,--,--,--,--,--,--,--,--,--,--,--,--,--,--,--,--,--,--,--,--,--,--,--
2026/5/9 12:20,--,--,--,--,22.8,10.3,22.8,45,--,--,--,--,29.3,13.1,28.6,37,--,--,--,--,--,--,--,--,--,--,--,--,--,--,--,--,--,--,--,55,44,--,--,--,--,--,--,--,--,--,--,--,--,--,--,--,--,--,--,--,--,--,--,--,--,--,--,--,--,--,--,--,--,--,--
2026/5/9 12:35,--,--,--,--,22.8,10.3,22.8,45,--,--,--,--,28.7,10.9,28.7,33,--,--,--,--,--,--,--,--,--,--,--,--,--,--,--,--,--,--,--,55,44,--,--,--,--,--,--,--,--,--,--,--,--,--,--,--,--,--,--,--,--,--,--,--,--,--,--,--,--,--,--,--,--,--,--
2026/5/9 12:50,--,--,--,--,22.8,10.3,22.8,45,--,--,--,--,29.7,11.3,29.7,32,--,--,--,--,--,--,--,--,--,--,--,--,--,--,--,--,--,--,--,55,44,--,--,--,--,--,--,--,--,--,--,--,--,--,--,--,--,--,--,--,--,--,--,--,--,--,--,--,--,--,--,--,--,--,--
2026/5/9 13:05,--,--,--,--,22.8,10.3,22.8,45,--,--,--,--,30.1,11.6,30.1,32,--,--,--,--,--,--,--,--,--,--,--,--,--,--,--,--,--,--,--,55,44,--,--,--,--,--,--,--,--,--,--,--,--,--,--,--,--,--,--,--,--,--,--,--,--,--,--,--,--,--,--,--,--,--,--
2026/5/9 13:20,--,--,--,--,22.8,10.3,22.8,45,--,--,--,--,31.1,12.0,31.1,31,--,--,--,--,--,--,--,--,--,--,--,--,--,--,--,--,--,--,--,55,44,--,--,--,--,--,--,--,--,--,--,--,--,--,--,--,--,--,--,--,--,--,--,--,--,--,--,--,--,--,--,--,--,--,--
2026/5/9 13:35,--,--,--,--,22.8,9.9,22.8,44,--,--,--,--,33.4,12.5,33.4,28,--,--,--,--,--,--,--,--,--,--,--,--,--,--,--,--,--,--,--,55,44,--,--,--,--,--,--,--,--,--,--,--,--,--,--,--,--,--,--,--,--,--,--,--,--,--,--,--,--,--,--,--,--,--,--
2026/5/9 13:50,--,--,--,--,22.8,9.9,22.8,44,--,--,--,--,34.0,11.3,34.0,25,--,--,--,--,--,--,--,--,--,--,--,--,--,--,--,--,--,--,--,55,44,--,--,--,--,--,--,--,--,--,--,--,--,--,--,--,--,--,--,--,--,--,--,--,--,--,--,--,--,--,--,--,--,--,--
2026/5/9 14:05,--,--,--,--,22.8,9.9,22.8,44,--,--,--,--,33.7,11.6,33.7,26,--,--,--,--,--,--,--,--,--,--,--,--,--,--,--,--,--,--,--,55,44,--,--,--,--,--,--,--,--,--,--,--,--,--,--,--,--,--,--,--,--,--,--,--,--,--,--,--,--,--,--,--,--,--,--
2026/5/9 14:20,--,--,--,--,22.8,9.6,22.8,43,--,--,--,--,34.8,11.9,34.8,25,--,--,--,--,--,--,--,--,--,--,--,--,--,--,--,--,--,--,--,55,44,--,--,--,--,--,--,--,--,--,--,--,--,--,--,--,--,--,--,--,--,--,--,--,--,--,--,--,--,--,--,--,--,--,--
2026/5/9 14:35,--,--,--,--,22.8,9.6,22.8,43,--,--,--,--,36.6,14.6,36.6,27,--,--,--,--,--,--,--,--,--,--,--,--,--,--,--,--,--,--,--,55,44,--,--,--,--,--,--,--,--,--,--,--,--,--,--,--,--,--,--,--,--,--,--,--,--,--,--,--,--,--,--,--,--,--,--
2026/5/9 14:50,--,--,--,--,22.8,9.6,22.8,43,--,--,--,--,37.0,11.8,37.0,22,--,--,--,--,--,--,--,--,--,--,--,--,--,--,--,--,--,--,--,55,44,--,--,--,--,--,--,--,--,--,--,--,--,--,--,--,--,--,--,--,--,--,--,--,--,--,--,--,--,--,--,--,--,--,--
2026/5/9 15:05,--,--,--,--,22.8,9.3,22.8,42,--,--,--,--,36.3,11.2,36.3,22,--,--,--,--,--,--,--,--,--,--,--,--,--,--,--,--,--,--,--,55,44,--,--,--,--,--,--,--,--,--,--,--,--,--,--,--,--,--,--,--,--,--,--,--,--,--,--,--,--,--,--,--,--,--,--
2026/5/9 15:20,--,--,--,--,22.8,9.3,22.8,42,--,--,--,--,37.9,13.3,37.9,23,--,--,--,--,--,--,--,--,--,--,--,--,--,--,--,--,--,--,--,55,44,--,--,--,--,--,--,--,--,--,--,--,--,--,--,--,--,--,--,--,--,--,--,--,--,--,--,--,--,--,--,--,--,--,--
2026/5/9 15:35,--,--,--,--,22.7,8.4,22.7,40,--,--,--,--,38.9,14.1,38.9,23,--,--,--,--,--,--,--,--,--,--,--,--,--,--,--,--,--,--,--,55,44,--,--,--,--,--,--,--,--,--,--,--,--,--,--,--,--,--,--,--,--,--,--,--,--,--,--,--,--,--,--,--,--,--,--
2026/5/9 15:50,--,--,--,--,22.8,8.2,22.8,39,--,--,--,--,38.3,12.2,38.3,21,--,--,--,--,--,--,--,--,--,--,--,--,--,--,--,--,--,--,--,55,44,--,--,--,--,--,--,--,--,--,--,--,--,--,--,--,--,--,--,--,--,--,--,--,--,--,--,--,--,--,--,--,--,--,--
2026/5/9 16:05,--,--,--,--,22.8,8.9,22.8,41,--,--,--,--,38.3,11.4,38.3,20,--,--,--,--,--,--,--,--,--,--,--,--,--,--,--,--,--,--,--,55,44,--,--,--,--,--,--,--,--,--,--,--,--,--,--,--,--,--,--,--,--,--,--,--,--,--,--,--,--,--,--,--,--,--,--
2026/5/9 16:20,--,--,--,--,22.8,9.3,22.8,42,--,--,--,--,37.9,13.3,37.9,23,--,--,--,--,--,--,--,--,--,--,--,--,--,--,--,--,--,--,--,55,44,--,--,--,--,--,--,--,--,--,--,--,--,--,--,--,--,--,--,--,--,--,--,--,--,--,--,--,--,--,--,--,--,--,--
2026/5/9 16:35,--,--,--,--,22.9,9.3,22.9,42,--,--,--,--,36.0,11.0,36.0,22,--,--,--,--,--,--,--,--,--,--,--,--,--,--,--,--,--,--,--,55,44,--,--,--,--,--,--,--,--,--,--,--,--,--,--,--,--,--,--,--,--,--,--,--,--,--,--,--,--,--,--,--,--,--,--
2026/5/9 16:50,--,--,--,--,23.0,9.4,23.0,42,--,--,--,--,34.9,10.8,34.9,23,--,--,--,--,--,--,--,--,--,--,--,--,--,--,--,--,--,--,--,55,44,--,--,--,--,--,--,--,--,--,--,--,--,--,--,--,--,--,--,--,--,--,--,--,--,--,--,--,--,--,--,--,--,--,--
2026/5/9 17:05,--,--,--,--,23.0,9.4,23.0,42,--,--,--,--,33.4,11.3,33.4,26,--,--,--,--,--,--,--,--,--,--,--,--,--,--,--,--,--,--,--,55,44,--,--,--,--,--,--,--,--,--,--,--,--,--,--,--,--,--,--,--,--,--,--,--,--,--,--,--,--,--,--,--,--,--,--
2026/5/9 17:20,--,--,--,--,23.1,9.5,23.1,42,--,--,--,--,32.2,10.3,32.2,26,--,--,--,--,--,--,--,--,--,--,--,--,--,--,--,--,--,--,--,55,44,--,--,--,--,--,--,--,--,--,--,--,--,--,--,--,--,--,--,--,--,--,--,--,--,--,--,--,--,--,--,--,--,--,--
2026/5/9 17:35,--,--,--,--,23.1,9.9,23.1,43,--,--,--,--,31.1,9.9,31.1,27,--,--,--,--,--,--,--,--,--,--,--,--,--,--,--,--,--,--,--,55,44,--,--,--,--,--,--,--,--,--,--,--,--,--,--,--,--,--,--,--,--,--,--,--,--,--,--,--,--,--,--,--,--,--,--
2026/5/9 17:50,--,--,--,--,23.1,9.9,23.1,43,--,--,--,--,27.2,8.2,27.2,30,--,--,--,--,--,--,--,--,--,--,--,--,--,--,--,--,--,--,--,55,44,--,--,--,--,--,--,--,--,--,--,--,--,--,--,--,--,--,--,--,--,--,--,--,--,--,--,--,--,--,--,--,--,--,--
2026/5/9 18:05,--,--,--,--,23.2,10.0,23.2,43,--,--,--,--,26.0,7.6,26.0,31,--,--,--,--,--,--,--,--,--,--,--,--,--,--,--,--,--,--,--,55,44,--,--,--,--,--,--,--,--,--,--,--,--,--,--,--,--,--,--,--,--,--,--,--,--,--,--,--,--,--,--,--,--,--,--
2026/5/9 18:20,--,--,--,--,23.1,9.5,23.1,42,--,--,--,--,24.9,8.0,24.9,34,--,--,--,--,--,--,--,--,--,--,--,--,--,--,--,--,--,--,--,55,44,--,--,--,--,--,--,--,--,--,--,--,--,--,--,--,--,--,--,--,--,--,--,--,--,--,--,--,--,--,--,--,--,--,--
2026/5/9 18:35,--,--,--,--,23.1,9.5,23.1,42,--,--,--,--,24.3,7.5,24.3,34,--,--,--,--,--,--,--,--,--,--,--,--,--,--,--,--,--,--,--,55,44,--,--,--,--,--,--,--,--,--,--,--,--,--,--,--,--,--,--,--,--,--,--,--,--,--,--,--,--,--,--,--,--,--,--
2026/5/9 18:50,--,--,--,--,23.1,9.5,23.1,42,--,--,--,--,23.6,8.1,23.6,37,--,--,--,--,--,--,--,--,--,--,--,--,--,--,--,--,--,--,--,55,44,--,--,--,--,--,--,--,--,--,--,--,--,--,--,--,--,--,--,--,--,--,--,--,--,--,--,--,--,--,--,--,--,--,--
2026/5/9 19:05,--,--,--,--,23.1,9.2,23.1,41,--,--,--,--,22.6,7.6,22.6,38,--,--,--,--,--,--,--,--,--,--,--,--,--,--,--,--,--,--,--,55,44,--,--,--,--,--,--,--,--,--,--,--,--,--,--,--,--,--,--,--,--,--,--,--,--,--,--,--,--,--,--,--,--,--,--
2026/5/9 19:20,--,--,--,--,23.0,9.1,23.0,41,--,--,--,--,21.8,7.3,21.8,39,--,--,--,--,--,--,--,--,--,--,--,--,--,--,--,--,--,--,--,55,44,--,--,--,--,--,--,--,--,--,--,--,--,--,--,--,--,--,--,--,--,--,--,--,--,--,--,--,--,--,--,--,--,--,--
2026/5/9 19:35,--,--,--,--,23.0,9.1,23.0,41,--,--,--,--,21.2,7.4,21.2,41,--,--,--,--,--,--,--,--,--,--,--,--,--,--,--,--,--,--,--,55,44,--,--,--,--,--,--,--,--,--,--,--,--,--,--,--,--,--,--,--,--,--,--,--,--,--,--,--,--,--,--,--,--,--,--
2026/5/9 19:50,--,--,--,--,22.9,9.0,22.9,41,--,--,--,--,20.6,7.3,20.6,42,--,--,--,--,--,--,--,--,--,--,--,--,--,--,--,--,--,--,--,55,44,--,--,--,--,--,--,--,--,--,--,--,--,--,--,--,--,--,--,--,--,--,--,--,--,--,--,--,--,--,--,--,--,--,--
2026/5/9 20:05,--,--,--,--,22.8,8.9,22.8,41,--,--,--,--,20.0,8.4,20.0,47,--,--,--,--,--,--,--,--,--,--,--,--,--,--,--,--,--,--,--,55,44,--,--,--,--,--,--,--,--,--,--,--,--,--,--,--,--,--,--,--,--,--,--,--,--,--,--,--,--,--,--,--,--,--,--
2026/5/9 20:20,--,--,--,--,22.7,9.2,22.7,42,--,--,--,--,18.4,8.7,18.4,53,--,--,--,--,--,--,--,--,--,--,--,--,--,--,--,--,--,--,--,55,44,--,--,--,--,--,--,--,--,--,--,--,--,--,--,--,--,--,--,--,--,--,--,--,--,--,--,--,--,--,--,--,--,--,--
2026/5/9 20:35,--,--,--,--,22.7,9.2,22.7,42,--,--,--,--,16.8,8.2,16.8,57,--,--,--,--,--,--,--,--,--,--,--,--,--,--,--,--,--,--,--,55,44,--,--,--,--,--,--,--,--,--,--,--,--,--,--,--,--,--,--,--,--,--,--,--,--,--,--,--,--,--,--,--,--,--,--
2026/5/9 20:50,--,--,--,--,22.7,9.2,22.7,42,--,--,--,--,16.5,7.7,16.5,56,--,--,--,--,--,--,--,--,--,--,--,--,--,--,--,--,--,--,--,55,44,--,--,--,--,--,--,--,--,--,--,--,--,--,--,--,--,--,--,--,--,--,--,--,--,--,--,--,--,--,--,--,--,--,--
2026/5/9 21:05,--,--,--,--,22.7,9.2,22.7,42,--,--,--,--,16.2,7.2,16.2,55,--,--,--,--,--,--,--,--,--,--,--,--,--,--,--,--,--,--,--,55,44,--,--,--,--,--,--,--,--,--,--,--,--,--,--,--,--,--,--,--,--,--,--,--,--,--,--,--,--,--,--,--,--,--,--
2026/5/9 21:20,--,--,--,--,22.6,9.4,22.6,43,--,--,--,--,16.0,7.0,16.0,55,--,--,--,--,--,--,--,--,--,--,--,--,--,--,--,--,--,--,--,55,44,--,--,--,--,--,--,--,--,--,--,--,--,--,--,--,--,--,--,--,--,--,--,--,--,--,--,--,--,--,--,--,--,--,--
2026/5/9 21:35,--,--,--,--,22.6,9.4,22.6,43,--,--,--,--,16.1,6.8,16.1,54,--,--,--,--,--,--,--,--,--,--,--,--,--,--,--,--,--,--,--,55,44,--,--,--,--,--,--,--,--,--,--,--,--,--,--,--,--,--,--,--,--,--,--,--,--,--,--,--,--,--,--,--,--,--,--
2026/5/9 21:50,--,--,--,--,22.6,9.4,22.6,43,--,--,--,--,15.8,6.8,15.8,55,--,--,--,--,--,--,--,--,--,--,--,--,--,--,--,--,--,--,--,55,44,--,--,--,--,--,--,--,--,--,--,--,--,--,--,--,--,--,--,--,--,--,--,--,--,--,--,--,--,--,--,--,--,--,--
2026/5/9 22:05,--,--,--,--,22.7,9.5,22.7,43,--,--,--,--,15.7,6.7,15.7,55,--,--,--,--,--,--,--,--,--,--,--,--,--,--,--,--,--,--,--,55,44,--,--,--,--,--,--,--,--,--,--,--,--,--,--,--,--,--,--,--,--,--,--,--,--,--,--,--,--,--,--,--,--,--,--
2026/5/9 22:20,--,--,--,--,22.6,9.4,22.6,43,--,--,--,--,15.4,6.7,15.4,56,--,--,--,--,--,--,--,--,--,--,--,--,--,--,--,--,--,--,--,55,44,--,--,--,--,--,--,--,--,--,--,--,--,--,--,--,--,--,--,--,--,--,--,--,--,--,--,--,--,--,--,--,--,--,--
2026/5/9 22:35,--,--,--,--,22.6,9.4,22.6,43,--,--,--,--,15.2,6.5,15.2,56,--,--,--,--,--,--,--,--,--,--,--,--,--,--,--,--,--,--,--,55,44,--,--,--,--,--,--,--,--,--,--,--,--,--,--,--,--,--,--,--,--,--,--,--,--,--,--,--,--,--,--,--,--,--,--
2026/5/9 22:50,--,--,--,--,22.6,9.4,22.6,43,--,--,--,--,15.0,6.6,15.0,57,--,--,--,--,--,--,--,--,--,--,--,--,--,--,--,--,--,--,--,55,44,--,--,--,--,--,--,--,--,--,--,--,--,--,--,--,--,--,--,--,--,--,--,--,--,--,--,--,--,--,--,--,--,--,--
2026/5/9 23:05,--,--,--,--,22.5,9.3,22.5,43,--,--,--,--,14.8,6.4,14.8,57,--,--,--,--,--,--,--,--,--,--,--,--,--,--,--,--,--,--,--,55,44,--,--,--,--,--,--,--,--,--,--,--,--,--,--,--,--,--,--,--,--,--,--,--,--,--,--,--,--,--,--,--,--,--,--
2026/5/9 23:20,--,--,--,--,22.5,9.3,22.5,43,--,--,--,--,14.6,6.4,14.6,58,--,--,--,--,--,--,--,--,--,--,--,--,--,--,--,--,--,--,--,55,44,--,--,--,--,--,--,--,--,--,--,--,--,--,--,--,--,--,--,--,--,--,--,--,--,--,--,--,--,--,--,--,--,--,--
2026/5/9 23:35,--,--,--,--,22.5,9.7,22.5,44,--,--,--,--,14.4,6.5,14.4,59,--,--,--,--,--,--,--,--,--,--,--,--,--,--,--,--,--,--,--,55,44,--,--,--,--,--,--,--,--,--,--,--,--,--,--,--,--,--,--,--,--,--,--,--,--,--,--,--,--,--,--,--,--,--,--
2026/5/9 23:50,--,--,--,--,22.4,9.6,22.4,44,--,--,--,--,14.1,6.5,14.1,60,--,--,--,--,--,--,--,--,--,--,--,--,--,--,--,--,--,--,--,55,44,--,--,--,--,--,--,--,--,--,--,--,--,--,--,--,--,--,--,--,--,--,--,--,--,--,--,--,--,--,--,--,--,--,--
2026/5/9 23:59,--,--,--,--,22.4,9.6,22.4,44,--,--,--,--,14.1,6.7,14.1,61,--,--,--,--,--,--,--,--,--,--,--,--,--,--,--,--,--,--,--,55,44,--,--,--,--,--,--,--,--,--,--,--,--,--,--,--,--,--,--,--,--,--,--,--,--,--,--,--,--,--,--,--,--,--,--
2026/5/10 0:00,--,--,--,--,22.4,9.6,22.4,44,--,--,--,--,14.1,6.7,14.1,61,--,--,--,--,--,--,--,--,--,--,--,--,--,--,--,--,--,--,--,55,44,--,--,--,--,--,--,--,--,--,--,--,--,--,--,--,--,--,--,--,--,--,--,--,--,--,--,--,--,--,--,--,--,--,--
2026/5/10 0:05,--,--,--,--,22.4,9.6,22.4,44,--,--,--,--,14.0,6.8,14.0,62,--,--,--,--,--,--,--,--,--,--,--,--,--,--,--,--,--,--,--,55,44,--,--,--,--,--,--,--,--,--,--,--,--,--,--,--,--,--,--,--,--,--,--,--,--,--,--,--,--,--,--,--,--,--,--
2026/5/10 0:20,--,--,--,--,22.4,9.6,22.4,44,--,--,--,--,14.0,6.8,14.0,62,--,--,--,--,--,--,--,--,--,--,--,--,--,--,--,--,--,--,--,55,44,--,--,--,--,--,--,--,--,--,--,--,--,--,--,--,--,--,--,--,--,--,--,--,--,--,--,--,--,--,--,--,--,--,--
2026/5/10 0:35,--,--,--,--,22.4,9.6,22.4,44,--,--,--,--,13.8,6.9,13.8,63,--,--,--,--,--,--,--,--,--,--,--,--,--,--,--,--,--,--,--,55,44,--,--,--,--,--,--,--,--,--,--,--,--,--,--,--,--,--,--,--,--,--,--,--,--,--,--,--,--,--,--,--,--,--,--
2026/5/10 0:50,--,--,--,--,22.3,9.5,22.3,44,--,--,--,--,13.5,7.1,13.5,65,--,--,--,--,--,--,--,--,--,--,--,--,--,--,--,--,--,--,--,55,44,--,--,--,--,--,--,--,--,--,--,--,--,--,--,--,--,--,--,--,--,--,--,--,--,--,--,--,--,--,--,--,--,--,--
2026/5/10 1:05,--,--,--,--,22.3,9.5,22.3,44,--,--,--,--,12.6,6.8,12.6,68,--,--,--,--,--,--,--,--,--,--,--,--,--,--,--,--,--,--,--,55,44,--,--,--,--,--,--,--,--,--,--,--,--,--,--,--,--,--,--,--,--,--,--,--,--,--,--,--,--,--,--,--,--,--,--
2026/5/10 1:20,--,--,--,--,22.3,9.5,22.3,44,--,--,--,--,12.0,6.7,12.0,70,--,--,--,--,--,--,--,--,--,--,--,--,--,--,--,--,--,--,--,55,44,--,--,--,--,--,--,--,--,--,--,--,--,--,--,--,--,--,--,--,--,--,--,--,--,--,--,--,--,--,--,--,--,--,--
2026/5/10 1:35,--,--,--,--,22.3,9.5,22.3,44,--,--,--,--,11.2,6.6,11.2,73,--,--,--,--,--,--,--,--,--,--,--,--,--,--,--,--,--,--,--,55,44,--,--,--,--,--,--,--,--,--,--,--,--,--,--,--,--,--,--,--,--,--,--,--,--,--,--,--,--,--,--,--,--,--,--
2026/5/10 1:50,--,--,--,--,22.2,9.4,22.2,44,--,--,--,--,10.5,6.3,10.5,75,--,--,--,--,--,--,--,--,--,--,--,--,--,--,--,--,--,--,--,55,44,--,--,--,--,--,--,--,--,--,--,--,--,--,--,--,--,--,--,--,--,--,--,--,--,--,--,--,--,--,--,--,--,--,--
2026/5/10 2:05,--,--,--,--,22.3,9.5,22.3,44,--,--,--,--,10.3,6.2,10.3,76,--,--,--,--,--,--,--,--,--,--,--,--,--,--,--,--,--,--,--,55,44,--,--,--,--,--,--,--,--,--,--,--,--,--,--,--,--,--,--,--,--,--,--,--,--,--,--,--,--,--,--,--,--,--,--
2026/5/10 2:20,--,--,--,--,22.2,9.4,22.2,44,--,--,--,--,9.8,6.2,9.8,78,--,--,--,--,--,--,--,--,--,--,--,--,--,--,--,--,--,--,--,55,44,--,--,--,--,--,--,--,--,--,--,--,--,--,--,--,--,--,--,--,--,--,--,--,--,--,--,--,--,--,--,--,--,--,--
2026/5/10 2:35,--,--,--,--,22.2,9.4,22.2,44,--,--,--,--,9.6,6.3,9.6,80,--,--,--,--,--,--,--,--,--,--,--,--,--,--,--,--,--,--,--,55,44,--,--,--,--,--,--,--,--,--,--,--,--,--,--,--,--,--,--,--,--,--,--,--,--,--,--,--,--,--,--,--,--,--,--
2026/5/10 2:50,--,--,--,--,22.2,9.4,22.2,44,--,--,--,--,9.6,6.3,9.6,80,--,--,--,--,--,--,--,--,--,--,--,--,--,--,--,--,--,--,--,55,44,--,--,--,--,--,--,--,--,--,--,--,--,--,--,--,--,--,--,--,--,--,--,--,--,--,--,--,--,--,--,--,--,--,--
2026/5/10 3:05,--,--,--,--,22.2,9.4,22.2,44,--,--,--,--,9.5,6.4,9.5,81,--,--,--,--,--,--,--,--,--,--,--,--,--,--,--,--,--,--,--,55,44,--,--,--,--,--,--,--,--,--,--,--,--,--,--,--,--,--,--,--,--,--,--,--,--,--,--,--,--,--,--,--,--,--,--
2026/5/10 3:20,--,--,--,--,22.1,9.3,22.1,44,--,--,--,--,9.3,6.2,9.3,81,--,--,--,--,--,--,--,--,--,--,--,--,--,--,--,--,--,--,--,55,44,--,--,--,--,--,--,--,--,--,--,--,--,--,--,--,--,--,--,--,--,--,--,--,--,--,--,--,--,--,--,--,--,--,--
2026/5/10 3:35,--,--,--,--,22.2,9.4,22.2,44,--,--,--,--,8.9,6.0,8.9,82,--,--,--,--,--,--,--,--,--,--,--,--,--,--,--,--,--,--,--,55,44,--,--,--,--,--,--,--,--,--,--,--,--,--,--,--,--,--,--,--,--,--,--,--,--,--,--,--,--,--,--,--,--,--,--
2026/5/10 3:50,--,--,--,--,22.1,9.3,22.1,44,--,--,--,--,8.8,6.1,8.8,83,--,--,--,--,--,--,--,--,--,--,--,--,--,--,--,--,--,--,--,55,44,--,--,--,--,--,--,--,--,--,--,--,--,--,--,--,--,--,--,--,--,--,--,--,--,--,--,--,--,--,--,--,--,--,--
2026/5/10 4:05,--,--,--,--,22.1,9.3,22.1,44,--,--,--,--,8.9,6.3,8.9,84,--,--,--,--,--,--,--,--,--,--,--,--,--,--,--,--,--,--,--,55,44,--,--,--,--,--,--,--,--,--,--,--,--,--,--,--,--,--,--,--,--,--,--,--,--,--,--,--,--,--,--,--,--,--,--
2026/5/10 4:20,--,--,--,--,22.1,9.3,22.1,44,--,--,--,--,8.6,6.0,8.6,84,--,--,--,--,--,--,--,--,--,--,--,--,--,--,--,--,--,--,--,55,44,--,--,--,--,--,--,--,--,--,--,--,--,--,--,--,--,--,--,--,--,--,--,--,--,--,--,--,--,--,--,--,--,--,--
2026/5/10 4:35,--,--,--,--,22.1,9.3,22.1,44,--,--,--,--,8.3,5.7,8.3,84,--,--,--,--,--,--,--,--,--,--,--,--,--,--,--,--,--,--,--,55,44,--,--,--,--,--,--,--,--,--,--,--,--,--,--,--,--,--,--,--,--,--,--,--,--,--,--,--,--,--,--,--,--,--,--
2026/5/10 4:50,--,--,--,--,22.0,9.2,22.0,44,--,--,--,--,8.2,5.8,8.2,85,--,--,--,--,--,--,--,--,--,--,--,--,--,--,--,--,--,--,--,55,44,--,--,--,--,--,--,--,--,--,--,--,--,--,--,--,--,--,--,--,--,--,--,--,--,--,--,--,--,--,--,--,--,--,--
2026/5/10 5:05,--,--,--,--,22.0,9.2,22.0,44,--,--,--,--,8.4,6.2,8.4,86,--,--,--,--,--,--,--,--,--,--,--,--,--,--,--,--,--,--,--,55,44,--,--,--,--,--,--,--,--,--,--,--,--,--,--,--,--,--,--,--,--,--,--,--,--,--,--,--,--,--,--,--,--,--,--
2026/5/10 5:20,--,--,--,--,22.0,9.2,22.0,44,--,--,--,--,8.4,6.2,8.4,86,--,--,--,--,--,--,--,--,--,--,--,--,--,--,--,--,--,--,--,55,44,--,--,--,--,--,--,--,--,--,--,--,--,--,--,--,--,--,--,--,--,--,--,--,--,--,--,--,--,--,--,--,--,--,--
2026/5/10 5:35,--,--,--,--,22.0,9.2,22.0,44,--,--,--,--,8.3,6.1,8.3,86,--,--,--,--,--,--,--,--,--,--,--,--,--,--,--,--,--,--,--,55,44,--,--,--,--,--,--,--,--,--,--,--,--,--,--,--,--,--,--,--,--,--,--,--,--,--,--,--,--,--,--,--,--,--,--
2026/5/10 5:50,--,--,--,--,22.0,9.2,22.0,44,--,--,--,--,8.2,6.0,8.2,86,--,--,--,--,--,--,--,--,--,--,--,--,--,--,--,--,--,--,--,55,44,--,--,--,--,--,--,--,--,--,--,--,--,--,--,--,--,--,--,--,--,--,--,--,--,--,--,--,--,--,--,--,--,--,--
2026/5/10 6:05,--,--,--,--,22.0,9.2,22.0,44,--,--,--,--,8.2,6.0,8.2,86,--,--,--,--,--,--,--,--,--,--,--,--,--,--,--,--,--,--,--,55,44,--,--,--,--,--,--,--,--,--,--,--,--,--,--,--,--,--,--,--,--,--,--,--,--,--,--,--,--,--,--,--,--,--,--
2026/5/10 6:20,--,--,--,--,22.0,9.2,22.0,44,--,--,--,--,8.5,6.3,8.5,86,--,--,--,--,--,--,--,--,--,--,--,--,--,--,--,--,--,--,--,55,44,--,--,--,--,--,--,--,--,--,--,--,--,--,--,--,--,--,--,--,--,--,--,--,--,--,--,--,--,--,--,--,--,--,--
2026/5/10 6:35,--,--,--,--,22.0,9.2,22.0,44,--,--,--,--,8.8,6.6,8.8,86,--,--,--,--,--,--,--,--,--,--,--,--,--,--,--,--,--,--,--,55,44,--,--,--,--,--,--,--,--,--,--,--,--,--,--,--,--,--,--,--,--,--,--,--,--,--,--,--,--,--,--,--,--,--,--
2026/5/10 6:50,--,--,--,--,21.9,9.1,21.9,44,--,--,--,--,9.5,7.3,9.5,86,--,--,--,--,--,--,--,--,--,--,--,--,--,--,--,--,--,--,--,55,44,--,--,--,--,--,--,--,--,--,--,--,--,--,--,--,--,--,--,--,--,--,--,--,--,--,--,--,--,--,--,--,--,--,--
2026/5/10 7:05,--,--,--,--,22.0,9.2,22.0,44,--,--,--,--,10.3,7.9,10.3,85,--,--,--,--,--,--,--,--,--,--,--,--,--,--,--,--,--,--,--,55,44,--,--,--,--,--,--,--,--,--,--,--,--,--,--,--,--,--,--,--,--,--,--,--,--,--,--,--,--,--,--,--,--,--,--
2026/5/10 7:20,--,--,--,--,22.0,9.2,22.0,44,--,--,--,--,11.3,8.7,11.3,84,--,--,--,--,--,--,--,--,--,--,--,--,--,--,--,--,--,--,--,55,44,--,--,--,--,--,--,--,--,--,--,--,--,--,--,--,--,--,--,--,--,--,--,--,--,--,--,--,--,--,--,--,--,--,--
2026/5/10 7:35,--,--,--,--,22.1,9.6,22.1,45,--,--,--,--,12.4,9.4,12.4,82,--,--,--,--,--,--,--,--,--,--,--,--,--,--,--,--,--,--,--,55,44,--,--,--,--,--,--,--,--,--,--,--,--,--,--,--,--,--,--,--,--,--,--,--,--,--,--,--,--,--,--,--,--,--,--
2026/5/10 7:50,--,--,--,--,22.2,9.7,22.2,45,--,--,--,--,13.3,9.9,13.3,80,--,--,--,--,--,--,--,--,--,--,--,--,--,--,--,--,--,--,--,55,44,--,--,--,--,--,--,--,--,--,--,--,--,--,--,--,--,--,--,--,--,--,--,--,--,--,--,--,--,--,--,--,--,--,--
2026/5/10 8:05,--,--,--,--,22.2,9.7,22.2,45,--,--,--,--,14.1,10.3,14.1,78,--,--,--,--,--,--,--,--,--,--,--,--,--,--,--,--,--,--,--,55,44,--,--,--,--,--,--,--,--,--,--,--,--,--,--,--,--,--,--,--,--,--,--,--,--,--,--,--,--,--,--,--,--,--,--
2026/5/10 8:20,--,--,--,--,22.3,9.8,22.3,45,--,--,--,--,15.3,10.9,15.3,75,--,--,--,--,--,--,--,--,--,--,--,--,--,--,--,--,--,--,--,55,44,--,--,--,--,--,--,--,--,--,--,--,--,--,--,--,--,--,--,--,--,--,--,--,--,--,--,--,--,--,--,--,--,--,--
2026/5/10 8:35,--,--,--,--,22.3,10.1,22.3,46,--,--,--,--,16.3,11.2,16.3,72,--,--,--,--,--,--,--,--,--,--,--,--,--,--,--,--,--,--,--,55,44,--,--,--,--,--,--,--,--,--,--,--,--,--,--,--,--,--,--,--,--,--,--,--,--,--,--,--,--,--,--,--,--,--,--
2026/5/10 8:50,--,--,--,--,22.4,10.2,22.4,46,--,--,--,--,17.1,11.6,17.1,70,--,--,--,--,--,--,--,--,--,--,--,--,--,--,--,--,--,--,--,55,44,--,--,--,--,--,--,--,--,--,--,--,--,--,--,--,--,--,--,--,--,--,--,--,--,--,--,--,--,--,--,--,--,--,--
2026/5/10 9:05,--,--,--,--,22.4,10.2,22.4,46,--,--,--,--,17.7,11.7,17.7,68,--,--,--,--,--,--,--,--,--,--,--,--,--,--,--,--,--,--,--,55,44,--,--,--,--,--,--,--,--,--,--,--,--,--,--,--,--,--,--,--,--,--,--,--,--,--,--,--,--,--,--,--,--,--,--
2026/5/10 9:20,--,--,--,--,22.4,10.2,22.4,46,--,--,--,--,18.4,11.9,18.4,66,--,--,--,--,--,--,--,--,--,--,--,--,--,--,--,--,--,--,--,55,44,--,--,--,--,--,--,--,--,--,--,--,--,--,--,--,--,--,--,--,--,--,--,--,--,--,--,--,--,--,--,--,--,--,--
2026/5/10 9:35,--,--,--,--,22.5,10.3,22.5,46,--,--,--,--,19.4,12.7,19.4,65,--,--,--,--,--,--,--,--,--,--,--,--,--,--,--,--,--,--,--,55,44,--,--,--,--,--,--,--,--,--,--,--,--,--,--,--,--,--,--,--,--,--,--,--,--,--,--,--,--,--,--,--,--,--,--
2026/5/10 9:50,--,--,--,--,22.5,10.6,22.5,47,--,--,--,--,20.8,12.2,20.8,58,--,--,--,--,--,--,--,--,--,--,--,--,--,--,--,--,--,--,--,55,44,--,--,--,--,--,--,--,--,--,--,--,--,--,--,--,--,--,--,--,--,--,--,--,--,--,--,--,--,--,--,--,--,--,--
2026/5/10 10:05,--,--,--,--,22.6,10.7,22.6,47,--,--,--,--,21.9,13.3,21.9,58,--,--,--,--,--,--,--,--,--,--,--,--,--,--,--,--,--,--,--,55,44,--,--,--,--,--,--,--,--,--,--,--,--,--,--,--,--,--,--,--,--,--,--,--,--,--,--,--,--,--,--,--,--,--,--
2026/5/10 10:20,--,--,--,--,22.6,10.7,22.6,47,--,--,--,--,22.8,13.0,22.8,54,--,--,--,--,--,--,--,--,--,--,--,--,--,--,--,--,--,--,--,55,44,--,--,--,--,--,--,--,--,--,--,--,--,--,--,--,--,--,--,--,--,--,--,--,--,--,--,--,--,--,--,--,--,--,--
2026/5/10 10:35,--,--,--,--,22.6,10.7,22.6,47,--,--,--,--,25.6,14.8,25.6,51,--,--,--,--,--,--,--,--,--,--,--,--,--,--,--,--,--,--,--,55,44,--,--,--,--,--,--,--,--,--,--,--,--,--,--,--,--,--,--,--,--,--,--,--,--,--,--,--,--,--,--,--,--,--,--
2026/5/10 10:50,--,--,--,--,22.7,10.8,22.7,47,--,--,--,--,26.7,13.8,26.9,45,--,--,--,--,--,--,--,--,--,--,--,--,--,--,--,--,--,--,--,55,44,--,--,--,--,--,--,--,--,--,--,--,--,--,--,--,--,--,--,--,--,--,--,--,--,--,--,--,--,--,--,--,--,--,--
2026/5/10 11:05,--,--,--,--,22.8,11.3,22.8,48,--,--,--,--,28.8,14.3,28.4,41,--,--,--,--,--,--,--,--,--,--,--,--,--,--,--,--,--,--,--,55,44,--,--,--,--,--,--,--,--,--,--,--,--,--,--,--,--,--,--,--,--,--,--,--,--,--,--,--,--,--,--,--,--,--,--
2026/5/10 11:20,--,--,--,--,22.8,11.3,22.8,48,--,--,--,--,27.4,13.0,27.2,41,--,--,--,--,--,--,--,--,--,--,--,--,--,--,--,--,--,--,--,55,44,--,--,--,--,--,--,--,--,--,--,--,--,--,--,--,--,--,--,--,--,--,--,--,--,--,--,--,--,--,--,--,--,--,--
2026/5/10 11:35,--,--,--,--,22.8,11.3,22.8,48,--,--,--,--,27.0,12.7,26.9,41,--,--,--,--,--,--,--,--,--,--,--,--,--,--,--,--,--,--,--,55,44,--,--,--,--,--,--,--,--,--,--,--,--,--,--,--,--,--,--,--,--,--,--,--,--,--,--,--,--,--,--,--,--,--,--
2026/5/10 11:50,--,--,--,--,22.8,10.9,22.8,47,--,--,--,--,26.7,12.8,26.7,42,--,--,--,--,--,--,--,--,--,--,--,--,--,--,--,--,--,--,--,55,44,--,--,--,--,--,--,--,--,--,--,--,--,--,--,--,--,--,--,--,--,--,--,--,--,--,--,--,--,--,--,--,--,--,--
2026/5/10 12:05,--,--,--,--,22.7,10.5,22.7,46,--,--,--,--,26.8,13.6,26.9,44,--,--,--,--,--,--,--,--,--,--,--,--,--,--,--,--,--,--,--,55,44,--,--,--,--,--,--,--,--,--,--,--,--,--,--,--,--,--,--,--,--,--,--,--,--,--,--,--,--,--,--,--,--,--,--
2026/5/10 12:20,--,--,--,--,22.7,10.8,22.7,47,--,--,--,--,27.3,12.9,27.1,41,--,--,--,--,--,--,--,--,--,--,--,--,--,--,--,--,--,--,--,55,44,--,--,--,--,--,--,--,--,--,--,--,--,--,--,--,--,--,--,--,--,--,--,--,--,--,--,--,--,--,--,--,--,--,--
2026/5/10 12:35,--,--,--,--,22.8,10.9,22.8,47,--,--,--,--,27.1,12.0,26.9,39,--,--,--,--,--,--,--,--,--,--,--,--,--,--,--,--,--,--,--,55,44,--,--,--,--,--,--,--,--,--,--,--,--,--,--,--,--,--,--,--,--,--,--,--,--,--,--,--,--,--,--,--,--,--,--
2026/5/10 12:50,--,--,--,--,22.8,10.9,22.8,47,--,--,--,--,26.5,11.8,26.5,40,--,--,--,--,--,--,--,--,--,--,--,--,--,--,--,--,--,--,--,55,44,--,--,--,--,--,--,--,--,--,--,--,--,--,--,--,--,--,--,--,--,--,--,--,--,--,--,--,--,--,--,--,--,--,--
2026/5/10 13:05,--,--,--,--,22.8,10.9,22.8,47,--,--,--,--,26.2,11.6,26.2,40,--,--,--,--,--,--,--,--,--,--,--,--,--,--,--,--,--,--,--,55,44,--,--,--,--,--,--,--,--,--,--,--,--,--,--,--,--,--,--,--,--,--,--,--,--,--,--,--,--,--,--,--,--,--,--
2026/5/10 13:20,--,--,--,--,22.8,10.9,22.8,47,--,--,--,--,25.9,10.9,25.9,39,--,--,--,--,--,--,--,--,--,--,--,--,--,--,--,--,--,--,--,55,44,--,--,--,--,--,--,--,--,--,--,--,--,--,--,--,--,--,--,--,--,--,--,--,--,--,--,--,--,--,--,--,--,--,--
2026/5/10 13:35,--,--,--,--,22.8,10.9,22.8,47,--,--,--,--,27.0,11.9,26.8,39,--,--,--,--,--,--,--,--,--,--,--,--,--,--,--,--,--,--,--,55,44,--,--,--,--,--,--,--,--,--,--,--,--,--,--,--,--,--,--,--,--,--,--,--,--,--,--,--,--,--,--,--,--,--,--
2026/5/10 13:50,--,--,--,--,22.9,11.0,22.9,47,--,--,--,--,28.9,13.2,28.3,38,--,--,--,--,--,--,--,--,--,--,--,--,--,--,--,--,--,--,--,55,44,--,--,--,--,--,--,--,--,--,--,--,--,--,--,--,--,--,--,--,--,--,--,--,--,--,--,--,--,--,--,--,--,--,--
2026/5/10 14:05,--,--,--,--,22.9,11.0,22.9,47,--,--,--,--,32.1,13.4,32.1,32,--,--,--,--,--,--,--,--,--,--,--,--,--,--,--,--,--,--,--,55,44,--,--,--,--,--,--,--,--,--,--,--,--,--,--,--,--,--,--,--,--,--,--,--,--,--,--,--,--,--,--,--,--,--,--
2026/5/10 14:20,--,--,--,--,22.9,11.0,22.9,47,--,--,--,--,32.7,12.9,32.7,30,--,--,--,--,--,--,--,--,--,--,--,--,--,--,--,--,--,--,--,55,44,--,--,--,--,--,--,--,--,--,--,--,--,--,--,--,--,--,--,--,--,--,--,--,--,--,--,--,--,--,--,--,--,--,--
2026/5/10 14:35,--,--,--,--,22.9,11.0,22.9,47,--,--,--,--,32.4,13.6,32.4,32,--,--,--,--,--,--,--,--,--,--,--,--,--,--,--,--,--,--,--,55,44,--,--,--,--,--,--,--,--,--,--,--,--,--,--,--,--,--,--,--,--,--,--,--,--,--,--,--,--,--,--,--,--,--,--
2026/5/10 14:50,--,--,--,--,22.9,11.0,22.9,47,--,--,--,--,33.6,13.2,33.6,29,--,--,--,--,--,--,--,--,--,--,--,--,--,--,--,--,--,--,--,55,44,--,--,--,--,--,--,--,--,--,--,--,--,--,--,--,--,--,--,--,--,--,--,--,--,--,--,--,--,--,--,--,--,--,--
2026/5/10 15:05,--,--,--,--,23.0,11.1,23.0,47,--,--,--,--,31.9,12.2,31.9,30,--,--,--,--,--,--,--,--,--,--,--,--,--,--,--,--,--,--,--,55,44,--,--,--,--,--,--,--,--,--,--,--,--,--,--,--,--,--,--,--,--,--,--,--,--,--,--,--,--,--,--,--,--,--,--
2026/5/10 15:20,--,--,--,--,23.0,11.1,23.0,47,--,--,--,--,31.4,12.8,31.4,32,--,--,--,--,--,--,--,--,--,--,--,--,--,--,--,--,--,--,--,55,44,--,--,--,--,--,--,--,--,--,--,--,--,--,--,--,--,--,--,--,--,--,--,--,--,--,--,--,--,--,--,--,--,--,--
2026/5/10 15:35,--,--,--,--,23.0,11.1,23.0,47,--,--,--,--,31.6,12.5,31.6,31,--,--,--,--,--,--,--,--,--,--,--,--,--,--,--,--,--,--,--,55,44,--,--,--,--,--,--,--,--,--,--,--,--,--,--,--,--,--,--,--,--,--,--,--,--,--,--,--,--,--,--,--,--,--,--
2026/5/10 15:50,--,--,--,--,23.1,11.2,23.1,47,--,--,--,--,32.5,13.2,32.5,31,--,--,--,--,--,--,--,--,--,--,--,--,--,--,--,--,--,--,--,55,44,--,--,--,--,--,--,--,--,--,--,--,--,--,--,--,--,--,--,--,--,--,--,--,--,--,--,--,--,--,--,--,--,--,--
2026/5/10 16:05,--,--,--,--,23.1,11.2,23.1,47,--,--,--,--,31.7,12.0,31.7,30,--,--,--,--,--,--,--,--,--,--,--,--,--,--,--,--,--,--,--,55,44,--,--,--,--,--,--,--,--,--,--,--,--,--,--,--,--,--,--,--,--,--,--,--,--,--,--,--,--,--,--,--,--,--,--
2026/5/10 16:20,--,--,--,--,23.2,11.3,23.2,47,--,--,--,--,29.9,11.5,29.9,32,--,--,--,--,--,--,--,--,--,--,--,--,--,--,--,--,--,--,--,55,44,--,--,--,--,--,--,--,--,--,--,--,--,--,--,--,--,--,--,--,--,--,--,--,--,--,--,--,--,--,--,--,--,--,--
2026/5/10 16:35,--,--,--,--,23.2,11.3,23.2,47,--,--,--,--,29.6,11.7,29.6,33,--,--,--,--,--,--,--,--,--,--,--,--,--,--,--,--,--,--,--,55,44,--,--,--,--,--,--,--,--,--,--,--,--,--,--,--,--,--,--,--,--,--,--,--,--,--,--,--,--,--,--,--,--,--,--
2026/5/10 16:50,--,--,--,--,23.3,11.7,23.3,48,--,--,--,--,29.7,12.2,29.7,34,--,--,--,--,--,--,--,--,--,--,--,--,--,--,--,--,--,--,--,55,44,--,--,--,--,--,--,--,--,--,--,--,--,--,--,--,--,--,--,--,--,--,--,--,--,--,--,--,--,--,--,--,--,--,--
2026/5/10 17:05,--,--,--,--,23.3,11.7,23.3,48,--,--,--,--,28.9,11.5,28.9,34,--,--,--,--,--,--,--,--,--,--,--,--,--,--,--,--,--,--,--,55,44,--,--,--,--,--,--,--,--,--,--,--,--,--,--,--,--,--,--,--,--,--,--,--,--,--,--,--,--,--,--,--,--,--,--
2026/5/10 17:20,--,--,--,--,23.3,11.7,23.3,48,--,--,--,--,27.5,11.5,27.1,37,--,--,--,--,--,--,--,--,--,--,--,--,--,--,--,--,--,--,--,55,44,--,--,--,--,--,--,--,--,--,--,--,--,--,--,--,--,--,--,--,--,--,--,--,--,--,--,--,--,--,--,--,--,--,--
2026/5/10 17:35,--,--,--,--,23.4,11.8,23.4,48,--,--,--,--,26.4,11.4,26.4,39,--,--,--,--,--,--,--,--,--,--,--,--,--,--,--,--,--,--,--,55,44,--,--,--,--,--,--,--,--,--,--,--,--,--,--,--,--,--,--,--,--,--,--,--,--,--,--,--,--,--,--,--,--,--,--
2026/5/10 17:50,--,--,--,--,23.4,11.5,23.4,47,--,--,--,--,24.7,10.2,24.7,40,--,--,--,--,--,--,--,--,--,--,--,--,--,--,--,--,--,--,--,55,44,--,--,--,--,--,--,--,--,--,--,--,--,--,--,--,--,--,--,--,--,--,--,--,--,--,--,--,--,--,--,--,--,--,--
2026/5/10 18:05,--,--,--,--,23.4,11.5,23.4,47,--,--,--,--,23.6,10.3,23.6,43,--,--,--,--,--,--,--,--,--,--,--,--,--,--,--,--,--,--,--,55,44,--,--,--,--,--,--,--,--,--,--,--,--,--,--,--,--,--,--,--,--,--,--,--,--,--,--,--,--,--,--,--,--,--,--
2026/5/10 18:20,--,--,--,--,23.3,11.1,23.3,46,--,--,--,--,22.8,11.6,22.8,49,--,--,--,--,--,--,--,--,--,--,--,--,--,--,--,--,--,--,--,55,44,--,--,--,--,--,--,--,--,--,--,--,--,--,--,--,--,--,--,--,--,--,--,--,--,--,--,--,--,--,--,--,--,--,--
2026/5/10 18:35,--,--,--,--,23.3,11.1,23.3,46,--,--,--,--,21.9,10.7,21.9,49,--,--,--,--,--,--,--,--,--,--,--,--,--,--,--,--,--,--,--,55,44,--,--,--,--,--,--,--,--,--,--,--,--,--,--,--,--,--,--,--,--,--,--,--,--,--,--,--,--,--,--,--,--,--,--
2026/5/10 18:50,--,--,--,--,23.2,11.3,23.2,47,--,--,--,--,21.1,10.0,21.1,49,--,--,--,--,--,--,--,--,--,--,--,--,--,--,--,--,--,--,--,55,44,--,--,--,--,--,--,--,--,--,--,--,--,--,--,--,--,--,--,--,--,--,--,--,--,--,--,--,--,--,--,--,--,--,--
2026/5/10 19:05,--,--,--,--,23.2,11.3,23.2,47,--,--,--,--,20.6,10.1,20.6,51,--,--,--,--,--,--,--,--,--,--,--,--,--,--,--,--,--,--,--,55,44,--,--,--,--,--,--,--,--,--,--,--,--,--,--,--,--,--,--,--,--,--,--,--,--,--,--,--,--,--,--,--,--,--,--
2026/5/10 19:20,--,--,--,--,23.3,11.4,23.3,47,--,--,--,--,20.1,10.0,20.1,52,--,--,--,--,--,--,--,--,--,--,--,--,--,--,--,--,--,--,--,55,44,--,--,--,--,--,--,--,--,--,--,--,--,--,--,--,--,--,--,--,--,--,--,--,--,--,--,--,--,--,--,--,--,--,--
2026/5/10 19:35,--,--,--,--,23.3,11.4,23.3,47,--,--,--,--,19.7,9.9,19.7,53,--,--,--,--,--,--,--,--,--,--,--,--,--,--,--,--,--,--,--,55,44,--,--,--,--,--,--,--,--,--,--,--,--,--,--,--,--,--,--,--,--,--,--,--,--,--,--,--,--,--,--,--,--,--,--
2026/5/10 19:50,--,--,--,--,23.2,11.3,23.2,47,--,--,--,--,19.2,9.7,19.2,54,--,--,--,--,--,--,--,--,--,--,--,--,--,--,--,--,--,--,--,55,44,--,--,--,--,--,--,--,--,--,--,--,--,--,--,--,--,--,--,--,--,--,--,--,--,--,--,--,--,--,--,--,--,--,--
2026/5/10 20:05,--,--,--,--,23.2,11.3,23.2,47,--,--,--,--,18.8,9.6,18.8,55,--,--,--,--,--,--,--,--,--,--,--,--,--,--,--,--,--,--,--,55,44,--,--,--,--,--,--,--,--,--,--,--,--,--,--,--,--,--,--,--,--,--,--,--,--,--,--,--,--,--,--,--,--,--,--
2026/5/10 20:20,--,--,--,--,23.2,11.3,23.2,47,--,--,--,--,18.3,9.7,18.3,57,--,--,--,--,--,--,--,--,--,--,--,--,--,--,--,--,--,--,--,55,44,--,--,--,--,--,--,--,--,--,--,--,--,--,--,--,--,--,--,--,--,--,--,--,--,--,--,--,--,--,--,--,--,--,--
2026/5/10 20:35,--,--,--,--,23.1,11.2,23.1,47,--,--,--,--,18.0,9.4,18.0,57,--,--,--,--,--,--,--,--,--,--,--,--,--,--,--,--,--,--,--,55,44,--,--,--,--,--,--,--,--,--,--,--,--,--,--,--,--,--,--,--,--,--,--,--,--,--,--,--,--,--,--,--,--,--,--
2026/5/10 20:50,--,--,--,--,23.1,11.2,23.1,47,--,--,--,--,17.7,9.3,17.7,58,--,--,--,--,--,--,--,--,--,--,--,--,--,--,--,--,--,--,--,55,44,--,--,--,--,--,--,--,--,--,--,--,--,--,--,--,--,--,--,--,--,--,--,--,--,--,--,--,--,--,--,--,--,--,--
2026/5/10 21:05,--,--,--,--,23.1,11.2,23.1,47,--,--,--,--,17.5,9.4,17.5,59,--,--,--,--,--,--,--,--,--,--,--,--,--,--,--,--,--,--,--,55,44,--,--,--,--,--,--,--,--,--,--,--,--,--,--,--,--,--,--,--,--,--,--,--,--,--,--,--,--,--,--,--,--,--,--
2026/5/10 21:20,--,--,--,--,23.1,11.2,23.1,47,--,--,--,--,17.2,9.1,17.2,59,--,--,--,--,--,--,--,--,--,--,--,--,--,--,--,--,--,--,--,55,44,--,--,--,--,--,--,--,--,--,--,--,--,--,--,--,--,--,--,--,--,--,--,--,--,--,--,--,--,--,--,--,--,--,--
2026/5/10 21:35,--,--,--,--,23.0,11.1,23.0,47,--,--,--,--,17.0,9.2,17.0,60,--,--,--,--,--,--,--,--,--,--,--,--,--,--,--,--,--,--,--,55,44,--,--,--,--,--,--,--,--,--,--,--,--,--,--,--,--,--,--,--,--,--,--,--,--,--,--,--,--,--,--,--,--,--,--
2026/5/10 21:50,--,--,--,--,23.0,11.1,23.0,47,--,--,--,--,16.8,9.0,16.8,60,--,--,--,--,--,--,--,--,--,--,--,--,--,--,--,--,--,--,--,55,44,--,--,--,--,--,--,--,--,--,--,--,--,--,--,--,--,--,--,--,--,--,--,--,--,--,--,--,--,--,--,--,--,--,--
2026/5/10 22:05,--,--,--,--,22.9,11.0,22.9,47,--,--,--,--,16.6,9.1,16.6,61,--,--,--,--,--,--,--,--,--,--,--,--,--,--,--,--,--,--,--,55,44,--,--,--,--,--,--,--,--,--,--,--,--,--,--,--,--,--,--,--,--,--,--,--,--,--,--,--,--,--,--,--,--,--,--
2026/5/10 22:20,--,--,--,--,22.9,11.0,22.9,47,--,--,--,--,16.3,8.8,16.3,61,--,--,--,--,--,--,--,--,--,--,--,--,--,--,--,--,--,--,--,55,44,--,--,--,--,--,--,--,--,--,--,--,--,--,--,--,--,--,--,--,--,--,--,--,--,--,--,--,--,--,--,--,--,--,--
2026/5/10 22:35,--,--,--,--,22.9,11.0,22.9,47,--,--,--,--,16.0,8.5,16.0,61,--,--,--,--,--,--,--,--,--,--,--,--,--,--,--,--,--,--,--,55,44,--,--,--,--,--,--,--,--,--,--,--,--,--,--,--,--,--,--,--,--,--,--,--,--,--,--,--,--,--,--,--,--,--,--
2026/5/10 22:50,--,--,--,--,22.9,11.0,22.9,47,--,--,--,--,15.8,9.2,15.8,65,--,--,--,--,--,--,--,--,--,--,--,--,--,--,--,--,--,--,--,55,44,--,--,--,--,--,--,--,--,--,--,--,--,--,--,--,--,--,--,--,--,--,--,--,--,--,--,--,--,--,--,--,--,--,--
2026/5/10 23:05,--,--,--,--,22.9,11.0,22.9,47,--,--,--,--,15.7,9.6,15.7,67,--,--,--,--,--,--,--,--,--,--,--,--,--,--,--,--,--,--,--,55,44,--,--,--,--,--,--,--,--,--,--,--,--,--,--,--,--,--,--,--,--,--,--,--,--,--,--,--,--,--,--,--,--,--,--
2026/5/10 23:20,--,--,--,--,22.8,10.9,22.8,47,--,--,--,--,15.5,9.8,15.5,69,--,--,--,--,--,--,--,--,--,--,--,--,--,--,--,--,--,--,--,55,44,--,--,--,--,--,--,--,--,--,--,--,--,--,--,--,--,--,--,--,--,--,--,--,--,--,--,--,--,--,--,--,--,--,--
2026/5/10 23:35,--,--,--,--,22.8,10.9,22.8,47,--,--,--,--,15.4,9.8,15.4,69,--,--,--,--,--,--,--,--,--,--,--,--,--,--,--,--,--,--,--,55,44,--,--,--,--,--,--,--,--,--,--,--,--,--,--,--,--,--,--,--,--,--,--,--,--,--,--,--,--,--,--,--,--,--,--
2026/5/10 23:50,--,--,--,--,22.8,10.9,22.8,47,--,--,--,--,15.3,9.9,15.3,70,--,--,--,--,--,--,--,--,--,--,--,--,--,--,--,--,--,--,--,55,44,--,--,--,--,--,--,--,--,--,--,--,--,--,--,--,--,--,--,--,--,--,--,--,--,--,--,--,--,--,--,--,--,--,--
2026/5/10 23:59,--,--,--,--,22.8,10.9,22.8,47,--,--,--,--,15.2,9.8,15.2,70,--,--,--,--,--,--,--,--,--,--,--,--,--,--,--,--,--,--,--,55,44,--,--,--,--,--,--,--,--,--,--,--,--,--,--,--,--,--,--,--,--,--,--,--,--,--,--,--,--,--,--,--,--,--,--
2026/5/11 0:00,--,--,--,--,22.8,10.9,22.8,47,--,--,--,--,15.2,9.8,15.2,70,--,--,--,--,--,--,--,--,--,--,--,--,--,--,--,--,--,--,--,55,44,--,--,--,--,--,--,--,--,--,--,--,--,--,--,--,--,--,--,--,--,--,--,--,--,--,--,--,--,--,--,--,--,--,--
2026/5/11 0:05,--,--,--,--,22.8,10.9,22.8,47,--,--,--,--,15.2,9.8,15.2,70,--,--,--,--,--,--,--,--,--,--,--,--,--,--,--,--,--,--,--,55,44,--,--,--,--,--,--,--,--,--,--,--,--,--,--,--,--,--,--,--,--,--,--,--,--,--,--,--,--,--,--,--,--,--,--
2026/5/11 0:20,--,--,--,--,22.7,10.8,22.7,47,--,--,--,--,14.8,10.0,14.8,73,--,--,--,--,--,--,--,--,--,--,--,--,--,--,--,--,--,--,--,55,44,--,--,--,--,--,--,--,--,--,--,--,--,--,--,--,--,--,--,--,--,--,--,--,--,--,--,--,--,--,--,--,--,--,--
2026/5/11 0:35,--,--,--,--,22.7,10.8,22.7,47,--,--,--,--,14.1,9.7,14.1,75,--,--,--,--,--,--,--,--,--,--,--,--,--,--,--,--,--,--,--,55,44,--,--,--,--,--,--,--,--,--,--,--,--,--,--,--,--,--,--,--,--,--,--,--,--,--,--,--,--,--,--,--,--,--,--
2026/5/11 0:50,--,--,--,--,22.7,10.8,22.7,47,--,--,--,--,13.3,10.1,13.3,81,--,--,--,--,--,--,--,--,--,--,--,--,--,--,--,--,--,--,--,55,44,--,--,--,--,--,--,--,--,--,--,--,--,--,--,--,--,--,--,--,--,--,--,--,--,--,--,--,--,--,--,--,--,--,--
2026/5/11 1:05,--,--,--,--,22.7,10.8,22.7,47,--,--,--,--,12.7,10.1,12.7,84,--,--,--,--,--,--,--,--,--,--,--,--,--,--,--,--,--,--,--,55,44,--,--,--,--,--,--,--,--,--,--,--,--,--,--,--,--,--,--,--,--,--,--,--,--,--,--,--,--,--,--,--,--,--,--
2026/5/11 1:20,--,--,--,--,22.7,10.8,22.7,47,--,--,--,--,12.4,9.9,12.4,85,--,--,--,--,--,--,--,--,--,--,--,--,--,--,--,--,--,--,--,55,44,--,--,--,--,--,--,--,--,--,--,--,--,--,--,--,--,--,--,--,--,--,--,--,--,--,--,--,--,--,--,--,--,--,--
2026/5/11 1:35,--,--,--,--,22.6,10.7,22.6,47,--,--,--,--,12.1,9.7,12.1,85,--,--,--,--,--,--,--,--,--,--,--,--,--,--,--,--,--,--,--,55,44,--,--,--,--,--,--,--,--,--,--,--,--,--,--,--,--,--,--,--,--,--,--,--,--,--,--,--,--,--,--,--,--,--,--
2026/5/11 1:50,--,--,--,--,22.6,10.7,22.6,47,--,--,--,--,11.8,9.7,11.8,87,--,--,--,--,--,--,--,--,--,--,--,--,--,--,--,--,--,--,--,55,44,--,--,--,--,--,--,--,--,--,--,--,--,--,--,--,--,--,--,--,--,--,--,--,--,--,--,--,--,--,--,--,--,--,--
2026/5/11 2:05,--,--,--,--,22.6,10.7,22.6,47,--,--,--,--,11.6,9.8,11.6,89,--,--,--,--,--,--,--,--,--,--,--,--,--,--,--,--,--,--,--,55,44,--,--,--,--,--,--,--,--,--,--,--,--,--,--,--,--,--,--,--,--,--,--,--,--,--,--,--,--,--,--,--,--,--,--
2026/5/11 2:20,--,--,--,--,22.6,10.7,22.6,47,--,--,--,--,11.0,9.6,11.0,91,--,--,--,--,--,--,--,--,--,--,--,--,--,--,--,--,--,--,--,55,44,--,--,--,--,--,--,--,--,--,--,--,--,--,--,--,--,--,--,--,--,--,--,--,--,--,--,--,--,--,--,--,--,--,--
2026/5/11 2:35,--,--,--,--,22.6,10.7,22.6,47,--,--,--,--,10.6,9.2,10.6,91,--,--,--,--,--,--,--,--,--,--,--,--,--,--,--,--,--,--,--,55,44,--,--,--,--,--,--,--,--,--,--,--,--,--,--,--,--,--,--,--,--,--,--,--,--,--,--,--,--,--,--,--,--,--,--
2026/5/11 2:50,--,--,--,--,22.5,10.6,22.5,47,--,--,--,--,10.3,9.1,10.3,92,--,--,--,--,--,--,--,--,--,--,--,--,--,--,--,--,--,--,--,55,44,--,--,--,--,--,--,--,--,--,--,--,--,--,--,--,--,--,--,--,--,--,--,--,--,--,--,--,--,--,--,--,--,--,--
2026/5/11 3:05,--,--,--,--,22.5,10.6,22.5,47,--,--,--,--,10.1,8.9,10.1,92,--,--,--,--,--,--,--,--,--,--,--,--,--,--,--,--,--,--,--,55,44,--,--,--,--,--,--,--,--,--,--,--,--,--,--,--,--,--,--,--,--,--,--,--,--,--,--,--,--,--,--,--,--,--,--
2026/5/11 3:20,--,--,--,--,22.5,10.6,22.5,47,--,--,--,--,9.9,8.9,9.9,94,--,--,--,--,--,--,--,--,--,--,--,--,--,--,--,--,--,--,--,55,44,--,--,--,--,--,--,--,--,--,--,--,--,--,--,--,--,--,--,--,--,--,--,--,--,--,--,--,--,--,--,--,--,--,--
2026/5/11 3:35,--,--,--,--,22.5,10.6,22.5,47,--,--,--,--,9.7,8.6,9.7,93,--,--,--,--,--,--,--,--,--,--,--,--,--,--,--,--,--,--,--,55,44,--,--,--,--,--,--,--,--,--,--,--,--,--,--,--,--,--,--,--,--,--,--,--,--,--,--,--,--,--,--,--,--,--,--
2026/5/11 3:50,--,--,--,--,22.5,10.6,22.5,47,--,--,--,--,9.6,8.5,9.6,93,--,--,--,--,--,--,--,--,--,--,--,--,--,--,--,--,--,--,--,55,44,--,--,--,--,--,--,--,--,--,--,--,--,--,--,--,--,--,--,--,--,--,--,--,--,--,--,--,--,--,--,--,--,--,--
2026/5/11 4:05,--,--,--,--,22.5,10.6,22.5,47,--,--,--,--,9.3,8.3,9.3,94,--,--,--,--,--,--,--,--,--,--,--,--,--,--,--,--,--,--,--,55,44,--,--,--,--,--,--,--,--,--,--,--,--,--,--,--,--,--,--,--,--,--,--,--,--,--,--,--,--,--,--,--,--,--,--
2026/5/11 4:20,--,--,--,--,22.5,10.6,22.5,47,--,--,--,--,9.1,8.1,9.1,94,--,--,--,--,--,--,--,--,--,--,--,--,--,--,--,--,--,--,--,55,44,--,--,--,--,--,--,--,--,--,--,--,--,--,--,--,--,--,--,--,--,--,--,--,--,--,--,--,--,--,--,--,--,--,--
2026/5/11 4:35,--,--,--,--,22.4,10.5,22.4,47,--,--,--,--,8.8,8.0,8.8,95,--,--,--,--,--,--,--,--,--,--,--,--,--,--,--,--,--,--,--,55,44,--,--,--,--,--,--,--,--,--,--,--,--,--,--,--,--,--,--,--,--,--,--,--,--,--,--,--,--,--,--,--,--,--,--
2026/5/11 4:50,--,--,--,--,22.4,10.5,22.4,47,--,--,--,--,8.6,7.8,8.6,95,--,--,--,--,--,--,--,--,--,--,--,--,--,--,--,--,--,--,--,55,44,--,--,--,--,--,--,--,--,--,--,--,--,--,--,--,--,--,--,--,--,--,--,--,--,--,--,--,--,--,--,--,--,--,--
2026/5/11 5:05,--,--,--,--,22.4,10.5,22.4,47,--,--,--,--,8.3,7.3,8.3,94,--,--,--,--,--,--,--,--,--,--,--,--,--,--,--,--,--,--,--,55,44,--,--,--,--,--,--,--,--,--,--,--,--,--,--,--,--,--,--,--,--,--,--,--,--,--,--,--,--,--,--,--,--,--,--
2026/5/11 5:20,--,--,--,--,22.4,10.5,22.4,47,--,--,--,--,8.2,7.2,8.2,94,--,--,--,--,--,--,--,--,--,--,--,--,--,--,--,--,--,--,--,55,44,--,--,--,--,--,--,--,--,--,--,--,--,--,--,--,--,--,--,--,--,--,--,--,--,--,--,--,--,--,--,--,--,--,--
2026/5/11 5:35,--,--,--,--,22.4,10.5,22.4,47,--,--,--,--,8.1,7.1,8.1,94,--,--,--,--,--,--,--,--,--,--,--,--,--,--,--,--,--,--,--,55,44,--,--,--,--,--,--,--,--,--,--,--,--,--,--,--,--,--,--,--,--,--,--,--,--,--,--,--,--,--,--,--,--,--,--
2026/5/11 5:50,--,--,--,--,22.4,10.5,22.4,47,--,--,--,--,8.1,7.1,8.1,94,--,--,--,--,--,--,--,--,--,--,--,--,--,--,--,--,--,--,--,55,44,--,--,--,--,--,--,--,--,--,--,--,--,--,--,--,--,--,--,--,--,--,--,--,--,--,--,--,--,--,--,--,--,--,--
2026/5/11 6:05,--,--,--,--,22.4,10.9,22.4,48,--,--,--,--,8.0,7.0,8.0,94,--,--,--,--,--,--,--,--,--,--,--,--,--,--,--,--,--,--,--,55,44,--,--,--,--,--,--,--,--,--,--,--,--,--,--,--,--,--,--,--,--,--,--,--,--,--,--,--,--,--,--,--,--,--,--
2026/5/11 6:20,--,--,--,--,22.5,11.0,22.5,48,--,--,--,--,8.0,7.0,8.0,94,--,--,--,--,--,--,--,--,--,--,--,--,--,--,--,--,--,--,--,55,44,--,--,--,--,--,--,--,--,--,--,--,--,--,--,--,--,--,--,--,--,--,--,--,--,--,--,--,--,--,--,--,--,--,--
2026/5/11 6:35,--,--,--,--,22.5,11.0,22.5,48,--,--,--,--,8.0,7.0,8.0,94,--,--,--,--,--,--,--,--,--,--,--,--,--,--,--,--,--,--,--,55,44,--,--,--,--,--,--,--,--,--,--,--,--,--,--,--,--,--,--,--,--,--,--,--,--,--,--,--,--,--,--,--,--,--,--
2026/5/11 6:50,--,--,--,--,22.5,11.0,22.5,48,--,--,--,--,7.9,6.9,7.9,94,--,--,--,--,--,--,--,--,--,--,--,--,--,--,--,--,--,--,--,55,44,--,--,--,--,--,--,--,--,--,--,--,--,--,--,--,--,--,--,--,--,--,--,--,--,--,--,--,--,--,--,--,--,--,--
2026/5/11 7:05,--,--,--,--,22.5,11.0,22.5,48,--,--,--,--,7.8,6.7,7.8,93,--,--,--,--,--,--,--,--,--,--,--,--,--,--,--,--,--,--,--,55,44,--,--,--,--,--,--,--,--,--,--,--,--,--,--,--,--,--,--,--,--,--,--,--,--,--,--,--,--,--,--,--,--,--,--
2026/5/11 7:20,--,--,--,--,22.4,10.5,22.4,47,--,--,--,--,7.8,6.7,7.8,93,--,--,--,--,--,--,--,--,--,--,--,--,--,--,--,--,--,--,--,55,44,--,--,--,--,--,--,--,--,--,--,--,--,--,--,--,--,--,--,--,--,--,--,--,--,--,--,--,--,--,--,--,--,--,--
2026/5/11 7:35,--,--,--,--,22.5,10.6,22.5,47,--,--,--,--,7.8,6.7,7.8,93,--,--,--,--,--,--,--,--,--,--,--,--,--,--,--,--,--,--,--,55,44,--,--,--,--,--,--,--,--,--,--,--,--,--,--,--,--,--,--,--,--,--,--,--,--,--,--,--,--,--,--,--,--,--,--
2026/5/11 7:50,--,--,--,--,22.5,10.6,22.5,47,--,--,--,--,7.5,6.4,7.5,93,--,--,--,--,--,--,--,--,--,--,--,--,--,--,--,--,--,--,--,55,44,--,--,--,--,--,--,--,--,--,--,--,--,--,--,--,--,--,--,--,--,--,--,--,--,--,--,--,--,--,--,--,--,--,--
2026/5/11 8:05,--,--,--,--,22.5,10.6,22.5,47,--,--,--,--,7.6,6.6,7.6,94,--,--,--,--,--,--,--,--,--,--,--,--,--,--,--,--,--,--,--,55,44,--,--,--,--,--,--,--,--,--,--,--,--,--,--,--,--,--,--,--,--,--,--,--,--,--,--,--,--,--,--,--,--,--,--
2026/5/11 8:20,--,--,--,--,22.5,10.6,22.5,47,--,--,--,--,7.6,6.5,7.6,93,--,--,--,--,--,--,--,--,--,--,--,--,--,--,--,--,--,--,--,55,44,--,--,--,--,--,--,--,--,--,--,--,--,--,--,--,--,--,--,--,--,--,--,--,--,--,--,--,--,--,--,--,--,--,--
2026/5/11 8:35,--,--,--,--,22.5,11.0,22.5,48,--,--,--,--,7.7,6.6,7.7,93,--,--,--,--,--,--,--,--,--,--,--,--,--,--,--,--,--,--,--,55,44,--,--,--,--,--,--,--,--,--,--,--,--,--,--,--,--,--,--,--,--,--,--,--,--,--,--,--,--,--,--,--,--,--,--
2026/5/11 8:50,--,--,--,--,22.5,11.0,22.5,48,--,--,--,--,7.6,6.5,7.6,93,--,--,--,--,--,--,--,--,--,--,--,--,--,--,--,--,--,--,--,55,44,--,--,--,--,--,--,--,--,--,--,--,--,--,--,--,--,--,--,--,--,--,--,--,--,--,--,--,--,--,--,--,--,--,--
2026/5/11 9:05,--,--,--,--,22.6,11.1,22.6,48,--,--,--,--,7.5,6.3,7.5,92,--,--,--,--,--,--,--,--,--,--,--,--,--,--,--,--,--,--,--,55,44,--,--,--,--,--,--,--,--,--,--,--,--,--,--,--,--,--,--,--,--,--,--,--,--,--,--,--,--,--,--,--,--,--,--
2026/5/11 9:20,--,--,--,--,22.6,11.1,22.6,48,--,--,--,--,7.7,6.5,7.7,92,--,--,--,--,--,--,--,--,--,--,--,--,--,--,--,--,--,--,--,55,44,--,--,--,--,--,--,--,--,--,--,--,--,--,--,--,--,--,--,--,--,--,--,--,--,--,--,--,--,--,--,--,--,--,--
2026/5/11 9:35,--,--,--,--,22.6,10.7,22.6,47,--,--,--,--,8.1,6.9,8.1,92,--,--,--,--,--,--,--,--,--,--,--,--,--,--,--,--,--,--,--,55,44,--,--,--,--,--,--,--,--,--,--,--,--,--,--,--,--,--,--,--,--,--,--,--,--,--,--,--,--,--,--,--,--,--,--
2026/5/11 9:50,--,--,--,--,22.6,11.1,22.6,48,--,--,--,--,7.9,6.6,7.9,91,--,--,--,--,--,--,--,--,--,--,--,--,--,--,--,--,--,--,--,55,44,--,--,--,--,--,--,--,--,--,--,--,--,--,--,--,--,--,--,--,--,--,--,--,--,--,--,--,--,--,--,--,--,--,--
2026/5/11 10:05,--,--,--,--,22.6,10.7,22.6,47,--,--,--,--,8.0,6.7,8.0,91,--,--,--,--,--,--,--,--,--,--,--,--,--,--,--,--,--,--,--,55,44,--,--,--,--,--,--,--,--,--,--,--,--,--,--,--,--,--,--,--,--,--,--,--,--,--,--,--,--,--,--,--,--,--,--
2026/5/11 10:20,--,--,--,--,22.7,10.8,22.7,47,--,--,--,--,8.1,6.8,8.1,91,--,--,--,--,--,--,--,--,--,--,--,--,--,--,--,--,--,--,--,55,44,--,--,--,--,--,--,--,--,--,--,--,--,--,--,--,--,--,--,--,--,--,--,--,--,--,--,--,--,--,--,--,--,--,--
2026/5/11 10:35,--,--,--,--,22.7,10.8,22.7,47,--,--,--,--,8.4,6.7,8.4,89,--,--,--,--,--,--,--,--,--,--,--,--,--,--,--,--,--,--,--,55,44,--,--,--,--,--,--,--,--,--,--,--,--,--,--,--,--,--,--,--,--,--,--,--,--,--,--,--,--,--,--,--,--,--,--
2026/5/11 10:50,--,--,--,--,22.7,10.8,22.7,47,--,--,--,--,7.9,6.2,7.9,89,--,--,--,--,--,--,--,--,--,--,--,--,--,--,--,--,--,--,--,55,44,--,--,--,--,--,--,--,--,--,--,--,--,--,--,--,--,--,--,--,--,--,--,--,--,--,--,--,--,--,--,--,--,--,--
2026/5/11 11:05,--,--,--,--,22.7,10.8,22.7,47,--,--,--,--,7.6,6.3,7.6,91,--,--,--,--,--,--,--,--,--,--,--,--,--,--,--,--,--,--,--,55,44,--,--,--,--,--,--,--,--,--,--,--,--,--,--,--,--,--,--,--,--,--,--,--,--,--,--,--,--,--,--,--,--,--,--
2026/5/11 11:20,--,--,--,--,22.7,10.8,22.7,47,--,--,--,--,7.7,6.2,7.7,90,--,--,--,--,--,--,--,--,--,--,--,--,--,--,--,--,--,--,--,55,44,--,--,--,--,--,--,--,--,--,--,--,--,--,--,--,--,--,--,--,--,--,--,--,--,--,--,--,--,--,--,--,--,--,--
2026/5/11 11:35,--,--,--,--,22.7,10.8,22.7,47,--,--,--,--,7.8,6.1,7.8,89,--,--,--,--,--,--,--,--,--,--,--,--,--,--,--,--,--,--,--,55,44,--,--,--,--,--,--,--,--,--,--,--,--,--,--,--,--,--,--,--,--,--,--,--,--,--,--,--,--,--,--,--,--,--,--
2026/5/11 11:50,--,--,--,--,22.7,10.8,22.7,47,--,--,--,--,7.9,6.2,7.9,89,--,--,--,--,--,--,--,--,--,--,--,--,--,--,--,--,--,--,--,55,44,--,--,--,--,--,--,--,--,--,--,--,--,--,--,--,--,--,--,--,--,--,--,--,--,--,--,--,--,--,--,--,--,--,--
2026/5/11 12:05,--,--,--,--,22.8,10.9,22.8,47,--,--,--,--,9.7,7.9,9.7,89,--,--,--,--,--,--,--,--,--,--,--,--,--,--,--,--,--,--,--,55,44,--,--,--,--,--,--,--,--,--,--,--,--,--,--,--,--,--,--,--,--,--,--,--,--,--,--,--,--,--,--,--,--,--,--
2026/5/11 12:20,--,--,--,--,22.8,10.9,22.8,47,--,--,--,--,10.3,7.7,10.3,84,--,--,--,--,--,--,--,--,--,--,--,--,--,--,--,--,--,--,--,55,44,--,--,--,--,--,--,--,--,--,--,--,--,--,--,--,--,--,--,--,--,--,--,--,--,--,--,--,--,--,--,--,--,--,--
2026/5/11 12:35,--,--,--,--,22.8,11.3,22.8,48,--,--,--,--,10.5,7.6,10.5,82,--,--,--,--,--,--,--,--,--,--,--,--,--,--,--,--,--,--,--,55,44,--,--,--,--,--,--,--,--,--,--,--,--,--,--,--,--,--,--,--,--,--,--,--,--,--,--,--,--,--,--,--,--,--,--
2026/5/11 12:50,--,--,--,--,22.9,11.3,22.9,48,--,--,--,--,11.1,8.0,11.1,81,--,--,--,--,--,--,--,--,--,--,--,--,--,--,--,--,--,--,--,55,44,--,--,--,--,--,--,--,--,--,--,--,--,--,--,--,--,--,--,--,--,--,--,--,--,--,--,--,--,--,--,--,--,--,--
2026/5/11 13:05,--,--,--,--,22.9,11.3,22.9,48,--,--,--,--,12.4,8.9,12.4,79,--,--,--,--,--,--,--,--,--,--,--,--,--,--,--,--,--,--,--,55,44,--,--,--,--,--,--,--,--,--,--,--,--,--,--,--,--,--,--,--,--,--,--,--,--,--,--,--,--,--,--,--,--,--,--
2026/5/11 13:20,--,--,--,--,23.0,11.4,23.0,48,--,--,--,--,15.8,9.5,15.8,66,--,--,--,--,--,--,--,--,--,--,--,--,--,--,--,--,--,--,--,55,44,--,--,--,--,--,--,--,--,--,--,--,--,--,--,--,--,--,--,--,--,--,--,--,--,--,--,--,--,--,--,--,--,--,--
2026/5/11 13:35,--,--,--,--,23.0,11.4,23.0,48,--,--,--,--,13.8,7.8,13.8,67,--,--,--,--,--,--,--,--,--,--,--,--,--,--,--,--,--,--,--,55,44,--,--,--,--,--,--,--,--,--,--,--,--,--,--,--,--,--,--,--,--,--,--,--,--,--,--,--,--,--,--,--,--,--,--
2026/5/11 13:50,--,--,--,--,23.1,11.5,23.1,48,--,--,--,--,16.6,10.2,16.6,66,--,--,--,--,--,--,--,--,--,--,--,--,--,--,--,--,--,--,--,55,44,--,--,--,--,--,--,--,--,--,--,--,--,--,--,--,--,--,--,--,--,--,--,--,--,--,--,--,--,--,--,--,--,--,--
2026/5/11 14:05,--,--,--,--,23.1,11.5,23.1,48,--,--,--,--,15.3,8.1,15.3,62,--,--,--,--,--,--,--,--,--,--,--,--,--,--,--,--,--,--,--,55,44,--,--,--,--,--,--,--,--,--,--,--,--,--,--,--,--,--,--,--,--,--,--,--,--,--,--,--,--,--,--,--,--,--,--
2026/5/11 14:20,--,--,--,--,23.1,11.5,23.1,48,--,--,--,--,13.7,7.5,13.7,66,--,--,--,--,--,--,--,--,--,--,--,--,--,--,--,--,--,--,--,55,44,--,--,--,--,--,--,--,--,--,--,--,--,--,--,--,--,--,--,--,--,--,--,--,--,--,--,--,--,--,--,--,--,--,--
2026/5/11 14:35,--,--,--,--,23.0,11.4,23.0,48,--,--,--,--,13.8,7.3,13.8,65,--,--,--,--,--,--,--,--,--,--,--,--,--,--,--,--,--,--,--,55,44,--,--,--,--,--,--,--,--,--,--,--,--,--,--,--,--,--,--,--,--,--,--,--,--,--,--,--,--,--,--,--,--,--,--
2026/5/11 14:50,--,--,--,--,23.0,11.4,23.0,48,--,--,--,--,15.6,8.6,15.6,63,--,--,--,--,--,--,--,--,--,--,--,--,--,--,--,--,--,--,--,55,44,--,--,--,--,--,--,--,--,--,--,--,--,--,--,--,--,--,--,--,--,--,--,--,--,--,--,--,--,--,--,--,--,--,--
2026/5/11 15:05,--,--,--,--,23.1,11.2,23.1,47,--,--,--,--,17.7,9.3,17.7,58,--,--,--,--,--,--,--,--,--,--,--,--,--,--,--,--,--,--,--,55,44,--,--,--,--,--,--,--,--,--,--,--,--,--,--,--,--,--,--,--,--,--,--,--,--,--,--,--,--,--,--,--,--,--,--
2026/5/11 15:20,--,--,--,--,23.0,11.1,23.0,47,--,--,--,--,20.9,11.3,20.9,54,--,--,--,--,--,--,--,--,--,--,--,--,--,--,--,--,--,--,--,55,44,--,--,--,--,--,--,--,--,--,--,--,--,--,--,--,--,--,--,--,--,--,--,--,--,--,--,--,--,--,--,--,--,--,--
2026/5/11 15:35,--,--,--,--,23.1,11.5,23.1,48,--,--,--,--,21.4,9.0,21.4,45,--,--,--,--,--,--,--,--,--,--,--,--,--,--,--,--,--,--,--,55,44,--,--,--,--,--,--,--,--,--,--,--,--,--,--,--,--,--,--,--,--,--,--,--,--,--,--,--,--,--,--,--,--,--,--
2026/5/11 15:50,--,--,--,--,23.1,10.9,23.1,46,--,--,--,--,20.7,9.9,20.7,50,--,--,--,--,--,--,--,--,--,--,--,--,--,--,--,--,--,--,--,55,44,--,--,--,--,--,--,--,--,--,--,--,--,--,--,--,--,--,--,--,--,--,--,--,--,--,--,--,--,--,--,--,--,--,--
2026/5/11 16:05,--,--,--,--,22.8,10.3,22.8,45,--,--,--,--,16.7,7.1,16.7,53,--,--,--,--,--,--,--,--,--,--,--,--,--,--,--,--,--,--,--,55,44,--,--,--,--,--,--,--,--,--,--,--,--,--,--,--,--,--,--,--,--,--,--,--,--,--,--,--,--,--,--,--,--,--,--
2026/5/11 16:20,--,--,--,--,22.8,10.3,22.8,45,--,--,--,--,15.7,7.2,15.7,57,--,--,--,--,--,--,--,--,--,--,--,--,--,--,--,--,--,--,--,55,44,--,--,--,--,--,--,--,--,--,--,--,--,--,--,--,--,--,--,--,--,--,--,--,--,--,--,--,--,--,--,--,--,--,--
2026/5/11 16:35,--,--,--,--,22.8,10.3,22.8,45,--,--,--,--,12.9,5.6,12.9,61,--,--,--,--,--,--,--,--,--,--,--,--,--,--,--,--,--,--,--,55,44,--,--,--,--,--,--,--,--,--,--,--,--,--,--,--,--,--,--,--,--,--,--,--,--,--,--,--,--,--,--,--,--,--,--
2026/5/11 16:50,--,--,--,--,22.8,10.3,22.8,45,--,--,--,--,12.1,5.7,12.1,65,--,--,--,--,--,--,--,--,--,--,--,--,--,--,--,--,--,--,--,55,44,--,--,--,--,--,--,--,--,--,--,--,--,--,--,--,--,--,--,--,--,--,--,--,--,--,--,--,--,--,--,--,--,--,--
2026/5/11 17:05,--,--,--,--,22.7,10.2,22.7,45,--,--,--,--,11.4,5.5,11.4,67,--,--,--,--,--,--,--,--,--,--,--,--,--,--,--,--,--,--,--,55,44,--,--,--,--,--,--,--,--,--,--,--,--,--,--,--,--,--,--,--,--,--,--,--,--,--,--,--,--,--,--,--,--,--,--
2026/5/11 17:20,--,--,--,--,22.7,10.2,22.7,45,--,--,--,--,10.4,5.8,10.4,73,--,--,--,--,--,--,--,--,--,--,--,--,--,--,--,--,--,--,--,55,44,--,--,--,--,--,--,--,--,--,--,--,--,--,--,--,--,--,--,--,--,--,--,--,--,--,--,--,--,--,--,--,--,--,--
2026/5/11 17:35,--,--,--,--,22.7,10.2,22.7,45,--,--,--,--,9.9,6.0,9.9,77,--,--,--,--,--,--,--,--,--,--,--,--,--,--,--,--,--,--,--,55,44,--,--,--,--,--,--,--,--,--,--,--,--,--,--,--,--,--,--,--,--,--,--,--,--,--,--,--,--,--,--,--,--,--,--
2026/5/11 17:50,--,--,--,--,22.6,10.1,22.6,45,--,--,--,--,10.2,6.5,10.2,78,--,--,--,--,--,--,--,--,--,--,--,--,--,--,--,--,--,--,--,55,44,--,--,--,--,--,--,--,--,--,--,--,--,--,--,--,--,--,--,--,--,--,--,--,--,--,--,--,--,--,--,--,--,--,--
2026/5/11 18:05,--,--,--,--,22.7,10.2,22.7,45,--,--,--,--,11.5,6.8,11.5,73,--,--,--,--,--,--,--,--,--,--,--,--,--,--,--,--,--,--,--,55,44,--,--,--,--,--,--,--,--,--,--,--,--,--,--,--,--,--,--,--,--,--,--,--,--,--,--,--,--,--,--,--,--,--,--
2026/5/11 18:20,--,--,--,--,22.6,10.1,22.6,45,--,--,--,--,12.0,7.3,12.0,73,--,--,--,--,--,--,--,--,--,--,--,--,--,--,--,--,--,--,--,55,44,--,--,--,--,--,--,--,--,--,--,--,--,--,--,--,--,--,--,--,--,--,--,--,--,--,--,--,--,--,--,--,--,--,--
2026/5/11 18:35,--,--,--,--,22.6,10.1,22.6,45,--,--,--,--,12.7,7.4,12.7,70,--,--,--,--,--,--,--,--,--,--,--,--,--,--,--,--,--,--,--,55,44,--,--,--,--,--,--,--,--,--,--,--,--,--,--,--,--,--,--,--,--,--,--,--,--,--,--,--,--,--,--,--,--,--,--
2026/5/11 18:50,--,--,--,--,22.7,10.2,22.7,45,--,--,--,--,12.4,6.4,12.4,67,--,--,--,--,--,--,--,--,--,--,--,--,--,--,--,--,--,--,--,55,44,--,--,--,--,--,--,--,--,--,--,--,--,--,--,--,--,--,--,--,--,--,--,--,--,--,--,--,--,--,--,--,--,--,--
2026/5/11 19:05,--,--,--,--,22.7,10.5,22.7,46,--,--,--,--,11.2,5.7,11.2,69,--,--,--,--,--,--,--,--,--,--,--,--,--,--,--,--,--,--,--,55,44,--,--,--,--,--,--,--,--,--,--,--,--,--,--,--,--,--,--,--,--,--,--,--,--,--,--,--,--,--,--,--,--,--,--
2026/5/11 19:20,--,--,--,--,22.7,10.5,22.7,46,--,--,--,--,11.1,5.8,11.1,70,--,--,--,--,--,--,--,--,--,--,--,--,--,--,--,--,--,--,--,55,44,--,--,--,--,--,--,--,--,--,--,--,--,--,--,--,--,--,--,--,--,--,--,--,--,--,--,--,--,--,--,--,--,--,--
2026/5/11 19:35,--,--,--,--,22.7,10.2,22.7,45,--,--,--,--,11.7,6.2,11.7,69,--,--,--,--,--,--,--,--,--,--,--,--,--,--,--,--,--,--,--,55,44,--,--,--,--,--,--,--,--,--,--,--,--,--,--,--,--,--,--,--,--,--,--,--,--,--,--,--,--,--,--,--,--,--,--
2026/5/11 19:50,--,--,--,--,22.7,10.2,22.7,45,--,--,--,--,11.9,6.2,11.9,68,--,--,--,--,--,--,--,--,--,--,--,--,--,--,--,--,--,--,--,55,44,--,--,--,--,--,--,--,--,--,--,--,--,--,--,--,--,--,--,--,--,--,--,--,--,--,--,--,--,--,--,--,--,--,--
2026/5/11 20:05,--,--,--,--,22.7,10.2,22.7,45,--,--,--,--,10.9,5.4,10.9,69,--,--,--,--,--,--,--,--,--,--,--,--,--,--,--,--,--,--,--,55,44,--,--,--,--,--,--,--,--,--,--,--,--,--,--,--,--,--,--,--,--,--,--,--,--,--,--,--,--,--,--,--,--,--,--
2026/5/11 20:20,--,--,--,--,22.6,10.1,22.6,45,--,--,--,--,10.1,5.1,10.1,71,--,--,--,--,--,--,--,--,--,--,--,--,--,--,--,--,--,--,--,55,44,--,--,--,--,--,--,--,--,--,--,--,--,--,--,--,--,--,--,--,--,--,--,--,--,--,--,--,--,--,--,--,--,--,--
2026/5/11 20:35,--,--,--,--,22.6,10.1,22.6,45,--,--,--,--,9.7,5.1,9.7,73,--,--,--,--,--,--,--,--,--,--,--,--,--,--,--,--,--,--,--,55,44,--,--,--,--,--,--,--,--,--,--,--,--,--,--,--,--,--,--,--,--,--,--,--,--,--,--,--,--,--,--,--,--,--,--
2026/5/11 20:50,--,--,--,--,22.6,10.1,22.6,45,--,--,--,--,8.6,4.4,8.6,75,--,--,--,--,--,--,--,--,--,--,--,--,--,--,--,--,--,--,--,55,44,--,--,--,--,--,--,--,--,--,--,--,--,--,--,--,--,--,--,--,--,--,--,--,--,--,--,--,--,--,--,--,--,--,--
2026/5/11 21:05,--,--,--,--,22.6,10.1,22.6,45,--,--,--,--,8.1,3.9,8.1,75,--,--,--,--,--,--,--,--,--,--,--,--,--,--,--,--,--,--,--,55,44,--,--,--,--,--,--,--,--,--,--,--,--,--,--,--,--,--,--,--,--,--,--,--,--,--,--,--,--,--,--,--,--,--,--
2026/5/11 21:20,--,--,--,--,22.6,10.1,22.6,45,--,--,--,--,7.9,2.6,7.9,69,--,--,--,--,--,--,--,--,--,--,--,--,--,--,--,--,--,--,--,55,44,--,--,--,--,--,--,--,--,--,--,--,--,--,--,--,--,--,--,--,--,--,--,--,--,--,--,--,--,--,--,--,--,--,--
2026/5/11 21:35,--,--,--,--,22.5,10.0,22.5,45,--,--,--,--,7.6,2.5,7.6,70,--,--,--,--,--,--,--,--,--,--,--,--,--,--,--,--,--,--,--,55,44,--,--,--,--,--,--,--,--,--,--,--,--,--,--,--,--,--,--,--,--,--,--,--,--,--,--,--,--,--,--,--,--,--,--
2026/5/11 21:50,--,--,--,--,22.5,10.0,22.5,45,--,--,--,--,7.6,2.1,7.6,68,--,--,--,--,--,--,--,--,--,--,--,--,--,--,--,--,--,--,--,55,44,--,--,--,--,--,--,--,--,--,--,--,--,--,--,--,--,--,--,--,--,--,--,--,--,--,--,--,--,--,--,--,--,--,--
2026/5/11 22:05,--,--,--,--,22.4,9.9,22.4,45,--,--,--,--,7.5,1.7,7.5,67,--,--,--,--,--,--,--,--,--,--,--,--,--,--,--,--,--,--,--,55,44,--,--,--,--,--,--,--,--,--,--,--,--,--,--,--,--,--,--,--,--,--,--,--,--,--,--,--,--,--,--,--,--,--,--
2026/5/11 22:20,--,--,--,--,22.4,9.9,22.4,45,--,--,--,--,7.5,2.2,7.5,69,--,--,--,--,--,--,--,--,--,--,--,--,--,--,--,--,--,--,--,55,44,--,--,--,--,--,--,--,--,--,--,--,--,--,--,--,--,--,--,--,--,--,--,--,--,--,--,--,--,--,--,--,--,--,--
2026/5/11 22:35,--,--,--,--,22.4,9.6,22.4,44,--,--,--,--,6.8,2.1,6.8,72,--,--,--,--,--,--,--,--,--,--,--,--,--,--,--,--,--,--,--,55,44,--,--,--,--,--,--,--,--,--,--,--,--,--,--,--,--,--,--,--,--,--,--,--,--,--,--,--,--,--,--,--,--,--,--
2026/5/11 22:50,--,--,--,--,22.3,9.5,22.3,44,--,--,--,--,5.7,1.6,5.7,75,--,--,--,--,--,--,--,--,--,--,--,--,--,--,--,--,--,--,--,55,44,--,--,--,--,--,--,--,--,--,--,--,--,--,--,--,--,--,--,--,--,--,--,--,--,--,--,--,--,--,--,--,--,--,--
2026/5/11 23:05,--,--,--,--,22.3,9.5,22.3,44,--,--,--,--,5.1,1.6,5.1,78,--,--,--,--,--,--,--,--,--,--,--,--,--,--,--,--,--,--,--,55,44,--,--,--,--,--,--,--,--,--,--,--,--,--,--,--,--,--,--,--,--,--,--,--,--,--,--,--,--,--,--,--,--,--,--
2026/5/11 23:20,--,--,--,--,22.2,9.4,22.2,44,--,--,--,--,4.7,1.5,4.7,80,--,--,--,--,--,--,--,--,--,--,--,--,--,--,--,--,--,--,--,55,44,--,--,--,--,--,--,--,--,--,--,--,--,--,--,--,--,--,--,--,--,--,--,--,--,--,--,--,--,--,--,--,--,--,--
2026/5/11 23:35,--,--,--,--,22.2,9.4,22.2,44,--,--,--,--,4.5,1.5,4.5,81,--,--,--,--,--,--,--,--,--,--,--,--,--,--,--,--,--,--,--,55,44,--,--,--,--,--,--,--,--,--,--,--,--,--,--,--,--,--,--,--,--,--,--,--,--,--,--,--,--,--,--,--,--,--,--
2026/5/11 23:50,--,--,--,--,22.2,9.4,22.2,44,--,--,--,--,4.5,1.3,4.5,80,--,--,--,--,--,--,--,--,--,--,--,--,--,--,--,--,--,--,--,55,44,--,--,--,--,--,--,--,--,--,--,--,--,--,--,--,--,--,--,--,--,--,--,--,--,--,--,--,--,--,--,--,--,--,--
2026/5/12 0:00,--,--,--,--,22.2,9.4,22.2,44,--,--,--,--,4.5,1.3,4.5,80,--,--,--,--,--,--,--,--,--,--,--,--,--,--,--,--,--,--,--,55,44,--,--,--,--,--,--,--,--,--,--,--,--,--,--,--,--,--,--,--,--,--,--,--,--,--,--,--,--,--,--,--,--,--,--
2026/5/12 0:00,--,--,--,--,22.2,9.4,22.2,44,--,--,--,--,4.5,1.3,4.5,80,--,--,--,--,--,--,--,--,--,--,--,--,--,--,--,--,--,--,--,55,44,--,--,--,--,--,--,--,--,--,--,--,--,--,--,--,--,--,--,--,--,--,--,--,--,--,--,--,--,--,--,--,--,--,--
2026/5/12 0:05,--,--,--,--,22.2,9.4,22.2,44,--,--,--,--,4.4,1.2,4.4,80,--,--,--,--,--,--,--,--,--,--,--,--,--,--,--,--,--,--,--,55,44,--,--,--,--,--,--,--,--,--,--,--,--,--,--,--,--,--,--,--,--,--,--,--,--,--,--,--,--,--,--,--,--,--,--
2026/5/12 0:20,--,--,--,--,22.1,9.3,22.1,44,--,--,--,--,4.2,1.2,4.2,81,--,--,--,--,--,--,--,--,--,--,--,--,--,--,--,--,--,--,--,55,44,--,--,--,--,--,--,--,--,--,--,--,--,--,--,--,--,--,--,--,--,--,--,--,--,--,--,--,--,--,--,--,--,--,--
2026/5/12 0:35,--,--,--,--,22.1,9.0,22.1,43,--,--,--,--,4.1,1.1,4.1,81,--,--,--,--,--,--,--,--,--,--,--,--,--,--,--,--,--,--,--,55,44,--,--,--,--,--,--,--,--,--,--,--,--,--,--,--,--,--,--,--,--,--,--,--,--,--,--,--,--,--,--,--,--,--,--
2026/5/12 0:50,--,--,--,--,22.0,8.9,22.0,43,--,--,--,--,4.0,1.0,4.0,81,--,--,--,--,--,--,--,--,--,--,--,--,--,--,--,--,--,--,--,55,44,--,--,--,--,--,--,--,--,--,--,--,--,--,--,--,--,--,--,--,--,--,--,--,--,--,--,--,--,--,--,--,--,--,--
2026/5/12 1:05,--,--,--,--,22.0,8.9,22.0,43,--,--,--,--,3.8,0.8,3.8,81,--,--,--,--,--,--,--,--,--,--,--,--,--,--,--,--,--,--,--,55,44,--,--,--,--,--,--,--,--,--,--,--,--,--,--,--,--,--,--,--,--,--,--,--,--,--,--,--,--,--,--,--,--,--,--
2026/5/12 1:20,--,--,--,--,22.0,8.9,22.0,43,--,--,--,--,3.7,0.9,3.7,82,--,--,--,--,--,--,--,--,--,--,--,--,--,--,--,--,--,--,--,55,44,--,--,--,--,--,--,--,--,--,--,--,--,--,--,--,--,--,--,--,--,--,--,--,--,--,--,--,--,--,--,--,--,--,--
2026/5/12 1:35,--,--,--,--,21.9,8.8,21.9,43,--,--,--,--,3.6,1.0,3.6,83,--,--,--,--,--,--,--,--,--,--,--,--,--,--,--,--,--,--,--,55,44,--,--,--,--,--,--,--,--,--,--,--,--,--,--,--,--,--,--,--,--,--,--,--,--,--,--,--,--,--,--,--,--,--,--
2026/5/12 1:50,--,--,--,--,21.9,8.8,21.9,43,--,--,--,--,3.5,1.0,3.5,84,--,--,--,--,--,--,--,--,--,--,--,--,--,--,--,--,--,--,--,55,44,--,--,--,--,--,--,--,--,--,--,--,--,--,--,--,--,--,--,--,--,--,--,--,--,--,--,--,--,--,--,--,--,--,--
2026/5/12 2:05,--,--,--,--,21.9,8.8,21.9,43,--,--,--,--,3.4,0.9,3.4,84,--,--,--,--,--,--,--,--,--,--,--,--,--,--,--,--,--,--,--,55,44,--,--,--,--,--,--,--,--,--,--,--,--,--,--,--,--,--,--,--,--,--,--,--,--,--,--,--,--,--,--,--,--,--,--
2026/5/12 2:20,--,--,--,--,21.8,8.7,21.8,43,--,--,--,--,3.3,0.8,3.3,84,--,--,--,--,--,--,--,--,--,--,--,--,--,--,--,--,--,--,--,55,44,--,--,--,--,--,--,--,--,--,--,--,--,--,--,--,--,--,--,--,--,--,--,--,--,--,--,--,--,--,--,--,--,--,--
2026/5/12 2:35,--,--,--,--,21.8,8.7,21.8,43,--,--,--,--,3.5,1.2,3.5,85,--,--,--,--,--,--,--,--,--,--,--,--,--,--,--,--,--,--,--,55,44,--,--,--,--,--,--,--,--,--,--,--,--,--,--,--,--,--,--,--,--,--,--,--,--,--,--,--,--,--,--,--,--,--,--
2026/5/12 2:50,--,--,--,--,21.8,8.7,21.8,43,--,--,--,--,3.6,1.1,3.6,84,--,--,--,--,--,--,--,--,--,--,--,--,--,--,--,--,--,--,--,55,44,--,--,--,--,--,--,--,--,--,--,--,--,--,--,--,--,--,--,--,--,--,--,--,--,--,--,--,--,--,--,--,--,--,--
2026/5/12 3:05,--,--,--,--,21.7,8.6,21.7,43,--,--,--,--,3.6,1.1,3.6,84,--,--,--,--,--,--,--,--,--,--,--,--,--,--,--,--,--,--,--,55,44,--,--,--,--,--,--,--,--,--,--,--,--,--,--,--,--,--,--,--,--,--,--,--,--,--,--,--,--,--,--,--,--,--,--
2026/5/12 3:20,--,--,--,--,21.7,8.6,21.7,43,--,--,--,--,3.5,1.2,3.5,85,--,--,--,--,--,--,--,--,--,--,--,--,--,--,--,--,--,--,--,55,44,--,--,--,--,--,--,--,--,--,--,--,--,--,--,--,--,--,--,--,--,--,--,--,--,--,--,--,--,--,--,--,--,--,--
2026/5/12 3:35,--,--,--,--,21.7,8.6,21.7,43,--,--,--,--,3.5,1.4,3.5,86,--,--,--,--,--,--,--,--,--,--,--,--,--,--,--,--,--,--,--,55,44,--,--,--,--,--,--,--,--,--,--,--,--,--,--,--,--,--,--,--,--,--,--,--,--,--,--,--,--,--,--,--,--,--,--
2026/5/12 3:50,--,--,--,--,21.6,8.5,21.6,43,--,--,--,--,3.4,1.3,3.4,86,--,--,--,--,--,--,--,--,--,--,--,--,--,--,--,--,--,--,--,55,44,--,--,--,--,--,--,--,--,--,--,--,--,--,--,--,--,--,--,--,--,--,--,--,--,--,--,--,--,--,--,--,--,--,--
2026/5/12 4:05,--,--,--,--,21.6,8.5,21.6,43,--,--,--,--,3.5,1.4,3.5,86,--,--,--,--,--,--,--,--,--,--,--,--,--,--,--,--,--,--,--,55,44,--,--,--,--,--,--,--,--,--,--,--,--,--,--,--,--,--,--,--,--,--,--,--,--,--,--,--,--,--,--,--,--,--,--
2026/5/12 4:20,--,--,--,--,21.6,8.2,21.6,42,--,--,--,--,3.6,1.5,3.6,86,--,--,--,--,--,--,--,--,--,--,--,--,--,--,--,--,--,--,--,55,44,--,--,--,--,--,--,--,--,--,--,--,--,--,--,--,--,--,--,--,--,--,--,--,--,--,--,--,--,--,--,--,--,--,--
2026/5/12 4:35,--,--,--,--,21.6,8.2,21.6,42,--,--,--,--,3.6,1.5,3.6,86,--,--,--,--,--,--,--,--,--,--,--,--,--,--,--,--,--,--,--,55,44,--,--,--,--,--,--,--,--,--,--,--,--,--,--,--,--,--,--,--,--,--,--,--,--,--,--,--,--,--,--,--,--,--,--
2026/5/12 4:50,--,--,--,--,21.5,8.1,21.5,42,--,--,--,--,3.5,1.4,3.5,86,--,--,--,--,--,--,--,--,--,--,--,--,--,--,--,--,--,--,--,55,44,--,--,--,--,--,--,--,--,--,--,--,--,--,--,--,--,--,--,--,--,--,--,--,--,--,--,--,--,--,--,--,--,--,--
2026/5/12 5:05,--,--,--,--,21.5,8.1,21.5,42,--,--,--,--,3.5,1.5,3.5,87,--,--,--,--,--,--,--,--,--,--,--,--,--,--,--,--,--,--,--,55,44,--,--,--,--,--,--,--,--,--,--,--,--,--,--,--,--,--,--,--,--,--,--,--,--,--,--,--,--,--,--,--,--,--,--
2026/5/12 5:20,--,--,--,--,21.5,8.1,21.5,42,--,--,--,--,3.5,1.5,3.5,87,--,--,--,--,--,--,--,--,--,--,--,--,--,--,--,--,--,--,--,55,44,--,--,--,--,--,--,--,--,--,--,--,--,--,--,--,--,--,--,--,--,--,--,--,--,--,--,--,--,--,--,--,--,--,--
2026/5/12 5:35,--,--,--,--,21.5,8.1,21.5,42,--,--,--,--,3.4,1.5,3.4,88,--,--,--,--,--,--,--,--,--,--,--,--,--,--,--,--,--,--,--,55,44,--,--,--,--,--,--,--,--,--,--,--,--,--,--,--,--,--,--,--,--,--,--,--,--,--,--,--,--,--,--,--,--,--,--
2026/5/12 5:50,--,--,--,--,21.5,8.4,21.5,43,--,--,--,--,3.5,1.6,3.5,88,--,--,--,--,--,--,--,--,--,--,--,--,--,--,--,--,--,--,--,55,44,--,--,--,--,--,--,--,--,--,--,--,--,--,--,--,--,--,--,--,--,--,--,--,--,--,--,--,--,--,--,--,--,--,--
2026/5/12 6:05,--,--,--,--,21.6,8.5,21.6,43,--,--,--,--,3.6,1.9,3.6,89,--,--,--,--,--,--,--,--,--,--,--,--,--,--,--,--,--,--,--,55,44,--,--,--,--,--,--,--,--,--,--,--,--,--,--,--,--,--,--,--,--,--,--,--,--,--,--,--,--,--,--,--,--,--,--
2026/5/12 6:20,--,--,--,--,21.6,8.5,21.6,43,--,--,--,--,4.0,2.1,4.0,88,--,--,--,--,--,--,--,--,--,--,--,--,--,--,--,--,--,--,--,55,44,--,--,--,--,--,--,--,--,--,--,--,--,--,--,--,--,--,--,--,--,--,--,--,--,--,--,--,--,--,--,--,--,--,--
2026/5/12 6:35,--,--,--,--,21.6,8.5,21.6,43,--,--,--,--,4.5,2.6,4.5,88,--,--,--,--,--,--,--,--,--,--,--,--,--,--,--,--,--,--,--,55,44,--,--,--,--,--,--,--,--,--,--,--,--,--,--,--,--,--,--,--,--,--,--,--,--,--,--,--,--,--,--,--,--,--,--
2026/5/12 6:50,--,--,--,--,21.7,8.6,21.7,43,--,--,--,--,5.6,3.5,5.6,86,--,--,--,--,--,--,--,--,--,--,--,--,--,--,--,--,--,--,--,55,44,--,--,--,--,--,--,--,--,--,--,--,--,--,--,--,--,--,--,--,--,--,--,--,--,--,--,--,--,--,--,--,--,--,--
2026/5/12 7:05,--,--,--,--,21.7,8.9,21.7,44,--,--,--,--,6.6,3.9,6.6,83,--,--,--,--,--,--,--,--,--,--,--,--,--,--,--,--,--,--,--,55,44,--,--,--,--,--,--,--,--,--,--,--,--,--,--,--,--,--,--,--,--,--,--,--,--,--,--,--,--,--,--,--,--,--,--
2026/5/12 7:20,--,--,--,--,21.7,8.6,21.7,43,--,--,--,--,6.6,3.6,6.6,81,--,--,--,--,--,--,--,--,--,--,--,--,--,--,--,--,--,--,--,55,44,--,--,--,--,--,--,--,--,--,--,--,--,--,--,--,--,--,--,--,--,--,--,--,--,--,--,--,--,--,--,--,--,--,--
2026/5/12 7:35,--,--,--,--,21.8,8.7,21.8,43,--,--,--,--,7.2,4.2,7.2,81,--,--,--,--,--,--,--,--,--,--,--,--,--,--,--,--,--,--,--,55,44,--,--,--,--,--,--,--,--,--,--,--,--,--,--,--,--,--,--,--,--,--,--,--,--,--,--,--,--,--,--,--,--,--,--
2026/5/12 7:50,--,--,--,--,21.9,8.8,21.9,43,--,--,--,--,8.7,4.9,8.7,77,--,--,--,--,--,--,--,--,--,--,--,--,--,--,--,--,--,--,--,55,44,--,--,--,--,--,--,--,--,--,--,--,--,--,--,--,--,--,--,--,--,--,--,--,--,--,--,--,--,--,--,--,--,--,--
2026/5/12 8:05,--,--,--,--,22.0,8.9,22.0,43,--,--,--,--,8.8,4.6,8.8,75,--,--,--,--,--,--,--,--,--,--,--,--,--,--,--,--,--,--,--,55,44,--,--,--,--,--,--,--,--,--,--,--,--,--,--,--,--,--,--,--,--,--,--,--,--,--,--,--,--,--,--,--,--,--,--
2026/5/12 8:20,--,--,--,--,22.0,8.9,22.0,43,--,--,--,--,9.3,4.7,9.3,73,--,--,--,--,--,--,--,--,--,--,--,--,--,--,--,--,--,--,--,55,44,--,--,--,--,--,--,--,--,--,--,--,--,--,--,--,--,--,--,--,--,--,--,--,--,--,--,--,--,--,--,--,--,--,--
2026/5/12 8:35,--,--,--,--,22.1,9.0,22.1,43,--,--,--,--,9.7,5.1,9.7,73,--,--,--,--,--,--,--,--,--,--,--,--,--,--,--,--,--,--,--,55,44,--,--,--,--,--,--,--,--,--,--,--,--,--,--,--,--,--,--,--,--,--,--,--,--,--,--,--,--,--,--,--,--,--,--
2026/5/12 8:50,--,--,--,--,22.1,9.0,22.1,43,--,--,--,--,10.3,5.3,10.3,71,--,--,--,--,--,--,--,--,--,--,--,--,--,--,--,--,--,--,--,55,44,--,--,--,--,--,--,--,--,--,--,--,--,--,--,--,--,--,--,--,--,--,--,--,--,--,--,--,--,--,--,--,--,--,--
2026/5/12 9:05,--,--,--,--,22.2,9.1,22.2,43,--,--,--,--,11.1,5.6,11.1,69,--,--,--,--,--,--,--,--,--,--,--,--,--,--,--,--,--,--,--,55,44,--,--,--,--,--,--,--,--,--,--,--,--,--,--,--,--,--,--,--,--,--,--,--,--,--,--,--,--,--,--,--,--,--,--
2026/5/12 9:20,--,--,--,--,22.3,9.1,22.3,43,--,--,--,--,11.2,5.5,11.2,68,--,--,--,--,--,--,--,--,--,--,--,--,--,--,--,--,--,--,--,55,44,--,--,--,--,--,--,--,--,--,--,--,--,--,--,--,--,--,--,--,--,--,--,--,--,--,--,--,--,--,--,--,--,--,--
2026/5/12 9:35,--,--,--,--,22.4,8.9,22.4,42,--,--,--,--,12.2,5.8,12.2,65,--,--,--,--,--,--,--,--,--,--,--,--,--,--,--,--,--,--,--,55,44,--,--,--,--,--,--,--,--,--,--,--,--,--,--,--,--,--,--,--,--,--,--,--,--,--,--,--,--,--,--,--,--,--,--
2026/5/12 9:50,--,--,--,--,22.4,8.9,22.4,42,--,--,--,--,13.3,6.4,13.3,63,--,--,--,--,--,--,--,--,--,--,--,--,--,--,--,--,--,--,--,55,44,--,--,--,--,--,--,--,--,--,--,--,--,--,--,--,--,--,--,--,--,--,--,--,--,--,--,--,--,--,--,--,--,--,--
2026/5/12 10:05,--,--,--,--,22.5,9.0,22.5,42,--,--,--,--,14.1,5.7,14.1,57,--,--,--,--,--,--,--,--,--,--,--,--,--,--,--,--,--,--,--,55,44,--,--,--,--,--,--,--,--,--,--,--,--,--,--,--,--,--,--,--,--,--,--,--,--,--,--,--,--,--,--,--,--,--,--
2026/5/12 10:20,--,--,--,--,22.5,9.0,22.5,42,--,--,--,--,15.5,5.7,15.5,52,--,--,--,--,--,--,--,--,--,--,--,--,--,--,--,--,--,--,--,55,44,--,--,--,--,--,--,--,--,--,--,--,--,--,--,--,--,--,--,--,--,--,--,--,--,--,--,--,--,--,--,--,--,--,--
2026/5/12 10:35,--,--,--,--,22.5,9.0,22.5,42,--,--,--,--,14.8,5.3,14.8,53,--,--,--,--,--,--,--,--,--,--,--,--,--,--,--,--,--,--,--,55,44,--,--,--,--,--,--,--,--,--,--,--,--,--,--,--,--,--,--,--,--,--,--,--,--,--,--,--,--,--,--,--,--,--,--
2026/5/12 10:50,--,--,--,--,22.6,9.1,22.6,42,--,--,--,--,13.1,6.0,13.1,62,--,--,--,--,--,--,--,--,--,--,--,--,--,--,--,--,--,--,--,55,44,--,--,--,--,--,--,--,--,--,--,--,--,--,--,--,--,--,--,--,--,--,--,--,--,--,--,--,--,--,--,--,--,--,--
2026/5/12 11:05,--,--,--,--,22.5,9.0,22.5,42,--,--,--,--,13.9,6.3,13.9,60,--,--,--,--,--,--,--,--,--,--,--,--,--,--,--,--,--,--,--,55,44,--,--,--,--,--,--,--,--,--,--,--,--,--,--,--,--,--,--,--,--,--,--,--,--,--,--,--,--,--,--,--,--,--,--
2026/5/12 11:20,--,--,--,--,22.6,9.1,22.6,42,--,--,--,--,15.8,7.3,15.8,57,--,--,--,--,--,--,--,--,--,--,--,--,--,--,--,--,--,--,--,55,44,--,--,--,--,--,--,--,--,--,--,--,--,--,--,--,--,--,--,--,--,--,--,--,--,--,--,--,--,--,--,--,--,--,--
2026/5/12 11:35,--,--,--,--,22.6,9.1,22.6,42,--,--,--,--,20.0,9.0,20.0,49,--,--,--,--,--,--,--,--,--,--,--,--,--,--,--,--,--,--,--,55,44,--,--,--,--,--,--,--,--,--,--,--,--,--,--,--,--,--,--,--,--,--,--,--,--,--,--,--,--,--,--,--,--,--,--
2026/5/12 11:50,--,--,--,--,22.7,9.2,22.7,42,--,--,--,--,22.7,7.3,22.7,37,--,--,--,--,--,--,--,--,--,--,--,--,--,--,--,--,--,--,--,55,44,--,--,--,--,--,--,--,--,--,--,--,--,--,--,--,--,--,--,--,--,--,--,--,--,--,--,--,--,--,--,--,--,--,--
2026/5/12 12:05,--,--,--,--,22.7,9.2,22.7,42,--,--,--,--,20.6,6.9,20.6,41,--,--,--,--,--,--,--,--,--,--,--,--,--,--,--,--,--,--,--,55,44,--,--,--,--,--,--,--,--,--,--,--,--,--,--,--,--,--,--,--,--,--,--,--,--,--,--,--,--,--,--,--,--,--,--
2026/5/12 12:20,--,--,--,--,22.8,9.3,22.8,42,--,--,--,--,18.2,5.8,18.2,44,--,--,--,--,--,--,--,--,--,--,--,--,--,--,--,--,--,--,--,55,44,--,--,--,--,--,--,--,--,--,--,--,--,--,--,--,--,--,--,--,--,--,--,--,--,--,--,--,--,--,--,--,--,--,--
2026/5/12 12:35,--,--,--,--,22.8,9.3,22.8,42,--,--,--,--,21.3,9.5,21.3,47,--,--,--,--,--,--,--,--,--,--,--,--,--,--,--,--,--,--,--,55,44,--,--,--,--,--,--,--,--,--,--,--,--,--,--,--,--,--,--,--,--,--,--,--,--,--,--,--,--,--,--,--,--,--,--
2026/5/12 12:50,--,--,--,--,22.8,9.3,22.8,42,--,--,--,--,21.5,8.1,21.5,42,--,--,--,--,--,--,--,--,--,--,--,--,--,--,--,--,--,--,--,55,44,--,--,--,--,--,--,--,--,--,--,--,--,--,--,--,--,--,--,--,--,--,--,--,--,--,--,--,--,--,--,--,--,--,--
2026/5/12 13:05,--,--,--,--,22.8,9.3,22.8,42,--,--,--,--,19.3,7.1,19.3,45,--,--,--,--,--,--,--,--,--,--,--,--,--,--,--,--,--,--,--,55,44,--,--,--,--,--,--,--,--,--,--,--,--,--,--,--,--,--,--,--,--,--,--,--,--,--,--,--,--,--,--,--,--,--,--
2026/5/12 13:20,--,--,--,--,22.9,9.3,22.9,42,--,--,--,--,19.2,7.0,19.2,45,--,--,--,--,--,--,--,--,--,--,--,--,--,--,--,--,--,--,--,55,44,--,--,--,--,--,--,--,--,--,--,--,--,--,--,--,--,--,--,--,--,--,--,--,--,--,--,--,--,--,--,--,--,--,--
2026/5/12 13:35,--,--,--,--,22.8,9.6,22.8,43,--,--,--,--,17.0,6.2,17.0,49,--,--,--,--,--,--,--,--,--,--,--,--,--,--,--,--,--,--,--,55,44,--,--,--,--,--,--,--,--,--,--,--,--,--,--,--,--,--,--,--,--,--,--,--,--,--,--,--,--,--,--,--,--,--,--
2026/5/12 13:50,--,--,--,--,22.8,9.3,22.8,42,--,--,--,--,18.0,6.5,18.0,47,--,--,--,--,--,--,--,--,--,--,--,--,--,--,--,--,--,--,--,55,44,--,--,--,--,--,--,--,--,--,--,--,--,--,--,--,--,--,--,--,--,--,--,--,--,--,--,--,--,--,--,--,--,--,--
2026/5/12 14:05,--,--,--,--,22.8,9.3,22.8,42,--,--,--,--,23.3,10.1,23.3,43,--,--,--,--,--,--,--,--,--,--,--,--,--,--,--,--,--,--,--,55,44,--,--,--,--,--,--,--,--,--,--,--,--,--,--,--,--,--,--,--,--,--,--,--,--,--,--,--,--,--,--,--,--,--,--
2026/5/12 14:20,--,--,--,--,22.8,9.3,22.8,42,--,--,--,--,18.4,5.6,18.4,43,--,--,--,--,--,--,--,--,--,--,--,--,--,--,--,--,--,--,--,55,44,--,--,--,--,--,--,--,--,--,--,--,--,--,--,--,--,--,--,--,--,--,--,--,--,--,--,--,--,--,--,--,--,--,--
2026/5/12 14:35,--,--,--,--,22.8,9.3,22.8,42,--,--,--,--,15.2,5.1,15.2,51,--,--,--,--,--,--,--,--,--,--,--,--,--,--,--,--,--,--,--,55,44,--,--,--,--,--,--,--,--,--,--,--,--,--,--,--,--,--,--,--,--,--,--,--,--,--,--,--,--,--,--,--,--,--,--
2026/5/12 14:50,--,--,--,--,22.8,9.3,22.8,42,--,--,--,--,19.2,7.0,19.2,45,--,--,--,--,--,--,--,--,--,--,--,--,--,--,--,--,--,--,--,55,44,--,--,--,--,--,--,--,--,--,--,--,--,--,--,--,--,--,--,--,--,--,--,--,--,--,--,--,--,--,--,--,--,--,--
2026/5/12 15:05,--,--,--,--,22.8,9.3,22.8,42,--,--,--,--,20.0,6.7,20.0,42,--,--,--,--,--,--,--,--,--,--,--,--,--,--,--,--,--,--,--,55,44,--,--,--,--,--,--,--,--,--,--,--,--,--,--,--,--,--,--,--,--,--,--,--,--,--,--,--,--,--,--,--,--,--,--
2026/5/12 15:20,--,--,--,--,22.8,9.6,22.8,43,--,--,--,--,20.3,7.0,20.3,42,--,--,--,--,--,--,--,--,--,--,--,--,--,--,--,--,--,--,--,55,44,--,--,--,--,--,--,--,--,--,--,--,--,--,--,--,--,--,--,--,--,--,--,--,--,--,--,--,--,--,--,--,--,--,--
2026/5/12 15:35,--,--,--,--,22.8,9.3,22.8,42,--,--,--,--,25.7,9.9,25.7,37,--,--,--,--,--,--,--,--,--,--,--,--,--,--,--,--,--,--,--,55,44,--,--,--,--,--,--,--,--,--,--,--,--,--,--,--,--,--,--,--,--,--,--,--,--,--,--,--,--,--,--,--,--,--,--
2026/5/12 15:50,--,--,--,--,22.8,9.6,22.8,43,--,--,--,--,23.5,7.6,23.5,36,--,--,--,--,--,--,--,--,--,--,--,--,--,--,--,--,--,--,--,55,44,--,--,--,--,--,--,--,--,--,--,--,--,--,--,--,--,--,--,--,--,--,--,--,--,--,--,--,--,--,--,--,--,--,--
2026/5/12 16:05,--,--,--,--,22.9,9.7,22.9,43,--,--,--,--,21.5,6.6,21.5,38,--,--,--,--,--,--,--,--,--,--,--,--,--,--,--,--,--,--,--,55,44,--,--,--,--,--,--,--,--,--,--,--,--,--,--,--,--,--,--,--,--,--,--,--,--,--,--,--,--,--,--,--,--,--,--
2026/5/12 16:20,--,--,--,--,22.9,10.0,22.9,44,--,--,--,--,17.2,4.9,17.2,44,--,--,--,--,--,--,--,--,--,--,--,--,--,--,--,--,--,--,--,55,44,--,--,--,--,--,--,--,--,--,--,--,--,--,--,--,--,--,--,--,--,--,--,--,--,--,--,--,--,--,--,--,--,--,--
2026/5/12 16:35,--,--,--,--,22.9,9.7,22.9,43,--,--,--,--,16.8,4.8,16.8,45,--,--,--,--,--,--,--,--,--,--,--,--,--,--,--,--,--,--,--,55,44,--,--,--,--,--,--,--,--,--,--,--,--,--,--,--,--,--,--,--,--,--,--,--,--,--,--,--,--,--,--,--,--,--,--
2026/5/12 16:50,--,--,--,--,22.9,10.0,22.9,44,--,--,--,--,20.6,6.9,20.6,41,--,--,--,--,--,--,--,--,--,--,--,--,--,--,--,--,--,--,--,55,44,--,--,--,--,--,--,--,--,--,--,--,--,--,--,--,--,--,--,--,--,--,--,--,--,--,--,--,--,--,--,--,--,--,--
2026/5/12 17:05,--,--,--,--,23.0,9.8,23.0,43,--,--,--,--,18.6,5.1,18.6,41,--,--,--,--,--,--,--,--,--,--,--,--,--,--,--,--,--,--,--,55,44,--,--,--,--,--,--,--,--,--,--,--,--,--,--,--,--,--,--,--,--,--,--,--,--,--,--,--,--,--,--,--,--,--,--
2026/5/12 17:20,--,--,--,--,22.9,9.7,22.9,43,--,--,--,--,16.6,4.9,16.6,46,--,--,--,--,--,--,--,--,--,--,--,--,--,--,--,--,--,--,--,55,44,--,--,--,--,--,--,--,--,--,--,--,--,--,--,--,--,--,--,--,--,--,--,--,--,--,--,--,--,--,--,--,--,--,--
2026/5/12 17:35,--,--,--,--,22.9,9.7,22.9,43,--,--,--,--,14.5,3.9,14.5,49,--,--,--,--,--,--,--,--,--,--,--,--,--,--,--,--,--,--,--,55,44,--,--,--,--,--,--,--,--,--,--,--,--,--,--,--,--,--,--,--,--,--,--,--,--,--,--,--,--,--,--,--,--,--,--
2026/5/12 17:50,--,--,--,--,22.8,9.6,22.8,43,--,--,--,--,13.9,3.7,13.9,50,--,--,--,--,--,--,--,--,--,--,--,--,--,--,--,--,--,--,--,55,44,--,--,--,--,--,--,--,--,--,--,--,--,--,--,--,--,--,--,--,--,--,--,--,--,--,--,--,--,--,--,--,--,--,--
2026/5/12 18:05,--,--,--,--,22.8,9.6,22.8,43,--,--,--,--,13.8,4.1,13.8,52,--,--,--,--,--,--,--,--,--,--,--,--,--,--,--,--,--,--,--,55,44,--,--,--,--,--,--,--,--,--,--,--,--,--,--,--,--,--,--,--,--,--,--,--,--,--,--,--,--,--,--,--,--,--,--
2026/5/12 18:20,--,--,--,--,22.8,9.6,22.8,43,--,--,--,--,13.8,4.4,13.8,53,--,--,--,--,--,--,--,--,--,--,--,--,--,--,--,--,--,--,--,55,44,--,--,--,--,--,--,--,--,--,--,--,--,--,--,--,--,--,--,--,--,--,--,--,--,--,--,--,--,--,--,--,--,--,--
2026/5/12 18:35,--,--,--,--,22.7,9.5,22.7,43,--,--,--,--,13.7,4.6,13.7,54,--,--,--,--,--,--,--,--,--,--,--,--,--,--,--,--,--,--,--,55,44,--,--,--,--,--,--,--,--,--,--,--,--,--,--,--,--,--,--,--,--,--,--,--,--,--,--,--,--,--,--,--,--,--,--
2026/5/12 18:50,--,--,--,--,22.7,9.5,22.7,43,--,--,--,--,13.4,4.5,13.4,55,--,--,--,--,--,--,--,--,--,--,--,--,--,--,--,--,--,--,--,55,44,--,--,--,--,--,--,--,--,--,--,--,--,--,--,--,--,--,--,--,--,--,--,--,--,--,--,--,--,--,--,--,--,--,--
2026/5/12 19:05,--,--,--,--,22.6,9.1,22.6,42,--,--,--,--,12.8,4.3,12.8,56,--,--,--,--,--,--,--,--,--,--,--,--,--,--,--,--,--,--,--,55,44,--,--,--,--,--,--,--,--,--,--,--,--,--,--,--,--,--,--,--,--,--,--,--,--,--,--,--,--,--,--,--,--,--,--
2026/5/12 19:20,--,--,--,--,22.5,8.6,22.5,41,--,--,--,--,12.2,3.9,12.2,57,--,--,--,--,--,--,--,--,--,--,--,--,--,--,--,--,--,--,--,55,44,--,--,--,--,--,--,--,--,--,--,--,--,--,--,--,--,--,--,--,--,--,--,--,--,--,--,--,--,--,--,--,--,--,--
2026/5/12 19:35,--,--,--,--,22.5,9.0,22.5,42,--,--,--,--,12.0,4.0,12.0,58,--,--,--,--,--,--,--,--,--,--,--,--,--,--,--,--,--,--,--,55,44,--,--,--,--,--,--,--,--,--,--,--,--,--,--,--,--,--,--,--,--,--,--,--,--,--,--,--,--,--,--,--,--,--,--
2026/5/12 19:50,--,--,--,--,22.5,9.0,22.5,42,--,--,--,--,11.6,3.9,11.6,59,--,--,--,--,--,--,--,--,--,--,--,--,--,--,--,--,--,--,--,55,44,--,--,--,--,--,--,--,--,--,--,--,--,--,--,--,--,--,--,--,--,--,--,--,--,--,--,--,--,--,--,--,--,--,--
2026/5/12 20:05,--,--,--,--,22.5,9.3,22.5,43,--,--,--,--,11.2,3.7,11.2,60,--,--,--,--,--,--,--,--,--,--,--,--,--,--,--,--,--,--,--,55,44,--,--,--,--,--,--,--,--,--,--,--,--,--,--,--,--,--,--,--,--,--,--,--,--,--,--,--,--,--,--,--,--,--,--
2026/5/12 20:20,--,--,--,--,22.5,9.3,22.5,43,--,--,--,--,10.9,3.9,10.9,62,--,--,--,--,--,--,--,--,--,--,--,--,--,--,--,--,--,--,--,55,44,--,--,--,--,--,--,--,--,--,--,--,--,--,--,--,--,--,--,--,--,--,--,--,--,--,--,--,--,--,--,--,--,--,--
2026/5/12 20:35,--,--,--,--,22.5,9.3,22.5,43,--,--,--,--,10.5,3.8,10.5,63,--,--,--,--,--,--,--,--,--,--,--,--,--,--,--,--,--,--,--,55,44,--,--,--,--,--,--,--,--,--,--,--,--,--,--,--,--,--,--,--,--,--,--,--,--,--,--,--,--,--,--,--,--,--,--
2026/5/12 20:50,--,--,--,--,22.5,9.3,22.5,43,--,--,--,--,10.2,3.9,10.2,65,--,--,--,--,--,--,--,--,--,--,--,--,--,--,--,--,--,--,--,55,44,--,--,--,--,--,--,--,--,--,--,--,--,--,--,--,--,--,--,--,--,--,--,--,--,--,--,--,--,--,--,--,--,--,--
2026/5/12 21:05,--,--,--,--,22.4,9.2,22.4,43,--,--,--,--,10.0,3.9,10.0,66,--,--,--,--,--,--,--,--,--,--,--,--,--,--,--,--,--,--,--,55,44,--,--,--,--,--,--,--,--,--,--,--,--,--,--,--,--,--,--,--,--,--,--,--,--,--,--,--,--,--,--,--,--,--,--
2026/5/12 21:20,--,--,--,--,22.4,9.2,22.4,43,--,--,--,--,9.8,3.8,9.8,66,--,--,--,--,--,--,--,--,--,--,--,--,--,--,--,--,--,--,--,55,44,--,--,--,--,--,--,--,--,--,--,--,--,--,--,--,--,--,--,--,--,--,--,--,--,--,--,--,--,--,--,--,--,--,--
2026/5/12 21:35,--,--,--,--,22.4,9.2,22.4,43,--,--,--,--,9.7,3.8,9.7,67,--,--,--,--,--,--,--,--,--,--,--,--,--,--,--,--,--,--,--,55,44,--,--,--,--,--,--,--,--,--,--,--,--,--,--,--,--,--,--,--,--,--,--,--,--,--,--,--,--,--,--,--,--,--,--
2026/5/12 21:50,--,--,--,--,22.4,9.2,22.4,43,--,--,--,--,9.7,3.8,9.7,67,--,--,--,--,--,--,--,--,--,--,--,--,--,--,--,--,--,--,--,55,44,--,--,--,--,--,--,--,--,--,--,--,--,--,--,--,--,--,--,--,--,--,--,--,--,--,--,--,--,--,--,--,--,--,--
2026/5/12 22:05,--,--,--,--,22.3,9.1,22.3,43,--,--,--,--,9.7,4.1,9.7,68,--,--,--,--,--,--,--,--,--,--,--,--,--,--,--,--,--,--,--,55,44,--,--,--,--,--,--,--,--,--,--,--,--,--,--,--,--,--,--,--,--,--,--,--,--,--,--,--,--,--,--,--,--,--,--
2026/5/12 22:20,--,--,--,--,22.3,9.1,22.3,43,--,--,--,--,9.6,4.0,9.6,68,--,--,--,--,--,--,--,--,--,--,--,--,--,--,--,--,--,--,--,55,44,--,--,--,--,--,--,--,--,--,--,--,--,--,--,--,--,--,--,--,--,--,--,--,--,--,--,--,--,--,--,--,--,--,--
2026/5/12 22:35,--,--,--,--,22.2,9.1,22.2,43,--,--,--,--,9.5,4.1,9.5,69,--,--,--,--,--,--,--,--,--,--,--,--,--,--,--,--,--,--,--,55,44,--,--,--,--,--,--,--,--,--,--,--,--,--,--,--,--,--,--,--,--,--,--,--,--,--,--,--,--,--,--,--,--,--,--
2026/5/12 22:50,--,--,--,--,22.2,9.1,22.2,43,--,--,--,--,9.3,4.1,9.3,70,--,--,--,--,--,--,--,--,--,--,--,--,--,--,--,--,--,--,--,55,44,--,--,--,--,--,--,--,--,--,--,--,--,--,--,--,--,--,--,--,--,--,--,--,--,--,--,--,--,--,--,--,--,--,--
2026/5/12 23:05,--,--,--,--,22.1,8.6,22.1,42,--,--,--,--,9.2,4.2,9.2,71,--,--,--,--,--,--,--,--,--,--,--,--,--,--,--,--,--,--,--,55,44,--,--,--,--,--,--,--,--,--,--,--,--,--,--,--,--,--,--,--,--,--,--,--,--,--,--,--,--,--,--,--,--,--,--
2026/5/12 23:20,--,--,--,--,22.1,8.6,22.1,42,--,--,--,--,9.2,4.2,9.2,71,--,--,--,--,--,--,--,--,--,--,--,--,--,--,--,--,--,--,--,55,44,--,--,--,--,--,--,--,--,--,--,--,--,--,--,--,--,--,--,--,--,--,--,--,--,--,--,--,--,--,--,--,--,--,--
2026/5/12 23:35,--,--,--,--,22.0,8.5,22.0,42,--,--,--,--,9.3,4.3,9.3,71,--,--,--,--,--,--,--,--,--,--,--,--,--,--,--,--,--,--,--,55,44,--,--,--,--,--,--,--,--,--,--,--,--,--,--,--,--,--,--,--,--,--,--,--,--,--,--,--,--,--,--,--,--,--,--
2026/5/12 23:50,--,--,--,--,22.0,8.5,22.0,42,--,--,--,--,9.3,4.5,9.3,72,--,--,--,--,--,--,--,--,--,--,--,--,--,--,--,--,--,--,--,55,44,--,--,--,--,--,--,--,--,--,--,--,--,--,--,--,--,--,--,--,--,--,--,--,--,--,--,--,--,--,--,--,--,--,--
2026/5/12 23:59,--,--,--,--,22.0,8.5,22.0,42,--,--,--,--,9.3,4.3,9.3,71,--,--,--,--,--,--,--,--,--,--,--,--,--,--,--,--,--,--,--,55,44,--,--,--,--,--,--,--,--,--,--,--,--,--,--,--,--,--,--,--,--,--,--,--,--,--,--,--,--,--,--,--,--,--,--
2026/5/13 0:00,--,--,--,--,22.0,8.5,22.0,42,--,--,--,--,9.3,4.3,9.3,71,--,--,--,--,--,--,--,--,--,--,--,--,--,--,--,--,--,--,--,55,44,--,--,--,--,--,--,--,--,--,--,--,--,--,--,--,--,--,--,--,--,--,--,--,--,--,--,--,--,--,--,--,--,--,--
2026/5/13 0:05,--,--,--,--,21.9,8.1,21.9,41,--,--,--,--,9.3,4.3,9.3,71,--,--,--,--,--,--,--,--,--,--,--,--,--,--,--,--,--,--,--,55,44,--,--,--,--,--,--,--,--,--,--,--,--,--,--,--,--,--,--,--,--,--,--,--,--,--,--,--,--,--,--,--,--,--,--
2026/5/13 0:20,--,--,--,--,21.9,8.1,21.9,41,--,--,--,--,9.3,4.3,9.3,71,--,--,--,--,--,--,--,--,--,--,--,--,--,--,--,--,--,--,--,55,44,--,--,--,--,--,--,--,--,--,--,--,--,--,--,--,--,--,--,--,--,--,--,--,--,--,--,--,--,--,--,--,--,--,--
2026/5/13 0:35,--,--,--,--,21.8,8.0,21.8,41,--,--,--,--,9.3,4.3,9.3,71,--,--,--,--,--,--,--,--,--,--,--,--,--,--,--,--,--,--,--,55,44,--,--,--,--,--,--,--,--,--,--,--,--,--,--,--,--,--,--,--,--,--,--,--,--,--,--,--,--,--,--,--,--,--,--
2026/5/13 0:50,--,--,--,--,21.8,8.0,21.8,41,--,--,--,--,9.2,4.2,9.2,71,--,--,--,--,--,--,--,--,--,--,--,--,--,--,--,--,--,--,--,55,44,--,--,--,--,--,--,--,--,--,--,--,--,--,--,--,--,--,--,--,--,--,--,--,--,--,--,--,--,--,--,--,--,--,--
2026/5/13 1:05,--,--,--,--,21.8,8.0,21.8,41,--,--,--,--,9.2,4.2,9.2,71,--,--,--,--,--,--,--,--,--,--,--,--,--,--,--,--,--,--,--,55,44,--,--,--,--,--,--,--,--,--,--,--,--,--,--,--,--,--,--,--,--,--,--,--,--,--,--,--,--,--,--,--,--,--,--
2026/5/13 1:20,--,--,--,--,21.7,7.9,21.7,41,--,--,--,--,9.1,4.1,9.1,71,--,--,--,--,--,--,--,--,--,--,--,--,--,--,--,--,--,--,--,55,44,--,--,--,--,--,--,--,--,--,--,--,--,--,--,--,--,--,--,--,--,--,--,--,--,--,--,--,--,--,--,--,--,--,--
2026/5/13 1:35,--,--,--,--,21.7,7.9,21.7,41,--,--,--,--,9.1,4.1,9.1,71,--,--,--,--,--,--,--,--,--,--,--,--,--,--,--,--,--,--,--,55,44,--,--,--,--,--,--,--,--,--,--,--,--,--,--,--,--,--,--,--,--,--,--,--,--,--,--,--,--,--,--,--,--,--,--
2026/5/13 1:50,--,--,--,--,21.7,7.9,21.7,41,--,--,--,--,9.1,4.1,9.1,71,--,--,--,--,--,--,--,--,--,--,--,--,--,--,--,--,--,--,--,55,44,--,--,--,--,--,--,--,--,--,--,--,--,--,--,--,--,--,--,--,--,--,--,--,--,--,--,--,--,--,--,--,--,--,--
2026/5/13 2:05,--,--,--,--,21.7,7.9,21.7,41,--,--,--,--,9.3,4.3,9.3,71,--,--,--,--,--,--,--,--,--,--,--,--,--,--,--,--,--,--,--,55,44,--,--,--,--,--,--,--,--,--,--,--,--,--,--,--,--,--,--,--,--,--,--,--,--,--,--,--,--,--,--,--,--,--,--
2026/5/13 2:20,--,--,--,--,21.6,7.8,21.6,41,--,--,--,--,9.4,4.2,9.4,70,--,--,--,--,--,--,--,--,--,--,--,--,--,--,--,--,--,--,--,55,44,--,--,--,--,--,--,--,--,--,--,--,--,--,--,--,--,--,--,--,--,--,--,--,--,--,--,--,--,--,--,--,--,--,--
2026/5/13 2:35,--,--,--,--,21.6,7.8,21.6,41,--,--,--,--,9.4,4.4,9.4,71,--,--,--,--,--,--,--,--,--,--,--,--,--,--,--,--,--,--,--,55,44,--,--,--,--,--,--,--,--,--,--,--,--,--,--,--,--,--,--,--,--,--,--,--,--,--,--,--,--,--,--,--,--,--,--
2026/5/13 2:50,--,--,--,--,21.6,7.8,21.6,41,--,--,--,--,9.0,4.4,9.0,73,--,--,--,--,--,--,--,--,--,--,--,--,--,--,--,--,--,--,--,55,44,--,--,--,--,--,--,--,--,--,--,--,--,--,--,--,--,--,--,--,--,--,--,--,--,--,--,--,--,--,--,--,--,--,--
2026/5/13 3:05,--,--,--,--,21.5,7.7,21.5,41,--,--,--,--,8.9,4.3,8.9,73,--,--,--,--,--,--,--,--,--,--,--,--,--,--,--,--,--,--,--,55,44,--,--,--,--,--,--,--,--,--,--,--,--,--,--,--,--,--,--,--,--,--,--,--,--,--,--,--,--,--,--,--,--,--,--
2026/5/13 3:20,--,--,--,--,21.5,7.7,21.5,41,--,--,--,--,9.0,4.4,9.0,73,--,--,--,--,--,--,--,--,--,--,--,--,--,--,--,--,--,--,--,55,44,--,--,--,--,--,--,--,--,--,--,--,--,--,--,--,--,--,--,--,--,--,--,--,--,--,--,--,--,--,--,--,--,--,--
2026/5/13 3:35,--,--,--,--,21.5,7.7,21.5,41,--,--,--,--,8.9,4.7,8.9,75,--,--,--,--,--,--,--,--,--,--,--,--,--,--,--,--,--,--,--,55,44,--,--,--,--,--,--,--,--,--,--,--,--,--,--,--,--,--,--,--,--,--,--,--,--,--,--,--,--,--,--,--,--,--,--
2026/5/13 3:50,--,--,--,--,21.5,7.7,21.5,41,--,--,--,--,8.6,4.6,8.6,76,--,--,--,--,--,--,--,--,--,--,--,--,--,--,--,--,--,--,--,55,44,--,--,--,--,--,--,--,--,--,--,--,--,--,--,--,--,--,--,--,--,--,--,--,--,--,--,--,--,--,--,--,--,--,--
2026/5/13 4:05,--,--,--,--,21.4,7.6,21.4,41,--,--,--,--,8.4,4.8,8.4,78,--,--,--,--,--,--,--,--,--,--,--,--,--,--,--,--,--,--,--,55,44,--,--,--,--,--,--,--,--,--,--,--,--,--,--,--,--,--,--,--,--,--,--,--,--,--,--,--,--,--,--,--,--,--,--
2026/5/13 4:20,--,--,--,--,21.4,7.6,21.4,41,--,--,--,--,8.4,5.0,8.4,79,--,--,--,--,--,--,--,--,--,--,--,--,--,--,--,--,--,--,--,55,44,--,--,--,--,--,--,--,--,--,--,--,--,--,--,--,--,--,--,--,--,--,--,--,--,--,--,--,--,--,--,--,--,--,--
2026/5/13 4:35,--,--,--,--,21.4,7.6,21.4,41,--,--,--,--,8.3,5.2,8.3,81,--,--,--,--,--,--,--,--,--,--,--,--,--,--,--,--,--,--,--,55,44,--,--,--,--,--,--,--,--,--,--,--,--,--,--,--,--,--,--,--,--,--,--,--,--,--,--,--,--,--,--,--,--,--,--
2026/5/13 4:50,--,--,--,--,21.4,7.6,21.4,41,--,--,--,--,8.2,5.1,8.2,81,--,--,--,--,--,--,--,--,--,--,--,--,--,--,--,--,--,--,--,55,44,--,--,--,--,--,--,--,--,--,--,--,--,--,--,--,--,--,--,--,--,--,--,--,--,--,--,--,--,--,--,--,--,--,--
2026/5/13 5:05,--,--,--,--,21.3,7.5,21.3,41,--,--,--,--,8.2,5.1,8.2,81,--,--,--,--,--,--,--,--,--,--,--,--,--,--,--,--,--,--,--,55,44,--,--,--,--,--,--,--,--,--,--,--,--,--,--,--,--,--,--,--,--,--,--,--,--,--,--,--,--,--,--,--,--,--,--
2026/5/13 5:20,--,--,--,--,21.4,7.6,21.4,41,--,--,--,--,8.1,5.2,8.1,82,--,--,--,--,--,--,--,--,--,--,--,--,--,--,--,--,--,--,--,55,44,--,--,--,--,--,--,--,--,--,--,--,--,--,--,--,--,--,--,--,--,--,--,--,--,--,--,--,--,--,--,--,--,--,--
2026/5/13 5:35,--,--,--,--,21.4,7.6,21.4,41,--,--,--,--,8.0,5.3,8.0,83,--,--,--,--,--,--,--,--,--,--,--,--,--,--,--,--,--,--,--,55,44,--,--,--,--,--,--,--,--,--,--,--,--,--,--,--,--,--,--,--,--,--,--,--,--,--,--,--,--,--,--,--,--,--,--
2026/5/13 5:50,--,--,--,--,21.4,8.0,21.4,42,--,--,--,--,8.0,5.4,8.0,84,--,--,--,--,--,--,--,--,--,--,--,--,--,--,--,--,--,--,--,55,44,--,--,--,--,--,--,--,--,--,--,--,--,--,--,--,--,--,--,--,--,--,--,--,--,--,--,--,--,--,--,--,--,--,--
2026/5/13 6:05,--,--,--,--,21.4,8.0,21.4,42,--,--,--,--,8.0,5.4,8.0,84,--,--,--,--,--,--,--,--,--,--,--,--,--,--,--,--,--,--,--,55,44,--,--,--,--,--,--,--,--,--,--,--,--,--,--,--,--,--,--,--,--,--,--,--,--,--,--,--,--,--,--,--,--,--,--
2026/5/13 6:20,--,--,--,--,21.4,8.0,21.4,42,--,--,--,--,8.1,5.5,8.1,84,--,--,--,--,--,--,--,--,--,--,--,--,--,--,--,--,--,--,--,55,44,--,--,--,--,--,--,--,--,--,--,--,--,--,--,--,--,--,--,--,--,--,--,--,--,--,--,--,--,--,--,--,--,--,--
2026/5/13 6:35,--,--,--,--,21.4,8.0,21.4,42,--,--,--,--,8.2,5.8,8.2,85,--,--,--,--,--,--,--,--,--,--,--,--,--,--,--,--,--,--,--,55,44,--,--,--,--,--,--,--,--,--,--,--,--,--,--,--,--,--,--,--,--,--,--,--,--,--,--,--,--,--,--,--,--,--,--
2026/5/13 6:50,--,--,--,--,21.4,8.0,21.4,42,--,--,--,--,8.4,5.8,8.4,84,--,--,--,--,--,--,--,--,--,--,--,--,--,--,--,--,--,--,--,55,44,--,--,--,--,--,--,--,--,--,--,--,--,--,--,--,--,--,--,--,--,--,--,--,--,--,--,--,--,--,--,--,--,--,--
2026/5/13 7:05,--,--,--,--,21.4,8.0,21.4,42,--,--,--,--,8.7,6.1,8.7,84,--,--,--,--,--,--,--,--,--,--,--,--,--,--,--,--,--,--,--,55,44,--,--,--,--,--,--,--,--,--,--,--,--,--,--,--,--,--,--,--,--,--,--,--,--,--,--,--,--,--,--,--,--,--,--
2026/5/13 7:20,--,--,--,--,21.5,8.1,21.5,42,--,--,--,--,9.1,6.3,9.1,83,--,--,--,--,--,--,--,--,--,--,--,--,--,--,--,--,--,--,--,55,44,--,--,--,--,--,--,--,--,--,--,--,--,--,--,--,--,--,--,--,--,--,--,--,--,--,--,--,--,--,--,--,--,--,--
2026/5/13 7:35,--,--,--,--,21.5,8.1,21.5,42,--,--,--,--,9.9,7.0,9.9,82,--,--,--,--,--,--,--,--,--,--,--,--,--,--,--,--,--,--,--,55,44,--,--,--,--,--,--,--,--,--,--,--,--,--,--,--,--,--,--,--,--,--,--,--,--,--,--,--,--,--,--,--,--,--,--
2026/5/13 7:50,--,--,--,--,21.6,8.5,21.6,43,--,--,--,--,11.3,7.8,11.3,79,--,--,--,--,--,--,--,--,--,--,--,--,--,--,--,--,--,--,--,55,44,--,--,--,--,--,--,--,--,--,--,--,--,--,--,--,--,--,--,--,--,--,--,--,--,--,--,--,--,--,--,--,--,--,--
2026/5/13 8:05,--,--,--,--,21.7,8.6,21.7,43,--,--,--,--,12.6,8.7,12.6,77,--,--,--,--,--,--,--,--,--,--,--,--,--,--,--,--,--,--,--,55,44,--,--,--,--,--,--,--,--,--,--,--,--,--,--,--,--,--,--,--,--,--,--,--,--,--,--,--,--,--,--,--,--,--,--
2026/5/13 8:20,--,--,--,--,21.8,8.7,21.8,43,--,--,--,--,13.1,8.6,13.1,74,--,--,--,--,--,--,--,--,--,--,--,--,--,--,--,--,--,--,--,55,44,--,--,--,--,--,--,--,--,--,--,--,--,--,--,--,--,--,--,--,--,--,--,--,--,--,--,--,--,--,--,--,--,--,--
2026/5/13 8:35,--,--,--,--,21.8,8.7,21.8,43,--,--,--,--,12.6,7.7,12.6,72,--,--,--,--,--,--,--,--,--,--,--,--,--,--,--,--,--,--,--,55,44,--,--,--,--,--,--,--,--,--,--,--,--,--,--,--,--,--,--,--,--,--,--,--,--,--,--,--,--,--,--,--,--,--,--
2026/5/13 8:50,--,--,--,--,21.9,8.8,21.9,43,--,--,--,--,12.7,8.0,12.7,73,--,--,--,--,--,--,--,--,--,--,--,--,--,--,--,--,--,--,--,55,44,--,--,--,--,--,--,--,--,--,--,--,--,--,--,--,--,--,--,--,--,--,--,--,--,--,--,--,--,--,--,--,--,--,--
2026/5/13 9:05,--,--,--,--,21.9,8.8,21.9,43,--,--,--,--,12.9,8.0,12.9,72,--,--,--,--,--,--,--,--,--,--,--,--,--,--,--,--,--,--,--,55,44,--,--,--,--,--,--,--,--,--,--,--,--,--,--,--,--,--,--,--,--,--,--,--,--,--,--,--,--,--,--,--,--,--,--
2026/5/13 9:20,--,--,--,--,21.9,8.8,21.9,43,--,--,--,--,13.5,8.2,13.5,70,--,--,--,--,--,--,--,--,--,--,--,--,--,--,--,--,--,--,--,55,44,--,--,--,--,--,--,--,--,--,--,--,--,--,--,--,--,--,--,--,--,--,--,--,--,--,--,--,--,--,--,--,--,--,--
2026/5/13 9:35,--,--,--,--,22.0,8.9,22.0,43,--,--,--,--,14.2,8.6,14.2,69,--,--,--,--,--,--,--,--,--,--,--,--,--,--,--,--,--,--,--,55,44,--,--,--,--,--,--,--,--,--,--,--,--,--,--,--,--,--,--,--,--,--,--,--,--,--,--,--,--,--,--,--,--,--,--
2026/5/13 9:50,--,--,--,--,22.1,9.0,22.1,43,--,--,--,--,15.2,8.7,15.2,65,--,--,--,--,--,--,--,--,--,--,--,--,--,--,--,--,--,--,--,55,44,--,--,--,--,--,--,--,--,--,--,--,--,--,--,--,--,--,--,--,--,--,--,--,--,--,--,--,--,--,--,--,--,--,--
2026/5/13 10:05,--,--,--,--,22.1,9.0,22.1,43,--,--,--,--,15.1,8.1,15.1,63,--,--,--,--,--,--,--,--,--,--,--,--,--,--,--,--,--,--,--,55,44,--,--,--,--,--,--,--,--,--,--,--,--,--,--,--,--,--,--,--,--,--,--,--,--,--,--,--,--,--,--,--,--,--,--
2026/5/13 10:20,--,--,--,--,22.1,9.0,22.1,43,--,--,--,--,15.5,8.5,15.5,63,--,--,--,--,--,--,--,--,--,--,--,--,--,--,--,--,--,--,--,55,44,--,--,--,--,--,--,--,--,--,--,--,--,--,--,--,--,--,--,--,--,--,--,--,--,--,--,--,--,--,--,--,--,--,--
2026/5/13 10:35,--,--,--,--,22.1,9.0,22.1,43,--,--,--,--,15.5,7.5,15.5,59,--,--,--,--,--,--,--,--,--,--,--,--,--,--,--,--,--,--,--,55,44,--,--,--,--,--,--,--,--,--,--,--,--,--,--,--,--,--,--,--,--,--,--,--,--,--,--,--,--,--,--,--,--,--,--
2026/5/13 10:50,--,--,--,--,22.2,9.1,22.2,43,--,--,--,--,15.5,7.5,15.5,59,--,--,--,--,--,--,--,--,--,--,--,--,--,--,--,--,--,--,--,55,44,--,--,--,--,--,--,--,--,--,--,--,--,--,--,--,--,--,--,--,--,--,--,--,--,--,--,--,--,--,--,--,--,--,--
2026/5/13 11:05,--,--,--,--,22.2,9.1,22.2,43,--,--,--,--,15.8,7.6,15.8,58,--,--,--,--,--,--,--,--,--,--,--,--,--,--,--,--,--,--,--,55,44,--,--,--,--,--,--,--,--,--,--,--,--,--,--,--,--,--,--,--,--,--,--,--,--,--,--,--,--,--,--,--,--,--,--
2026/5/13 11:20,--,--,--,--,22.2,9.1,22.2,43,--,--,--,--,15.7,7.0,15.7,56,--,--,--,--,--,--,--,--,--,--,--,--,--,--,--,--,--,--,--,55,44,--,--,--,--,--,--,--,--,--,--,--,--,--,--,--,--,--,--,--,--,--,--,--,--,--,--,--,--,--,--,--,--,--,--
2026/5/13 11:35,--,--,--,--,22.2,9.4,22.2,44,--,--,--,--,16.2,7.7,16.2,57,--,--,--,--,--,--,--,--,--,--,--,--,--,--,--,--,--,--,--,55,44,--,--,--,--,--,--,--,--,--,--,--,--,--,--,--,--,--,--,--,--,--,--,--,--,--,--,--,--,--,--,--,--,--,--
2026/5/13 11:50,--,--,--,--,22.2,9.1,22.2,43,--,--,--,--,16.2,6.9,16.2,54,--,--,--,--,--,--,--,--,--,--,--,--,--,--,--,--,--,--,--,55,44,--,--,--,--,--,--,--,--,--,--,--,--,--,--,--,--,--,--,--,--,--,--,--,--,--,--,--,--,--,--,--,--,--,--
2026/5/13 12:05,--,--,--,--,22.2,9.1,22.2,43,--,--,--,--,17.4,6.0,17.4,47,--,--,--,--,--,--,--,--,--,--,--,--,--,--,--,--,--,--,--,55,44,--,--,--,--,--,--,--,--,--,--,--,--,--,--,--,--,--,--,--,--,--,--,--,--,--,--,--,--,--,--,--,--,--,--
2026/5/13 12:20,--,--,--,--,22.3,9.1,22.3,43,--,--,--,--,17.9,7.6,17.9,51,--,--,--,--,--,--,--,--,--,--,--,--,--,--,--,--,--,--,--,55,44,--,--,--,--,--,--,--,--,--,--,--,--,--,--,--,--,--,--,--,--,--,--,--,--,--,--,--,--,--,--,--,--,--,--
2026/5/13 12:35,--,--,--,--,22.3,9.1,22.3,43,--,--,--,--,19.6,8.9,19.6,50,--,--,--,--,--,--,--,--,--,--,--,--,--,--,--,--,--,--,--,55,44,--,--,--,--,--,--,--,--,--,--,--,--,--,--,--,--,--,--,--,--,--,--,--,--,--,--,--,--,--,--,--,--,--,--
2026/5/13 12:50,--,--,--,--,22.4,9.2,22.4,43,--,--,--,--,19.7,8.1,19.7,47,--,--,--,--,--,--,--,--,--,--,--,--,--,--,--,--,--,--,--,55,44,--,--,--,--,--,--,--,--,--,--,--,--,--,--,--,--,--,--,--,--,--,--,--,--,--,--,--,--,--,--,--,--,--,--
2026/5/13 13:05,--,--,--,--,22.4,9.2,22.4,43,--,--,--,--,21.8,9.4,21.8,45,--,--,--,--,--,--,--,--,--,--,--,--,--,--,--,--,--,--,--,55,44,--,--,--,--,--,--,--,--,--,--,--,--,--,--,--,--,--,--,--,--,--,--,--,--,--,--,--,--,--,--,--,--,--,--
2026/5/13 13:20,--,--,--,--,22.4,9.2,22.4,43,--,--,--,--,21.2,9.1,21.2,46,--,--,--,--,--,--,--,--,--,--,--,--,--,--,--,--,--,--,--,55,44,--,--,--,--,--,--,--,--,--,--,--,--,--,--,--,--,--,--,--,--,--,--,--,--,--,--,--,--,--,--,--,--,--,--
2026/5/13 13:35,--,--,--,--,22.4,9.6,22.4,44,--,--,--,--,21.0,9.0,21.0,46,--,--,--,--,--,--,--,--,--,--,--,--,--,--,--,--,--,--,--,55,44,--,--,--,--,--,--,--,--,--,--,--,--,--,--,--,--,--,--,--,--,--,--,--,--,--,--,--,--,--,--,--,--,--,--
2026/5/13 13:50,--,--,--,--,22.4,9.6,22.4,44,--,--,--,--,17.5,6.4,17.5,48,--,--,--,--,--,--,--,--,--,--,--,--,--,--,--,--,--,--,--,55,44,--,--,--,--,--,--,--,--,--,--,--,--,--,--,--,--,--,--,--,--,--,--,--,--,--,--,--,--,--,--,--,--,--,--
2026/5/13 14:05,--,--,--,--,22.4,9.6,22.4,44,--,--,--,--,16.6,6.7,16.6,52,--,--,--,--,--,--,--,--,--,--,--,--,--,--,--,--,--,--,--,55,44,--,--,--,--,--,--,--,--,--,--,--,--,--,--,--,--,--,--,--,--,--,--,--,--,--,--,--,--,--,--,--,--,--,--
2026/5/13 14:20,--,--,--,--,22.4,9.6,22.4,44,--,--,--,--,14.8,5.9,14.8,55,--,--,--,--,--,--,--,--,--,--,--,--,--,--,--,--,--,--,--,55,44,--,--,--,--,--,--,--,--,--,--,--,--,--,--,--,--,--,--,--,--,--,--,--,--,--,--,--,--,--,--,--,--,--,--
2026/5/13 14:35,--,--,--,--,22.4,9.6,22.4,44,--,--,--,--,13.8,6.2,13.8,60,--,--,--,--,--,--,--,--,--,--,--,--,--,--,--,--,--,--,--,55,44,--,--,--,--,--,--,--,--,--,--,--,--,--,--,--,--,--,--,--,--,--,--,--,--,--,--,--,--,--,--,--,--,--,--
2026/5/13 14:50,--,--,--,--,22.4,9.6,22.4,44,--,--,--,--,13.6,6.2,13.6,61,--,--,--,--,--,--,--,--,--,--,--,--,--,--,--,--,--,--,--,55,44,--,--,--,--,--,--,--,--,--,--,--,--,--,--,--,--,--,--,--,--,--,--,--,--,--,--,--,--,--,--,--,--,--,--
2026/5/13 15:05,--,--,--,--,22.4,9.6,22.4,44,--,--,--,--,12.9,6.0,12.9,63,--,--,--,--,--,--,--,--,--,--,--,--,--,--,--,--,--,--,--,55,44,--,--,--,--,--,--,--,--,--,--,--,--,--,--,--,--,--,--,--,--,--,--,--,--,--,--,--,--,--,--,--,--,--,--
2026/5/13 15:20,--,--,--,--,22.3,9.1,22.3,43,--,--,--,--,12.0,6.3,12.0,68,--,--,--,--,--,--,--,--,--,--,--,--,--,--,--,--,--,--,--,55,44,--,--,--,--,--,--,--,--,--,--,--,--,--,--,--,--,--,--,--,--,--,--,--,--,--,--,--,--,--,--,--,--,--,--
2026/5/13 15:35,--,--,--,--,22.3,9.1,22.3,43,--,--,--,--,14.2,8.1,14.2,67,--,--,--,--,--,--,--,--,--,--,--,--,--,--,--,--,--,--,--,55,44,--,--,--,--,--,--,--,--,--,--,--,--,--,--,--,--,--,--,--,--,--,--,--,--,--,--,--,--,--,--,--,--,--,--
2026/5/13 15:50,--,--,--,--,22.3,9.1,22.3,43,--,--,--,--,14.5,8.2,14.5,66,--,--,--,--,--,--,--,--,--,--,--,--,--,--,--,--,--,--,--,55,44,--,--,--,--,--,--,--,--,--,--,--,--,--,--,--,--,--,--,--,--,--,--,--,--,--,--,--,--,--,--,--,--,--,--
2026/5/13 16:05,--,--,--,--,22.3,9.5,22.3,44,--,--,--,--,13.0,6.6,13.0,65,--,--,--,--,--,--,--,--,--,--,--,--,--,--,--,--,--,--,--,55,44,--,--,--,--,--,--,--,--,--,--,--,--,--,--,--,--,--,--,--,--,--,--,--,--,--,--,--,--,--,--,--,--,--,--
2026/5/13 16:20,--,--,--,--,22.3,9.1,22.3,43,--,--,--,--,14.1,8.5,14.1,69,--,--,--,--,--,--,--,--,--,--,--,--,--,--,--,--,--,--,--,55,44,--,--,--,--,--,--,--,--,--,--,--,--,--,--,--,--,--,--,--,--,--,--,--,--,--,--,--,--,--,--,--,--,--,--
2026/5/13 16:35,--,--,--,--,22.3,9.1,22.3,43,--,--,--,--,18.3,9.7,18.3,57,--,--,--,--,--,--,--,--,--,--,--,--,--,--,--,--,--,--,--,55,44,--,--,--,--,--,--,--,--,--,--,--,--,--,--,--,--,--,--,--,--,--,--,--,--,--,--,--,--,--,--,--,--,--,--
2026/5/13 16:50,--,--,--,--,22.4,9.6,22.4,44,--,--,--,--,15.8,7.6,15.8,58,--,--,--,--,--,--,--,--,--,--,--,--,--,--,--,--,--,--,--,55,44,--,--,--,--,--,--,--,--,--,--,--,--,--,--,--,--,--,--,--,--,--,--,--,--,--,--,--,--,--,--,--,--,--,--
2026/5/13 17:05,--,--,--,--,22.4,9.6,22.4,44,--,--,--,--,12.7,6.1,12.7,64,--,--,--,--,--,--,--,--,--,--,--,--,--,--,--,--,--,--,--,55,44,--,--,--,--,--,--,--,--,--,--,--,--,--,--,--,--,--,--,--,--,--,--,--,--,--,--,--,--,--,--,--,--,--,--
2026/5/13 17:20,--,--,--,--,22.4,9.6,22.4,44,--,--,--,--,15.1,8.3,15.1,64,--,--,--,--,--,--,--,--,--,--,--,--,--,--,--,--,--,--,--,55,44,--,--,--,--,--,--,--,--,--,--,--,--,--,--,--,--,--,--,--,--,--,--,--,--,--,--,--,--,--,--,--,--,--,--
2026/5/13 17:35,--,--,--,--,22.4,9.6,22.4,44,--,--,--,--,13.5,7.3,13.5,66,--,--,--,--,--,--,--,--,--,--,--,--,--,--,--,--,--,--,--,55,44,--,--,--,--,--,--,--,--,--,--,--,--,--,--,--,--,--,--,--,--,--,--,--,--,--,--,--,--,--,--,--,--,--,--
2026/5/13 17:50,--,--,--,--,22.4,9.6,22.4,44,--,--,--,--,11.8,6.5,11.8,70,--,--,--,--,--,--,--,--,--,--,--,--,--,--,--,--,--,--,--,55,44,--,--,--,--,--,--,--,--,--,--,--,--,--,--,--,--,--,--,--,--,--,--,--,--,--,--,--,--,--,--,--,--,--,--
2026/5/13 18:05,--,--,--,--,22.4,9.6,22.4,44,--,--,--,--,10.4,6.0,10.4,74,--,--,--,--,--,--,--,--,--,--,--,--,--,--,--,--,--,--,--,55,44,--,--,--,--,--,--,--,--,--,--,--,--,--,--,--,--,--,--,--,--,--,--,--,--,--,--,--,--,--,--,--,--,--,--
2026/5/13 18:20,--,--,--,--,22.3,9.5,22.3,44,--,--,--,--,10.8,6.9,10.8,77,--,--,--,--,--,--,--,--,--,--,--,--,--,--,--,--,--,--,--,55,44,--,--,--,--,--,--,--,--,--,--,--,--,--,--,--,--,--,--,--,--,--,--,--,--,--,--,--,--,--,--,--,--,--,--
2026/5/13 18:35,--,--,--,--,22.3,9.5,22.3,44,--,--,--,--,11.4,7.3,11.4,76,--,--,--,--,--,--,--,--,--,--,--,--,--,--,--,--,--,--,--,55,44,--,--,--,--,--,--,--,--,--,--,--,--,--,--,--,--,--,--,--,--,--,--,--,--,--,--,--,--,--,--,--,--,--,--
2026/5/13 18:50,--,--,--,--,22.3,9.5,22.3,44,--,--,--,--,12.3,8.0,12.3,75,--,--,--,--,--,--,--,--,--,--,--,--,--,--,--,--,--,--,--,55,44,--,--,--,--,--,--,--,--,--,--,--,--,--,--,--,--,--,--,--,--,--,--,--,--,--,--,--,--,--,--,--,--,--,--
2026/5/13 19:05,--,--,--,--,22.4,9.6,22.4,44,--,--,--,--,12.2,7.7,12.2,74,--,--,--,--,--,--,--,--,--,--,--,--,--,--,--,--,--,--,--,55,44,--,--,--,--,--,--,--,--,--,--,--,--,--,--,--,--,--,--,--,--,--,--,--,--,--,--,--,--,--,--,--,--,--,--
2026/5/13 19:20,--,--,--,--,22.4,9.6,22.4,44,--,--,--,--,11.3,7.0,11.3,75,--,--,--,--,--,--,--,--,--,--,--,--,--,--,--,--,--,--,--,55,44,--,--,--,--,--,--,--,--,--,--,--,--,--,--,--,--,--,--,--,--,--,--,--,--,--,--,--,--,--,--,--,--,--,--
2026/5/13 19:35,--,--,--,--,22.4,9.6,22.4,44,--,--,--,--,10.4,6.5,10.4,77,--,--,--,--,--,--,--,--,--,--,--,--,--,--,--,--,--,--,--,55,44,--,--,--,--,--,--,--,--,--,--,--,--,--,--,--,--,--,--,--,--,--,--,--,--,--,--,--,--,--,--,--,--,--,--
2026/5/13 19:50,--,--,--,--,22.4,9.6,22.4,44,--,--,--,--,9.7,6.2,9.7,79,--,--,--,--,--,--,--,--,--,--,--,--,--,--,--,--,--,--,--,55,44,--,--,--,--,--,--,--,--,--,--,--,--,--,--,--,--,--,--,--,--,--,--,--,--,--,--,--,--,--,--,--,--,--,--
2026/5/13 20:05,--,--,--,--,22.3,9.5,22.3,44,--,--,--,--,9.6,6.5,9.6,81,--,--,--,--,--,--,--,--,--,--,--,--,--,--,--,--,--,--,--,55,44,--,--,--,--,--,--,--,--,--,--,--,--,--,--,--,--,--,--,--,--,--,--,--,--,--,--,--,--,--,--,--,--,--,--
2026/5/13 20:20,--,--,--,--,22.3,9.5,22.3,44,--,--,--,--,9.4,6.3,9.4,81,--,--,--,--,--,--,--,--,--,--,--,--,--,--,--,--,--,--,--,55,44,--,--,--,--,--,--,--,--,--,--,--,--,--,--,--,--,--,--,--,--,--,--,--,--,--,--,--,--,--,--,--,--,--,--
2026/5/13 20:35,--,--,--,--,22.3,9.5,22.3,44,--,--,--,--,8.7,5.8,8.7,82,--,--,--,--,--,--,--,--,--,--,--,--,--,--,--,--,--,--,--,55,44,--,--,--,--,--,--,--,--,--,--,--,--,--,--,--,--,--,--,--,--,--,--,--,--,--,--,--,--,--,--,--,--,--,--
2026/5/13 20:50,--,--,--,--,22.3,9.5,22.3,44,--,--,--,--,8.0,5.6,8.0,85,--,--,--,--,--,--,--,--,--,--,--,--,--,--,--,--,--,--,--,55,44,--,--,--,--,--,--,--,--,--,--,--,--,--,--,--,--,--,--,--,--,--,--,--,--,--,--,--,--,--,--,--,--,--,--
2026/5/13 21:05,--,--,--,--,22.3,9.5,22.3,44,--,--,--,--,7.7,5.5,7.7,86,--,--,--,--,--,--,--,--,--,--,--,--,--,--,--,--,--,--,--,55,44,--,--,--,--,--,--,--,--,--,--,--,--,--,--,--,--,--,--,--,--,--,--,--,--,--,--,--,--,--,--,--,--,--,--
2026/5/13 21:20,--,--,--,--,22.3,9.5,22.3,44,--,--,--,--,7.4,5.2,7.4,86,--,--,--,--,--,--,--,--,--,--,--,--,--,--,--,--,--,--,--,55,44,--,--,--,--,--,--,--,--,--,--,--,--,--,--,--,--,--,--,--,--,--,--,--,--,--,--,--,--,--,--,--,--,--,--
2026/5/13 21:35,--,--,--,--,22.2,9.4,22.2,44,--,--,--,--,7.3,5.3,7.3,87,--,--,--,--,--,--,--,--,--,--,--,--,--,--,--,--,--,--,--,55,44,--,--,--,--,--,--,--,--,--,--,--,--,--,--,--,--,--,--,--,--,--,--,--,--,--,--,--,--,--,--,--,--,--,--
2026/5/13 21:50,--,--,--,--,22.2,9.4,22.2,44,--,--,--,--,7.1,5.2,7.1,88,--,--,--,--,--,--,--,--,--,--,--,--,--,--,--,--,--,--,--,55,44,--,--,--,--,--,--,--,--,--,--,--,--,--,--,--,--,--,--,--,--,--,--,--,--,--,--,--,--,--,--,--,--,--,--
2026/5/13 22:05,--,--,--,--,22.1,9.3,22.1,44,--,--,--,--,7.1,5.2,7.1,88,--,--,--,--,--,--,--,--,--,--,--,--,--,--,--,--,--,--,--,55,44,--,--,--,--,--,--,--,--,--,--,--,--,--,--,--,--,--,--,--,--,--,--,--,--,--,--,--,--,--,--,--,--,--,--
2026/5/13 22:20,--,--,--,--,22.0,9.2,22.0,44,--,--,--,--,7.0,5.1,7.0,88,--,--,--,--,--,--,--,--,--,--,--,--,--,--,--,--,--,--,--,55,44,--,--,--,--,--,--,--,--,--,--,--,--,--,--,--,--,--,--,--,--,--,--,--,--,--,--,--,--,--,--,--,--,--,--
2026/5/13 22:35,--,--,--,--,22.0,9.2,22.0,44,--,--,--,--,6.9,5.0,6.9,88,--,--,--,--,--,--,--,--,--,--,--,--,--,--,--,--,--,--,--,55,44,--,--,--,--,--,--,--,--,--,--,--,--,--,--,--,--,--,--,--,--,--,--,--,--,--,--,--,--,--,--,--,--,--,--
2026/5/13 22:50,--,--,--,--,21.9,9.1,21.9,44,--,--,--,--,6.9,5.0,6.9,88,--,--,--,--,--,--,--,--,--,--,--,--,--,--,--,--,--,--,--,55,44,--,--,--,--,--,--,--,--,--,--,--,--,--,--,--,--,--,--,--,--,--,--,--,--,--,--,--,--,--,--,--,--,--,--
2026/5/13 23:05,--,--,--,--,21.9,9.1,21.9,44,--,--,--,--,6.8,4.8,6.8,87,--,--,--,--,--,--,--,--,--,--,--,--,--,--,--,--,--,--,--,55,44,--,--,--,--,--,--,--,--,--,--,--,--,--,--,--,--,--,--,--,--,--,--,--,--,--,--,--,--,--,--,--,--,--,--
2026/5/13 23:20,--,--,--,--,21.9,9.1,21.9,44,--,--,--,--,6.7,4.7,6.7,87,--,--,--,--,--,--,--,--,--,--,--,--,--,--,--,--,--,--,--,55,44,--,--,--,--,--,--,--,--,--,--,--,--,--,--,--,--,--,--,--,--,--,--,--,--,--,--,--,--,--,--,--,--,--,--
2026/5/13 23:35,--,--,--,--,21.8,9.0,21.8,44,--,--,--,--,6.7,4.7,6.7,87,--,--,--,--,--,--,--,--,--,--,--,--,--,--,--,--,--,--,--,55,44,--,--,--,--,--,--,--,--,--,--,--,--,--,--,--,--,--,--,--,--,--,--,--,--,--,--,--,--,--,--,--,--,--,--
2026/5/13 23:50,--,--,--,--,21.8,8.7,21.8,43,--,--,--,--,6.6,4.6,6.6,87,--,--,--,--,--,--,--,--,--,--,--,--,--,--,--,--,--,--,--,55,44,--,--,--,--,--,--,--,--,--,--,--,--,--,--,--,--,--,--,--,--,--,--,--,--,--,--,--,--,--,--,--,--,--,--
2026/5/13 23:59,--,--,--,--,21.8,8.7,21.8,43,--,--,--,--,6.6,4.7,6.6,88,--,--,--,--,--,--,--,--,--,--,--,--,--,--,--,--,--,--,--,55,44,--,--,--,--,--,--,--,--,--,--,--,--,--,--,--,--,--,--,--,--,--,--,--,--,--,--,--,--,--,--,--,--,--,--
2026/5/14 0:00,--,--,--,--,21.8,8.7,21.8,43,--,--,--,--,6.6,4.7,6.6,88,--,--,--,--,--,--,--,--,--,--,--,--,--,--,--,--,--,--,--,55,44,--,--,--,--,--,--,--,--,--,--,--,--,--,--,--,--,--,--,--,--,--,--,--,--,--,--,--,--,--,--,--,--,--,--
2026/5/14 0:05,--,--,--,--,21.7,8.6,21.7,43,--,--,--,--,6.6,4.7,6.6,88,--,--,--,--,--,--,--,--,--,--,--,--,--,--,--,--,--,--,--,55,44,--,--,--,--,--,--,--,--,--,--,--,--,--,--,--,--,--,--,--,--,--,--,--,--,--,--,--,--,--,--,--,--,--,--
2026/5/14 0:20,--,--,--,--,21.7,8.6,21.7,43,--,--,--,--,6.7,4.7,6.7,87,--,--,--,--,--,--,--,--,--,--,--,--,--,--,--,--,--,--,--,55,44,--,--,--,--,--,--,--,--,--,--,--,--,--,--,--,--,--,--,--,--,--,--,--,--,--,--,--,--,--,--,--,--,--,--
2026/5/14 0:35,--,--,--,--,21.7,8.6,21.7,43,--,--,--,--,6.5,4.5,6.5,87,--,--,--,--,--,--,--,--,--,--,--,--,--,--,--,--,--,--,--,55,44,--,--,--,--,--,--,--,--,--,--,--,--,--,--,--,--,--,--,--,--,--,--,--,--,--,--,--,--,--,--,--,--,--,--
2026/5/14 0:50,--,--,--,--,21.6,8.5,21.6,43,--,--,--,--,6.1,4.2,6.1,88,--,--,--,--,--,--,--,--,--,--,--,--,--,--,--,--,--,--,--,55,44,--,--,--,--,--,--,--,--,--,--,--,--,--,--,--,--,--,--,--,--,--,--,--,--,--,--,--,--,--,--,--,--,--,--
2026/5/14 1:05,--,--,--,--,21.6,8.5,21.6,43,--,--,--,--,6.0,4.1,6.0,88,--,--,--,--,--,--,--,--,--,--,--,--,--,--,--,--,--,--,--,55,44,--,--,--,--,--,--,--,--,--,--,--,--,--,--,--,--,--,--,--,--,--,--,--,--,--,--,--,--,--,--,--,--,--,--
2026/5/14 1:20,--,--,--,--,21.6,8.5,21.6,43,--,--,--,--,6.1,4.4,6.1,89,--,--,--,--,--,--,--,--,--,--,--,--,--,--,--,--,--,--,--,55,44,--,--,--,--,--,--,--,--,--,--,--,--,--,--,--,--,--,--,--,--,--,--,--,--,--,--,--,--,--,--,--,--,--,--
2026/5/14 1:35,--,--,--,--,21.6,8.5,21.6,43,--,--,--,--,6.0,4.3,6.0,89,--,--,--,--,--,--,--,--,--,--,--,--,--,--,--,--,--,--,--,55,44,--,--,--,--,--,--,--,--,--,--,--,--,--,--,--,--,--,--,--,--,--,--,--,--,--,--,--,--,--,--,--,--,--,--
2026/5/14 1:50,--,--,--,--,21.6,8.5,21.6,43,--,--,--,--,6.1,4.6,6.1,90,--,--,--,--,--,--,--,--,--,--,--,--,--,--,--,--,--,--,--,55,44,--,--,--,--,--,--,--,--,--,--,--,--,--,--,--,--,--,--,--,--,--,--,--,--,--,--,--,--,--,--,--,--,--,--
2026/5/14 2:05,--,--,--,--,21.5,8.4,21.5,43,--,--,--,--,6.2,4.7,6.2,90,--,--,--,--,--,--,--,--,--,--,--,--,--,--,--,--,--,--,--,55,44,--,--,--,--,--,--,--,--,--,--,--,--,--,--,--,--,--,--,--,--,--,--,--,--,--,--,--,--,--,--,--,--,--,--
2026/5/14 2:20,--,--,--,--,21.5,8.4,21.5,43,--,--,--,--,6.1,4.4,6.1,89,--,--,--,--,--,--,--,--,--,--,--,--,--,--,--,--,--,--,--,55,44,--,--,--,--,--,--,--,--,--,--,--,--,--,--,--,--,--,--,--,--,--,--,--,--,--,--,--,--,--,--,--,--,--,--
2026/5/14 2:35,--,--,--,--,21.5,8.4,21.5,43,--,--,--,--,5.9,4.4,5.9,90,--,--,--,--,--,--,--,--,--,--,--,--,--,--,--,--,--,--,--,55,44,--,--,--,--,--,--,--,--,--,--,--,--,--,--,--,--,--,--,--,--,--,--,--,--,--,--,--,--,--,--,--,--,--,--
2026/5/14 2:50,--,--,--,--,21.5,8.4,21.5,43,--,--,--,--,6.1,4.8,6.1,91,--,--,--,--,--,--,--,--,--,--,--,--,--,--,--,--,--,--,--,55,44,--,--,--,--,--,--,--,--,--,--,--,--,--,--,--,--,--,--,--,--,--,--,--,--,--,--,--,--,--,--,--,--,--,--
2026/5/14 3:05,--,--,--,--,21.4,8.3,21.4,43,--,--,--,--,6.3,4.8,6.3,90,--,--,--,--,--,--,--,--,--,--,--,--,--,--,--,--,--,--,--,55,44,--,--,--,--,--,--,--,--,--,--,--,--,--,--,--,--,--,--,--,--,--,--,--,--,--,--,--,--,--,--,--,--,--,--
2026/5/14 3:20,--,--,--,--,21.4,8.3,21.4,43,--,--,--,--,6.3,4.8,6.3,90,--,--,--,--,--,--,--,--,--,--,--,--,--,--,--,--,--,--,--,55,44,--,--,--,--,--,--,--,--,--,--,--,--,--,--,--,--,--,--,--,--,--,--,--,--,--,--,--,--,--,--,--,--,--,--
2026/5/14 3:35,--,--,--,--,21.4,8.3,21.4,43,--,--,--,--,6.4,4.9,6.4,90,--,--,--,--,--,--,--,--,--,--,--,--,--,--,--,--,--,--,--,55,44,--,--,--,--,--,--,--,--,--,--,--,--,--,--,--,--,--,--,--,--,--,--,--,--,--,--,--,--,--,--,--,--,--,--
2026/5/14 3:50,--,--,--,--,21.4,8.3,21.4,43,--,--,--,--,6.5,5.0,6.5,90,--,--,--,--,--,--,--,--,--,--,--,--,--,--,--,--,--,--,--,55,44,--,--,--,--,--,--,--,--,--,--,--,--,--,--,--,--,--,--,--,--,--,--,--,--,--,--,--,--,--,--,--,--,--,--
2026/5/14 4:05,--,--,--,--,21.3,8.2,21.3,43,--,--,--,--,6.3,4.8,6.3,90,--,--,--,--,--,--,--,--,--,--,--,--,--,--,--,--,--,--,--,55,44,--,--,--,--,--,--,--,--,--,--,--,--,--,--,--,--,--,--,--,--,--,--,--,--,--,--,--,--,--,--,--,--,--,--
2026/5/14 4:20,--,--,--,--,21.3,8.2,21.3,43,--,--,--,--,6.4,4.9,6.4,90,--,--,--,--,--,--,--,--,--,--,--,--,--,--,--,--,--,--,--,55,44,--,--,--,--,--,--,--,--,--,--,--,--,--,--,--,--,--,--,--,--,--,--,--,--,--,--,--,--,--,--,--,--,--,--
2026/5/14 4:35,--,--,--,--,21.3,8.2,21.3,43,--,--,--,--,6.5,5.0,6.5,90,--,--,--,--,--,--,--,--,--,--,--,--,--,--,--,--,--,--,--,55,44,--,--,--,--,--,--,--,--,--,--,--,--,--,--,--,--,--,--,--,--,--,--,--,--,--,--,--,--,--,--,--,--,--,--
2026/5/14 4:50,--,--,--,--,21.3,8.2,21.3,43,--,--,--,--,6.6,5.1,6.6,90,--,--,--,--,--,--,--,--,--,--,--,--,--,--,--,--,--,--,--,55,44,--,--,--,--,--,--,--,--,--,--,--,--,--,--,--,--,--,--,--,--,--,--,--,--,--,--,--,--,--,--,--,--,--,--
2026/5/14 5:05,--,--,--,--,21.3,8.2,21.3,43,--,--,--,--,6.7,5.0,6.7,89,--,--,--,--,--,--,--,--,--,--,--,--,--,--,--,--,--,--,--,55,44,--,--,--,--,--,--,--,--,--,--,--,--,--,--,--,--,--,--,--,--,--,--,--,--,--,--,--,--,--,--,--,--,--,--
2026/5/14 5:20,--,--,--,--,21.3,8.2,21.3,43,--,--,--,--,6.8,4.9,6.8,88,--,--,--,--,--,--,--,--,--,--,--,--,--,--,--,--,--,--,--,55,44,--,--,--,--,--,--,--,--,--,--,--,--,--,--,--,--,--,--,--,--,--,--,--,--,--,--,--,--,--,--,--,--,--,--
2026/5/14 5:35,--,--,--,--,21.3,8.2,21.3,43,--,--,--,--,6.8,4.9,6.8,88,--,--,--,--,--,--,--,--,--,--,--,--,--,--,--,--,--,--,--,55,44,--,--,--,--,--,--,--,--,--,--,--,--,--,--,--,--,--,--,--,--,--,--,--,--,--,--,--,--,--,--,--,--,--,--
2026/5/14 5:50,--,--,--,--,21.2,8.2,21.2,43,--,--,--,--,6.7,4.8,6.7,88,--,--,--,--,--,--,--,--,--,--,--,--,--,--,--,--,--,--,--,55,44,--,--,--,--,--,--,--,--,--,--,--,--,--,--,--,--,--,--,--,--,--,--,--,--,--,--,--,--,--,--,--,--,--,--
2026/5/14 6:05,--,--,--,--,21.2,8.2,21.2,43,--,--,--,--,6.8,4.9,6.8,88,--,--,--,--,--,--,--,--,--,--,--,--,--,--,--,--,--,--,--,55,44,--,--,--,--,--,--,--,--,--,--,--,--,--,--,--,--,--,--,--,--,--,--,--,--,--,--,--,--,--,--,--,--,--,--
2026/5/14 6:20,--,--,--,--,21.3,8.2,21.3,43,--,--,--,--,6.9,5.0,6.9,88,--,--,--,--,--,--,--,--,--,--,--,--,--,--,--,--,--,--,--,55,44,--,--,--,--,--,--,--,--,--,--,--,--,--,--,--,--,--,--,--,--,--,--,--,--,--,--,--,--,--,--,--,--,--,--
2026/5/14 6:35,--,--,--,--,21.3,8.2,21.3,43,--,--,--,--,7.0,5.0,7.0,87,--,--,--,--,--,--,--,--,--,--,--,--,--,--,--,--,--,--,--,55,44,--,--,--,--,--,--,--,--,--,--,--,--,--,--,--,--,--,--,--,--,--,--,--,--,--,--,--,--,--,--,--,--,--,--
2026/5/14 6:50,--,--,--,--,21.3,8.2,21.3,43,--,--,--,--,7.2,5.2,7.2,87,--,--,--,--,--,--,--,--,--,--,--,--,--,--,--,--,--,--,--,55,44,--,--,--,--,--,--,--,--,--,--,--,--,--,--,--,--,--,--,--,--,--,--,--,--,--,--,--,--,--,--,--,--,--,--
2026/5/14 7:05,--,--,--,--,21.3,8.2,21.3,43,--,--,--,--,7.3,5.3,7.3,87,--,--,--,--,--,--,--,--,--,--,--,--,--,--,--,--,--,--,--,55,44,--,--,--,--,--,--,--,--,--,--,--,--,--,--,--,--,--,--,--,--,--,--,--,--,--,--,--,--,--,--,--,--,--,--
2026/5/14 7:20,--,--,--,--,21.4,8.7,21.4,44,--,--,--,--,7.1,5.1,7.1,87,--,--,--,--,--,--,--,--,--,--,--,--,--,--,--,--,--,--,--,55,44,--,--,--,--,--,--,--,--,--,--,--,--,--,--,--,--,--,--,--,--,--,--,--,--,--,--,--,--,--,--,--,--,--,--
2026/5/14 7:35,--,--,--,--,21.5,8.8,21.5,44,--,--,--,--,7.4,5.4,7.4,87,--,--,--,--,--,--,--,--,--,--,--,--,--,--,--,--,--,--,--,55,44,--,--,--,--,--,--,--,--,--,--,--,--,--,--,--,--,--,--,--,--,--,--,--,--,--,--,--,--,--,--,--,--,--,--
2026/5/14 7:50,--,--,--,--,21.5,8.8,21.5,44,--,--,--,--,8.2,6.2,8.2,87,--,--,--,--,--,--,--,--,--,--,--,--,--,--,--,--,--,--,--,55,44,--,--,--,--,--,--,--,--,--,--,--,--,--,--,--,--,--,--,--,--,--,--,--,--,--,--,--,--,--,--,--,--,--,--
2026/5/14 8:05,--,--,--,--,21.6,9.2,21.6,45,--,--,--,--,8.9,6.7,8.9,86,--,--,--,--,--,--,--,--,--,--,--,--,--,--,--,--,--,--,--,55,44,--,--,--,--,--,--,--,--,--,--,--,--,--,--,--,--,--,--,--,--,--,--,--,--,--,--,--,--,--,--,--,--,--,--
2026/5/14 8:20,--,--,--,--,21.6,9.2,21.6,45,--,--,--,--,9.2,6.6,9.2,84,--,--,--,--,--,--,--,--,--,--,--,--,--,--,--,--,--,--,--,55,44,--,--,--,--,--,--,--,--,--,--,--,--,--,--,--,--,--,--,--,--,--,--,--,--,--,--,--,--,--,--,--,--,--,--
2026/5/14 8:35,--,--,--,--,21.7,9.3,21.7,45,--,--,--,--,9.6,6.5,9.6,81,--,--,--,--,--,--,--,--,--,--,--,--,--,--,--,--,--,--,--,55,44,--,--,--,--,--,--,--,--,--,--,--,--,--,--,--,--,--,--,--,--,--,--,--,--,--,--,--,--,--,--,--,--,--,--
2026/5/14 8:50,--,--,--,--,21.7,9.3,21.7,45,--,--,--,--,10.3,7.2,10.3,81,--,--,--,--,--,--,--,--,--,--,--,--,--,--,--,--,--,--,--,55,44,--,--,--,--,--,--,--,--,--,--,--,--,--,--,--,--,--,--,--,--,--,--,--,--,--,--,--,--,--,--,--,--,--,--
2026/5/14 9:05,--,--,--,--,21.7,8.9,21.7,44,--,--,--,--,10.6,6.9,10.6,78,--,--,--,--,--,--,--,--,--,--,--,--,--,--,--,--,--,--,--,55,44,--,--,--,--,--,--,--,--,--,--,--,--,--,--,--,--,--,--,--,--,--,--,--,--,--,--,--,--,--,--,--,--,--,--
2026/5/14 9:20,--,--,--,--,21.8,9.0,21.8,44,--,--,--,--,12.5,8.4,12.5,76,--,--,--,--,--,--,--,--,--,--,--,--,--,--,--,--,--,--,--,55,44,--,--,--,--,--,--,--,--,--,--,--,--,--,--,--,--,--,--,--,--,--,--,--,--,--,--,--,--,--,--,--,--,--,--
2026/5/14 9:35,--,--,--,--,22.0,9.2,22.0,44,--,--,--,--,15.5,9.0,15.5,65,--,--,--,--,--,--,--,--,--,--,--,--,--,--,--,--,--,--,--,55,44,--,--,--,--,--,--,--,--,--,--,--,--,--,--,--,--,--,--,--,--,--,--,--,--,--,--,--,--,--,--,--,--,--,--
2026/5/14 9:50,--,--,--,--,22.0,9.2,22.0,44,--,--,--,--,14.8,8.3,14.8,65,--,--,--,--,--,--,--,--,--,--,--,--,--,--,--,--,--,--,--,55,44,--,--,--,--,--,--,--,--,--,--,--,--,--,--,--,--,--,--,--,--,--,--,--,--,--,--,--,--,--,--,--,--,--,--
2026/5/14 10:05,--,--,--,--,22.1,9.3,22.1,44,--,--,--,--,16.6,9.8,16.6,64,--,--,--,--,--,--,--,--,--,--,--,--,--,--,--,--,--,--,--,55,44,--,--,--,--,--,--,--,--,--,--,--,--,--,--,--,--,--,--,--,--,--,--,--,--,--,--,--,--,--,--,--,--,--,--
2026/5/14 10:20,--,--,--,--,22.2,9.4,22.2,44,--,--,--,--,14.9,7.7,14.9,62,--,--,--,--,--,--,--,--,--,--,--,--,--,--,--,--,--,--,--,55,44,--,--,--,--,--,--,--,--,--,--,--,--,--,--,--,--,--,--,--,--,--,--,--,--,--,--,--,--,--,--,--,--,--,--
2026/5/14 10:35,--,--,--,--,22.2,9.4,22.2,44,--,--,--,--,18.5,10.4,18.5,59,--,--,--,--,--,--,--,--,--,--,--,--,--,--,--,--,--,--,--,55,44,--,--,--,--,--,--,--,--,--,--,--,--,--,--,--,--,--,--,--,--,--,--,--,--,--,--,--,--,--,--,--,--,--,--
2026/5/14 10:50,--,--,--,--,22.3,9.5,22.3,44,--,--,--,--,21.2,10.4,21.2,50,--,--,--,--,--,--,--,--,--,--,--,--,--,--,--,--,--,--,--,55,44,--,--,--,--,--,--,--,--,--,--,--,--,--,--,--,--,--,--,--,--,--,--,--,--,--,--,--,--,--,--,--,--,--,--
2026/5/14 11:05,--,--,--,--,22.4,9.6,22.4,44,--,--,--,--,22.9,11.6,22.9,49,--,--,--,--,--,--,--,--,--,--,--,--,--,--,--,--,--,--,--,55,44,--,--,--,--,--,--,--,--,--,--,--,--,--,--,--,--,--,--,--,--,--,--,--,--,--,--,--,--,--,--,--,--,--,--
2026/5/14 11:20,--,--,--,--,22.5,9.7,22.5,44,--,--,--,--,21.9,9.5,21.9,45,--,--,--,--,--,--,--,--,--,--,--,--,--,--,--,--,--,--,--,55,44,--,--,--,--,--,--,--,--,--,--,--,--,--,--,--,--,--,--,--,--,--,--,--,--,--,--,--,--,--,--,--,--,--,--
2026/5/14 11:35,--,--,--,--,22.5,9.7,22.5,44,--,--,--,--,20.2,9.5,20.2,50,--,--,--,--,--,--,--,--,--,--,--,--,--,--,--,--,--,--,--,55,44,--,--,--,--,--,--,--,--,--,--,--,--,--,--,--,--,--,--,--,--,--,--,--,--,--,--,--,--,--,--,--,--,--,--
2026/5/14 11:50,--,--,--,--,22.6,9.8,22.6,44,--,--,--,--,21.9,10.7,21.9,49,--,--,--,--,--,--,--,--,--,--,--,--,--,--,--,--,--,--,--,55,44,--,--,--,--,--,--,--,--,--,--,--,--,--,--,--,--,--,--,--,--,--,--,--,--,--,--,--,--,--,--,--,--,--,--
2026/5/14 12:05,--,--,--,--,22.6,9.8,22.6,44,--,--,--,--,24.1,11.5,24.1,45,--,--,--,--,--,--,--,--,--,--,--,--,--,--,--,--,--,--,--,55,44,--,--,--,--,--,--,--,--,--,--,--,--,--,--,--,--,--,--,--,--,--,--,--,--,--,--,--,--,--,--,--,--,--,--
2026/5/14 12:20,--,--,--,--,22.6,9.8,22.6,44,--,--,--,--,20.1,8.1,20.1,46,--,--,--,--,--,--,--,--,--,--,--,--,--,--,--,--,--,--,--,55,44,--,--,--,--,--,--,--,--,--,--,--,--,--,--,--,--,--,--,--,--,--,--,--,--,--,--,--,--,--,--,--,--,--,--
2026/5/14 12:35,--,--,--,--,22.6,9.8,22.6,44,--,--,--,--,24.5,10.4,24.5,41,--,--,--,--,--,--,--,--,--,--,--,--,--,--,--,--,--,--,--,55,44,--,--,--,--,--,--,--,--,--,--,--,--,--,--,--,--,--,--,--,--,--,--,--,--,--,--,--,--,--,--,--,--,--,--
2026/5/14 12:50,--,--,--,--,22.6,9.8,22.6,44,--,--,--,--,22.8,9.3,22.8,42,--,--,--,--,--,--,--,--,--,--,--,--,--,--,--,--,--,--,--,55,44,--,--,--,--,--,--,--,--,--,--,--,--,--,--,--,--,--,--,--,--,--,--,--,--,--,--,--,--,--,--,--,--,--,--
2026/5/14 13:05,--,--,--,--,22.6,9.8,22.6,44,--,--,--,--,22.9,9.0,22.9,41,--,--,--,--,--,--,--,--,--,--,--,--,--,--,--,--,--,--,--,55,44,--,--,--,--,--,--,--,--,--,--,--,--,--,--,--,--,--,--,--,--,--,--,--,--,--,--,--,--,--,--,--,--,--,--
2026/5/14 13:20,--,--,--,--,22.6,9.8,22.6,44,--,--,--,--,18.5,7.9,18.5,50,--,--,--,--,--,--,--,--,--,--,--,--,--,--,--,--,--,--,--,55,44,--,--,--,--,--,--,--,--,--,--,--,--,--,--,--,--,--,--,--,--,--,--,--,--,--,--,--,--,--,--,--,--,--,--
2026/5/14 13:35,--,--,--,--,22.6,9.8,22.6,44,--,--,--,--,20.2,10.0,20.2,52,--,--,--,--,--,--,--,--,--,--,--,--,--,--,--,--,--,--,--,55,44,--,--,--,--,--,--,--,--,--,--,--,--,--,--,--,--,--,--,--,--,--,--,--,--,--,--,--,--,--,--,--,--,--,--
2026/5/14 13:50,--,--,--,--,22.6,9.8,22.6,44,--,--,--,--,19.0,8.7,19.0,51,--,--,--,--,--,--,--,--,--,--,--,--,--,--,--,--,--,--,--,55,44,--,--,--,--,--,--,--,--,--,--,--,--,--,--,--,--,--,--,--,--,--,--,--,--,--,--,--,--,--,--,--,--,--,--
2026/5/14 14:05,--,--,--,--,22.6,9.8,22.6,44,--,--,--,--,24.6,11.9,24.6,45,--,--,--,--,--,--,--,--,--,--,--,--,--,--,--,--,--,--,--,55,44,--,--,--,--,--,--,--,--,--,--,--,--,--,--,--,--,--,--,--,--,--,--,--,--,--,--,--,--,--,--,--,--,--,--
2026/5/14 14:20,--,--,--,--,22.6,10.1,22.6,45,--,--,--,--,24.8,11.1,24.8,42,--,--,--,--,--,--,--,--,--,--,--,--,--,--,--,--,--,--,--,55,44,--,--,--,--,--,--,--,--,--,--,--,--,--,--,--,--,--,--,--,--,--,--,--,--,--,--,--,--,--,--,--,--,--,--
2026/5/14 14:35,--,--,--,--,22.6,10.1,22.6,45,--,--,--,--,24.7,9.9,24.7,39,--,--,--,--,--,--,--,--,--,--,--,--,--,--,--,--,--,--,--,55,44,--,--,--,--,--,--,--,--,--,--,--,--,--,--,--,--,--,--,--,--,--,--,--,--,--,--,--,--,--,--,--,--,--,--
2026/5/14 14:50,--,--,--,--,22.6,9.8,22.6,44,--,--,--,--,18.0,6.2,18.0,46,--,--,--,--,--,--,--,--,--,--,--,--,--,--,--,--,--,--,--,55,44,--,--,--,--,--,--,--,--,--,--,--,--,--,--,--,--,--,--,--,--,--,--,--,--,--,--,--,--,--,--,--,--,--,--
2026/5/14 15:05,--,--,--,--,22.6,9.8,22.6,44,--,--,--,--,28.3,13.4,27.9,40,--,--,--,--,--,--,--,--,--,--,--,--,--,--,--,--,--,--,--,55,44,--,--,--,--,--,--,--,--,--,--,--,--,--,--,--,--,--,--,--,--,--,--,--,--,--,--,--,--,--,--,--,--,--,--
2026/5/14 15:20,--,--,--,--,22.6,10.1,22.6,45,--,--,--,--,27.4,10.2,27.4,34,--,--,--,--,--,--,--,--,--,--,--,--,--,--,--,--,--,--,--,55,44,--,--,--,--,--,--,--,--,--,--,--,--,--,--,--,--,--,--,--,--,--,--,--,--,--,--,--,--,--,--,--,--,--,--
2026/5/14 15:35,--,--,--,--,22.6,10.1,22.6,45,--,--,--,--,24.9,10.0,24.9,39,--,--,--,--,--,--,--,--,--,--,--,--,--,--,--,--,--,--,--,55,44,--,--,--,--,--,--,--,--,--,--,--,--,--,--,--,--,--,--,--,--,--,--,--,--,--,--,--,--,--,--,--,--,--,--
2026/5/14 15:50,--,--,--,--,22.6,10.1,22.6,45,--,--,--,--,28.3,10.1,28.3,32,--,--,--,--,--,--,--,--,--,--,--,--,--,--,--,--,--,--,--,55,44,--,--,--,--,--,--,--,--,--,--,--,--,--,--,--,--,--,--,--,--,--,--,--,--,--,--,--,--,--,--,--,--,--,--
2026/5/14 16:05,--,--,--,--,22.6,10.1,22.6,45,--,--,--,--,25.9,8.9,25.9,34,--,--,--,--,--,--,--,--,--,--,--,--,--,--,--,--,--,--,--,55,44,--,--,--,--,--,--,--,--,--,--,--,--,--,--,--,--,--,--,--,--,--,--,--,--,--,--,--,--,--,--,--,--,--,--
2026/5/14 16:20,--,--,--,--,22.6,10.1,22.6,45,--,--,--,--,22.3,8.8,22.3,42,--,--,--,--,--,--,--,--,--,--,--,--,--,--,--,--,--,--,--,55,44,--,--,--,--,--,--,--,--,--,--,--,--,--,--,--,--,--,--,--,--,--,--,--,--,--,--,--,--,--,--,--,--,--,--
2026/5/14 16:35,--,--,--,--,22.6,10.1,22.6,45,--,--,--,--,24.2,10.5,24.2,42,--,--,--,--,--,--,--,--,--,--,--,--,--,--,--,--,--,--,--,55,44,--,--,--,--,--,--,--,--,--,--,--,--,--,--,--,--,--,--,--,--,--,--,--,--,--,--,--,--,--,--,--,--,--,--
2026/5/14 16:50,--,--,--,--,22.6,10.1,22.6,45,--,--,--,--,24.5,10.0,24.5,40,--,--,--,--,--,--,--,--,--,--,--,--,--,--,--,--,--,--,--,55,44,--,--,--,--,--,--,--,--,--,--,--,--,--,--,--,--,--,--,--,--,--,--,--,--,--,--,--,--,--,--,--,--,--,--
2026/5/14 17:05,--,--,--,--,22.6,10.1,22.6,45,--,--,--,--,20.5,7.9,20.5,44,--,--,--,--,--,--,--,--,--,--,--,--,--,--,--,--,--,--,--,55,44,--,--,--,--,--,--,--,--,--,--,--,--,--,--,--,--,--,--,--,--,--,--,--,--,--,--,--,--,--,--,--,--,--,--
2026/5/14 17:20,--,--,--,--,22.6,10.1,22.6,45,--,--,--,--,20.1,8.4,20.1,47,--,--,--,--,--,--,--,--,--,--,--,--,--,--,--,--,--,--,--,55,44,--,--,--,--,--,--,--,--,--,--,--,--,--,--,--,--,--,--,--,--,--,--,--,--,--,--,--,--,--,--,--,--,--,--
2026/5/14 17:35,--,--,--,--,22.6,10.1,22.6,45,--,--,--,--,18.9,7.3,18.9,47,--,--,--,--,--,--,--,--,--,--,--,--,--,--,--,--,--,--,--,55,44,--,--,--,--,--,--,--,--,--,--,--,--,--,--,--,--,--,--,--,--,--,--,--,--,--,--,--,--,--,--,--,--,--,--
2026/5/14 17:50,--,--,--,--,22.6,10.1,22.6,45,--,--,--,--,17.1,6.0,17.1,48,--,--,--,--,--,--,--,--,--,--,--,--,--,--,--,--,--,--,--,55,44,--,--,--,--,--,--,--,--,--,--,--,--,--,--,--,--,--,--,--,--,--,--,--,--,--,--,--,--,--,--,--,--,--,--
2026/5/14 18:05,--,--,--,--,22.5,10.0,22.5,45,--,--,--,--,15.9,5.8,15.9,51,--,--,--,--,--,--,--,--,--,--,--,--,--,--,--,--,--,--,--,55,44,--,--,--,--,--,--,--,--,--,--,--,--,--,--,--,--,--,--,--,--,--,--,--,--,--,--,--,--,--,--,--,--,--,--
2026/5/14 18:20,--,--,--,--,22.5,10.0,22.5,45,--,--,--,--,14.0,5.4,14.0,56,--,--,--,--,--,--,--,--,--,--,--,--,--,--,--,--,--,--,--,55,44,--,--,--,--,--,--,--,--,--,--,--,--,--,--,--,--,--,--,--,--,--,--,--,--,--,--,--,--,--,--,--,--,--,--
2026/5/14 18:35,--,--,--,--,22.5,10.0,22.5,45,--,--,--,--,13.6,5.2,13.6,57,--,--,--,--,--,--,--,--,--,--,--,--,--,--,--,--,--,--,--,55,44,--,--,--,--,--,--,--,--,--,--,--,--,--,--,--,--,--,--,--,--,--,--,--,--,--,--,--,--,--,--,--,--,--,--
2026/5/14 18:50,--,--,--,--,22.4,9.9,22.4,45,--,--,--,--,13.3,4.5,13.3,55,--,--,--,--,--,--,--,--,--,--,--,--,--,--,--,--,--,--,--,55,44,--,--,--,--,--,--,--,--,--,--,--,--,--,--,--,--,--,--,--,--,--,--,--,--,--,--,--,--,--,--,--,--,--,--
2026/5/14 19:05,--,--,--,--,22.4,9.9,22.4,45,--,--,--,--,12.8,4.5,12.8,57,--,--,--,--,--,--,--,--,--,--,--,--,--,--,--,--,--,--,--,55,44,--,--,--,--,--,--,--,--,--,--,--,--,--,--,--,--,--,--,--,--,--,--,--,--,--,--,--,--,--,--,--,--,--,--
2026/5/14 19:20,--,--,--,--,22.4,9.9,22.4,45,--,--,--,--,12.7,5.1,12.7,60,--,--,--,--,--,--,--,--,--,--,--,--,--,--,--,--,--,--,--,55,44,--,--,--,--,--,--,--,--,--,--,--,--,--,--,--,--,--,--,--,--,--,--,--,--,--,--,--,--,--,--,--,--,--,--
2026/5/14 19:35,--,--,--,--,22.4,9.9,22.4,45,--,--,--,--,12.1,5.0,12.1,62,--,--,--,--,--,--,--,--,--,--,--,--,--,--,--,--,--,--,--,55,44,--,--,--,--,--,--,--,--,--,--,--,--,--,--,--,--,--,--,--,--,--,--,--,--,--,--,--,--,--,--,--,--,--,--
2026/5/14 19:50,--,--,--,--,22.4,9.9,22.4,45,--,--,--,--,11.5,5.2,11.5,65,--,--,--,--,--,--,--,--,--,--,--,--,--,--,--,--,--,--,--,55,44,--,--,--,--,--,--,--,--,--,--,--,--,--,--,--,--,--,--,--,--,--,--,--,--,--,--,--,--,--,--,--,--,--,--
2026/5/14 20:05,--,--,--,--,22.3,9.8,22.3,45,--,--,--,--,10.8,4.7,10.8,66,--,--,--,--,--,--,--,--,--,--,--,--,--,--,--,--,--,--,--,55,44,--,--,--,--,--,--,--,--,--,--,--,--,--,--,--,--,--,--,--,--,--,--,--,--,--,--,--,--,--,--,--,--,--,--
2026/5/14 20:20,--,--,--,--,22.3,9.8,22.3,45,--,--,--,--,10.4,5.0,10.4,69,--,--,--,--,--,--,--,--,--,--,--,--,--,--,--,--,--,--,--,55,44,--,--,--,--,--,--,--,--,--,--,--,--,--,--,--,--,--,--,--,--,--,--,--,--,--,--,--,--,--,--,--,--,--,--
2026/5/14 20:35,--,--,--,--,22.3,9.8,22.3,45,--,--,--,--,9.8,4.8,9.8,71,--,--,--,--,--,--,--,--,--,--,--,--,--,--,--,--,--,--,--,55,44,--,--,--,--,--,--,--,--,--,--,--,--,--,--,--,--,--,--,--,--,--,--,--,--,--,--,--,--,--,--,--,--,--,--
2026/5/14 20:50,--,--,--,--,22.3,9.8,22.3,45,--,--,--,--,9.2,4.4,9.2,72,--,--,--,--,--,--,--,--,--,--,--,--,--,--,--,--,--,--,--,55,44,--,--,--,--,--,--,--,--,--,--,--,--,--,--,--,--,--,--,--,--,--,--,--,--,--,--,--,--,--,--,--,--,--,--
2026/5/14 21:05,--,--,--,--,22.3,9.8,22.3,45,--,--,--,--,8.5,4.1,8.5,74,--,--,--,--,--,--,--,--,--,--,--,--,--,--,--,--,--,--,--,55,44,--,--,--,--,--,--,--,--,--,--,--,--,--,--,--,--,--,--,--,--,--,--,--,--,--,--,--,--,--,--,--,--,--,--
2026/5/14 21:20,--,--,--,--,22.2,9.7,22.2,45,--,--,--,--,7.9,3.9,7.9,76,--,--,--,--,--,--,--,--,--,--,--,--,--,--,--,--,--,--,--,55,44,--,--,--,--,--,--,--,--,--,--,--,--,--,--,--,--,--,--,--,--,--,--,--,--,--,--,--,--,--,--,--,--,--,--
2026/5/14 21:35,--,--,--,--,22.2,9.7,22.2,45,--,--,--,--,7.7,4.1,7.7,78,--,--,--,--,--,--,--,--,--,--,--,--,--,--,--,--,--,--,--,55,44,--,--,--,--,--,--,--,--,--,--,--,--,--,--,--,--,--,--,--,--,--,--,--,--,--,--,--,--,--,--,--,--,--,--
2026/5/14 21:50,--,--,--,--,22.2,9.7,22.2,45,--,--,--,--,7.5,4.1,7.5,79,--,--,--,--,--,--,--,--,--,--,--,--,--,--,--,--,--,--,--,55,44,--,--,--,--,--,--,--,--,--,--,--,--,--,--,--,--,--,--,--,--,--,--,--,--,--,--,--,--,--,--,--,--,--,--
2026/5/14 22:05,--,--,--,--,22.1,9.6,22.1,45,--,--,--,--,7.2,4.0,7.2,80,--,--,--,--,--,--,--,--,--,--,--,--,--,--,--,--,--,--,--,55,44,--,--,--,--,--,--,--,--,--,--,--,--,--,--,--,--,--,--,--,--,--,--,--,--,--,--,--,--,--,--,--,--,--,--
2026/5/14 22:20,--,--,--,--,22.1,9.6,22.1,45,--,--,--,--,7.0,4.0,7.0,81,--,--,--,--,--,--,--,--,--,--,--,--,--,--,--,--,--,--,--,55,44,--,--,--,--,--,--,--,--,--,--,--,--,--,--,--,--,--,--,--,--,--,--,--,--,--,--,--,--,--,--,--,--,--,--
2026/5/14 22:35,--,--,--,--,22.1,9.6,22.1,45,--,--,--,--,6.8,3.9,6.8,82,--,--,--,--,--,--,--,--,--,--,--,--,--,--,--,--,--,--,--,55,44,--,--,--,--,--,--,--,--,--,--,--,--,--,--,--,--,--,--,--,--,--,--,--,--,--,--,--,--,--,--,--,--,--,--
2026/5/14 22:50,--,--,--,--,22.0,9.6,22.0,45,--,--,--,--,6.8,4.3,6.8,84,--,--,--,--,--,--,--,--,--,--,--,--,--,--,--,--,--,--,--,55,44,--,--,--,--,--,--,--,--,--,--,--,--,--,--,--,--,--,--,--,--,--,--,--,--,--,--,--,--,--,--,--,--,--,--
2026/5/14 23:05,--,--,--,--,22.0,9.6,22.0,45,--,--,--,--,6.9,4.6,6.9,85,--,--,--,--,--,--,--,--,--,--,--,--,--,--,--,--,--,--,--,55,44,--,--,--,--,--,--,--,--,--,--,--,--,--,--,--,--,--,--,--,--,--,--,--,--,--,--,--,--,--,--,--,--,--,--
2026/5/14 23:20,--,--,--,--,22.0,9.6,22.0,45,--,--,--,--,7.0,4.7,7.0,85,--,--,--,--,--,--,--,--,--,--,--,--,--,--,--,--,--,--,--,55,44,--,--,--,--,--,--,--,--,--,--,--,--,--,--,--,--,--,--,--,--,--,--,--,--,--,--,--,--,--,--,--,--,--,--
2026/5/14 23:35,--,--,--,--,21.9,9.5,21.9,45,--,--,--,--,7.1,4.7,7.1,85,--,--,--,--,--,--,--,--,--,--,--,--,--,--,--,--,--,--,--,55,44,--,--,--,--,--,--,--,--,--,--,--,--,--,--,--,--,--,--,--,--,--,--,--,--,--,--,--,--,--,--,--,--,--,--
2026/5/14 23:50,--,--,--,--,21.9,9.5,21.9,45,--,--,--,--,7.2,4.8,7.2,85,--,--,--,--,--,--,--,--,--,--,--,--,--,--,--,--,--,--,--,55,44,--,--,--,--,--,--,--,--,--,--,--,--,--,--,--,--,--,--,--,--,--,--,--,--,--,--,--,--,--,--,--,--,--,--
2026/5/15 0:00,--,--,--,--,21.9,9.5,21.9,45,--,--,--,--,7.3,4.9,7.3,85,--,--,--,--,--,--,--,--,--,--,--,--,--,--,--,--,--,--,--,55,44,--,--,--,--,--,--,--,--,--,--,--,--,--,--,--,--,--,--,--,--,--,--,--,--,--,--,--,--,--,--,--,--,--,--
2026/5/15 0:05,--,--,--,--,21.9,9.5,21.9,45,--,--,--,--,7.2,5.0,7.2,86,--,--,--,--,--,--,--,--,--,--,--,--,--,--,--,--,--,--,--,55,44,--,--,--,--,--,--,--,--,--,--,--,--,--,--,--,--,--,--,--,--,--,--,--,--,--,--,--,--,--,--,--,--,--,--
2026/5/15 0:20,--,--,--,--,21.8,9.4,21.8,45,--,--,--,--,7.1,4.9,7.1,86,--,--,--,--,--,--,--,--,--,--,--,--,--,--,--,--,--,--,--,55,44,--,--,--,--,--,--,--,--,--,--,--,--,--,--,--,--,--,--,--,--,--,--,--,--,--,--,--,--,--,--,--,--,--,--
2026/5/15 0:35,--,--,--,--,21.8,9.4,21.8,45,--,--,--,--,7.1,4.9,7.1,86,--,--,--,--,--,--,--,--,--,--,--,--,--,--,--,--,--,--,--,55,44,--,--,--,--,--,--,--,--,--,--,--,--,--,--,--,--,--,--,--,--,--,--,--,--,--,--,--,--,--,--,--,--,--,--
2026/5/15 0:50,--,--,--,--,21.8,9.4,21.8,45,--,--,--,--,7.1,4.7,7.1,85,--,--,--,--,--,--,--,--,--,--,--,--,--,--,--,--,--,--,--,55,44,--,--,--,--,--,--,--,--,--,--,--,--,--,--,--,--,--,--,--,--,--,--,--,--,--,--,--,--,--,--,--,--,--,--
2026/5/15 1:05,--,--,--,--,21.8,9.4,21.8,45,--,--,--,--,7.1,4.6,7.1,84,--,--,--,--,--,--,--,--,--,--,--,--,--,--,--,--,--,--,--,55,44,--,--,--,--,--,--,--,--,--,--,--,--,--,--,--,--,--,--,--,--,--,--,--,--,--,--,--,--,--,--,--,--,--,--
2026/5/15 1:20,--,--,--,--,21.8,9.4,21.8,45,--,--,--,--,6.8,4.5,6.8,85,--,--,--,--,--,--,--,--,--,--,--,--,--,--,--,--,--,--,--,55,44,--,--,--,--,--,--,--,--,--,--,--,--,--,--,--,--,--,--,--,--,--,--,--,--,--,--,--,--,--,--,--,--,--,--
2026/5/15 1:35,--,--,--,--,21.7,9.3,21.7,45,--,--,--,--,6.7,4.4,6.7,85,--,--,--,--,--,--,--,--,--,--,--,--,--,--,--,--,--,--,--,55,44,--,--,--,--,--,--,--,--,--,--,--,--,--,--,--,--,--,--,--,--,--,--,--,--,--,--,--,--,--,--,--,--,--,--
2026/5/15 1:50,--,--,--,--,21.7,9.3,21.7,45,--,--,--,--,6.6,4.3,6.6,85,--,--,--,--,--,--,--,--,--,--,--,--,--,--,--,--,--,--,--,55,44,--,--,--,--,--,--,--,--,--,--,--,--,--,--,--,--,--,--,--,--,--,--,--,--,--,--,--,--,--,--,--,--,--,--
2026/5/15 2:05,--,--,--,--,21.7,9.3,21.7,45,--,--,--,--,6.3,4.0,6.3,85,--,--,--,--,--,--,--,--,--,--,--,--,--,--,--,--,--,--,--,55,44,--,--,--,--,--,--,--,--,--,--,--,--,--,--,--,--,--,--,--,--,--,--,--,--,--,--,--,--,--,--,--,--,--,--
2026/5/15 2:20,--,--,--,--,21.6,9.2,21.6,45,--,--,--,--,5.7,3.6,5.7,86,--,--,--,--,--,--,--,--,--,--,--,--,--,--,--,--,--,--,--,55,44,--,--,--,--,--,--,--,--,--,--,--,--,--,--,--,--,--,--,--,--,--,--,--,--,--,--,--,--,--,--,--,--,--,--
2026/5/15 2:35,--,--,--,--,21.6,9.2,21.6,45,--,--,--,--,5.5,3.5,5.5,87,--,--,--,--,--,--,--,--,--,--,--,--,--,--,--,--,--,--,--,55,44,--,--,--,--,--,--,--,--,--,--,--,--,--,--,--,--,--,--,--,--,--,--,--,--,--,--,--,--,--,--,--,--,--,--
2026/5/15 2:50,--,--,--,--,21.6,9.2,21.6,45,--,--,--,--,5.4,3.5,5.4,88,--,--,--,--,--,--,--,--,--,--,--,--,--,--,--,--,--,--,--,55,44,--,--,--,--,--,--,--,--,--,--,--,--,--,--,--,--,--,--,--,--,--,--,--,--,--,--,--,--,--,--,--,--,--,--
2026/5/15 3:05,--,--,--,--,21.6,9.2,21.6,45,--,--,--,--,5.2,3.3,5.2,88,--,--,--,--,--,--,--,--,--,--,--,--,--,--,--,--,--,--,--,55,44,--,--,--,--,--,--,--,--,--,--,--,--,--,--,--,--,--,--,--,--,--,--,--,--,--,--,--,--,--,--,--,--,--,--
2026/5/15 3:20,--,--,--,--,21.5,9.1,21.5,45,--,--,--,--,5.0,3.1,5.0,88,--,--,--,--,--,--,--,--,--,--,--,--,--,--,--,--,--,--,--,55,44,--,--,--,--,--,--,--,--,--,--,--,--,--,--,--,--,--,--,--,--,--,--,--,--,--,--,--,--,--,--,--,--,--,--
2026/5/15 3:35,--,--,--,--,21.5,9.1,21.5,45,--,--,--,--,4.9,3.2,4.9,89,--,--,--,--,--,--,--,--,--,--,--,--,--,--,--,--,--,--,--,55,44,--,--,--,--,--,--,--,--,--,--,--,--,--,--,--,--,--,--,--,--,--,--,--,--,--,--,--,--,--,--,--,--,--,--
2026/5/15 3:50,--,--,--,--,21.5,9.1,21.5,45,--,--,--,--,5.4,3.9,5.4,90,--,--,--,--,--,--,--,--,--,--,--,--,--,--,--,--,--,--,--,55,44,--,--,--,--,--,--,--,--,--,--,--,--,--,--,--,--,--,--,--,--,--,--,--,--,--,--,--,--,--,--,--,--,--,--
2026/5/15 4:05,--,--,--,--,21.5,9.1,21.5,45,--,--,--,--,5.8,4.3,5.8,90,--,--,--,--,--,--,--,--,--,--,--,--,--,--,--,--,--,--,--,55,44,--,--,--,--,--,--,--,--,--,--,--,--,--,--,--,--,--,--,--,--,--,--,--,--,--,--,--,--,--,--,--,--,--,--
2026/5/15 4:20,--,--,--,--,21.5,9.1,21.5,45,--,--,--,--,6.1,4.6,6.1,90,--,--,--,--,--,--,--,--,--,--,--,--,--,--,--,--,--,--,--,55,44,--,--,--,--,--,--,--,--,--,--,--,--,--,--,--,--,--,--,--,--,--,--,--,--,--,--,--,--,--,--,--,--,--,--
2026/5/15 4:35,--,--,--,--,21.4,9.0,21.4,45,--,--,--,--,6.2,4.5,6.2,89,--,--,--,--,--,--,--,--,--,--,--,--,--,--,--,--,--,--,--,55,44,--,--,--,--,--,--,--,--,--,--,--,--,--,--,--,--,--,--,--,--,--,--,--,--,--,--,--,--,--,--,--,--,--,--
2026/5/15 4:50,--,--,--,--,21.4,9.0,21.4,45,--,--,--,--,6.3,4.6,6.3,89,--,--,--,--,--,--,--,--,--,--,--,--,--,--,--,--,--,--,--,55,44,--,--,--,--,--,--,--,--,--,--,--,--,--,--,--,--,--,--,--,--,--,--,--,--,--,--,--,--,--,--,--,--,--,--
2026/5/15 5:05,--,--,--,--,21.4,9.0,21.4,45,--,--,--,--,6.1,4.2,6.1,88,--,--,--,--,--,--,--,--,--,--,--,--,--,--,--,--,--,--,--,55,44,--,--,--,--,--,--,--,--,--,--,--,--,--,--,--,--,--,--,--,--,--,--,--,--,--,--,--,--,--,--,--,--,--,--
2026/5/15 5:20,--,--,--,--,21.4,9.0,21.4,45,--,--,--,--,5.6,3.7,5.6,88,--,--,--,--,--,--,--,--,--,--,--,--,--,--,--,--,--,--,--,55,44,--,--,--,--,--,--,--,--,--,--,--,--,--,--,--,--,--,--,--,--,--,--,--,--,--,--,--,--,--,--,--,--,--,--
2026/5/15 5:35,--,--,--,--,21.4,9.0,21.4,45,--,--,--,--,5.3,3.6,5.3,89,--,--,--,--,--,--,--,--,--,--,--,--,--,--,--,--,--,--,--,55,44,--,--,--,--,--,--,--,--,--,--,--,--,--,--,--,--,--,--,--,--,--,--,--,--,--,--,--,--,--,--,--,--,--,--
2026/5/15 5:50,--,--,--,--,21.3,8.9,21.3,45,--,--,--,--,5.2,3.5,5.2,89,--,--,--,--,--,--,--,--,--,--,--,--,--,--,--,--,--,--,--,55,44,--,--,--,--,--,--,--,--,--,--,--,--,--,--,--,--,--,--,--,--,--,--,--,--,--,--,--,--,--,--,--,--,--,--
2026/5/15 6:05,--,--,--,--,21.4,9.0,21.4,45,--,--,--,--,5.1,3.6,5.1,90,--,--,--,--,--,--,--,--,--,--,--,--,--,--,--,--,--,--,--,55,44,--,--,--,--,--,--,--,--,--,--,--,--,--,--,--,--,--,--,--,--,--,--,--,--,--,--,--,--,--,--,--,--,--,--
2026/5/15 6:20,--,--,--,--,21.4,9.0,21.4,45,--,--,--,--,5.2,3.7,5.2,90,--,--,--,--,--,--,--,--,--,--,--,--,--,--,--,--,--,--,--,55,44,--,--,--,--,--,--,--,--,--,--,--,--,--,--,--,--,--,--,--,--,--,--,--,--,--,--,--,--,--,--,--,--,--,--
2026/5/15 6:35,--,--,--,--,21.4,9.0,21.4,45,--,--,--,--,5.5,4.0,5.5,90,--,--,--,--,--,--,--,--,--,--,--,--,--,--,--,--,--,--,--,55,44,--,--,--,--,--,--,--,--,--,--,--,--,--,--,--,--,--,--,--,--,--,--,--,--,--,--,--,--,--,--,--,--,--,--
2026/5/15 6:50,--,--,--,--,21.5,9.1,21.5,45,--,--,--,--,6.0,4.5,6.0,90,--,--,--,--,--,--,--,--,--,--,--,--,--,--,--,--,--,--,--,55,44,--,--,--,--,--,--,--,--,--,--,--,--,--,--,--,--,--,--,--,--,--,--,--,--,--,--,--,--,--,--,--,--,--,--
2026/5/15 7:05,--,--,--,--,21.5,9.1,21.5,45,--,--,--,--,6.0,4.3,6.0,89,--,--,--,--,--,--,--,--,--,--,--,--,--,--,--,--,--,--,--,55,44,--,--,--,--,--,--,--,--,--,--,--,--,--,--,--,--,--,--,--,--,--,--,--,--,--,--,--,--,--,--,--,--,--,--
2026/5/15 7:20,--,--,--,--,21.6,9.2,21.6,45,--,--,--,--,6.6,4.9,6.6,89,--,--,--,--,--,--,--,--,--,--,--,--,--,--,--,--,--,--,--,55,44,--,--,--,--,--,--,--,--,--,--,--,--,--,--,--,--,--,--,--,--,--,--,--,--,--,--,--,--,--,--,--,--,--,--
2026/5/15 7:35,--,--,--,--,21.7,9.3,21.7,45,--,--,--,--,8.1,6.2,8.1,88,--,--,--,--,--,--,--,--,--,--,--,--,--,--,--,--,--,--,--,55,44,--,--,--,--,--,--,--,--,--,--,--,--,--,--,--,--,--,--,--,--,--,--,--,--,--,--,--,--,--,--,--,--,--,--
2026/5/15 7:50,--,--,--,--,21.8,9.4,21.8,45,--,--,--,--,9.0,6.6,9.0,85,--,--,--,--,--,--,--,--,--,--,--,--,--,--,--,--,--,--,--,55,44,--,--,--,--,--,--,--,--,--,--,--,--,--,--,--,--,--,--,--,--,--,--,--,--,--,--,--,--,--,--,--,--,--,--
2026/5/15 8:05,--,--,--,--,21.9,9.5,21.9,45,--,--,--,--,9.6,6.7,9.6,82,--,--,--,--,--,--,--,--,--,--,--,--,--,--,--,--,--,--,--,55,44,--,--,--,--,--,--,--,--,--,--,--,--,--,--,--,--,--,--,--,--,--,--,--,--,--,--,--,--,--,--,--,--,--,--
2026/5/15 8:20,--,--,--,--,22.0,9.6,22.0,45,--,--,--,--,10.6,7.3,10.6,80,--,--,--,--,--,--,--,--,--,--,--,--,--,--,--,--,--,--,--,55,44,--,--,--,--,--,--,--,--,--,--,--,--,--,--,--,--,--,--,--,--,--,--,--,--,--,--,--,--,--,--,--,--,--,--
2026/5/15 8:35,--,--,--,--,22.0,9.6,22.0,45,--,--,--,--,11.5,7.4,11.5,76,--,--,--,--,--,--,--,--,--,--,--,--,--,--,--,--,--,--,--,55,44,--,--,--,--,--,--,--,--,--,--,--,--,--,--,--,--,--,--,--,--,--,--,--,--,--,--,--,--,--,--,--,--,--,--
2026/5/15 8:50,--,--,--,--,22.1,9.6,22.1,45,--,--,--,--,11.4,7.0,11.4,74,--,--,--,--,--,--,--,--,--,--,--,--,--,--,--,--,--,--,--,55,44,--,--,--,--,--,--,--,--,--,--,--,--,--,--,--,--,--,--,--,--,--,--,--,--,--,--,--,--,--,--,--,--,--,--
2026/5/15 9:05,--,--,--,--,22.2,9.7,22.2,45,--,--,--,--,12.4,7.1,12.4,70,--,--,--,--,--,--,--,--,--,--,--,--,--,--,--,--,--,--,--,55,44,--,--,--,--,--,--,--,--,--,--,--,--,--,--,--,--,--,--,--,--,--,--,--,--,--,--,--,--,--,--,--,--,--,--
2026/5/15 9:20,--,--,--,--,22.3,9.8,22.3,45,--,--,--,--,13.4,6.7,13.4,64,--,--,--,--,--,--,--,--,--,--,--,--,--,--,--,--,--,--,--,55,44,--,--,--,--,--,--,--,--,--,--,--,--,--,--,--,--,--,--,--,--,--,--,--,--,--,--,--,--,--,--,--,--,--,--
2026/5/15 9:35,--,--,--,--,22.4,9.9,22.4,45,--,--,--,--,14.7,7.5,14.7,62,--,--,--,--,--,--,--,--,--,--,--,--,--,--,--,--,--,--,--,55,44,--,--,--,--,--,--,--,--,--,--,--,--,--,--,--,--,--,--,--,--,--,--,--,--,--,--,--,--,--,--,--,--,--,--
2026/5/15 9:50,--,--,--,--,22.5,10.0,22.5,45,--,--,--,--,16.5,8.0,16.5,57,--,--,--,--,--,--,--,--,--,--,--,--,--,--,--,--,--,--,--,55,44,--,--,--,--,--,--,--,--,--,--,--,--,--,--,--,--,--,--,--,--,--,--,--,--,--,--,--,--,--,--,--,--,--,--
2026/5/15 10:05,--,--,--,--,22.5,10.0,22.5,45,--,--,--,--,20.2,10.0,20.2,52,--,--,--,--,--,--,--,--,--,--,--,--,--,--,--,--,--,--,--,55,44,--,--,--,--,--,--,--,--,--,--,--,--,--,--,--,--,--,--,--,--,--,--,--,--,--,--,--,--,--,--,--,--,--,--
2026/5/15 10:20,--,--,--,--,22.6,10.1,22.6,45,--,--,--,--,20.5,9.7,20.5,50,--,--,--,--,--,--,--,--,--,--,--,--,--,--,--,--,--,--,--,55,44,--,--,--,--,--,--,--,--,--,--,--,--,--,--,--,--,--,--,--,--,--,--,--,--,--,--,--,--,--,--,--,--,--,--
2026/5/15 10:35,--,--,--,--,22.6,10.1,22.6,45,--,--,--,--,18.1,6.9,18.1,48,--,--,--,--,--,--,--,--,--,--,--,--,--,--,--,--,--,--,--,55,44,--,--,--,--,--,--,--,--,--,--,--,--,--,--,--,--,--,--,--,--,--,--,--,--,--,--,--,--,--,--,--,--,--,--
2026/5/15 10:50,--,--,--,--,22.6,10.1,22.6,45,--,--,--,--,22.3,10.1,22.3,46,--,--,--,--,--,--,--,--,--,--,--,--,--,--,--,--,--,--,--,55,44,--,--,--,--,--,--,--,--,--,--,--,--,--,--,--,--,--,--,--,--,--,--,--,--,--,--,--,--,--,--,--,--,--,--
2026/5/15 11:05,--,--,--,--,22.6,10.1,22.6,45,--,--,--,--,16.8,6.3,16.8,50,--,--,--,--,--,--,--,--,--,--,--,--,--,--,--,--,--,--,--,55,44,--,--,--,--,--,--,--,--,--,--,--,--,--,--,--,--,--,--,--,--,--,--,--,--,--,--,--,--,--,--,--,--,--,--
2026/5/15 11:20,--,--,--,--,22.7,10.2,22.7,45,--,--,--,--,24.1,8.9,24.1,38,--,--,--,--,--,--,--,--,--,--,--,--,--,--,--,--,--,--,--,55,44,--,--,--,--,--,--,--,--,--,--,--,--,--,--,--,--,--,--,--,--,--,--,--,--,--,--,--,--,--,--,--,--,--,--
2026/5/15 11:35,--,--,--,--,22.6,10.1,22.6,45,--,--,--,--,21.5,8.1,21.5,42,--,--,--,--,--,--,--,--,--,--,--,--,--,--,--,--,--,--,--,55,44,--,--,--,--,--,--,--,--,--,--,--,--,--,--,--,--,--,--,--,--,--,--,--,--,--,--,--,--,--,--,--,--,--,--
2026/5/15 11:50,--,--,--,--,22.6,10.1,22.6,45,--,--,--,--,22.3,8.1,22.3,40,--,--,--,--,--,--,--,--,--,--,--,--,--,--,--,--,--,--,--,55,44,--,--,--,--,--,--,--,--,--,--,--,--,--,--,--,--,--,--,--,--,--,--,--,--,--,--,--,--,--,--,--,--,--,--
2026/5/15 12:05,--,--,--,--,22.7,10.2,22.7,45,--,--,--,--,25.7,11.1,25.7,40,--,--,--,--,--,--,--,--,--,--,--,--,--,--,--,--,--,--,--,55,44,--,--,--,--,--,--,--,--,--,--,--,--,--,--,--,--,--,--,--,--,--,--,--,--,--,--,--,--,--,--,--,--,--,--
2026/5/15 12:20,--,--,--,--,22.7,10.2,22.7,45,--,--,--,--,28.3,12.3,27.7,37,--,--,--,--,--,--,--,--,--,--,--,--,--,--,--,--,--,--,--,55,44,--,--,--,--,--,--,--,--,--,--,--,--,--,--,--,--,--,--,--,--,--,--,--,--,--,--,--,--,--,--,--,--,--,--
2026/5/15 12:35,--,--,--,--,22.8,10.3,22.8,45,--,--,--,--,27.3,11.0,26.8,36,--,--,--,--,--,--,--,--,--,--,--,--,--,--,--,--,--,--,--,55,44,--,--,--,--,--,--,--,--,--,--,--,--,--,--,--,--,--,--,--,--,--,--,--,--,--,--,--,--,--,--,--,--,--,--
2026/5/15 12:50,--,--,--,--,22.8,10.3,22.8,45,--,--,--,--,29.1,11.7,29.1,34,--,--,--,--,--,--,--,--,--,--,--,--,--,--,--,--,--,--,--,55,44,--,--,--,--,--,--,--,--,--,--,--,--,--,--,--,--,--,--,--,--,--,--,--,--,--,--,--,--,--,--,--,--,--,--
2026/5/15 13:05,--,--,--,--,22.8,10.3,22.8,45,--,--,--,--,28.5,9.8,28.5,31,--,--,--,--,--,--,--,--,--,--,--,--,--,--,--,--,--,--,--,55,44,--,--,--,--,--,--,--,--,--,--,--,--,--,--,--,--,--,--,--,--,--,--,--,--,--,--,--,--,--,--,--,--,--,--
2026/5/15 13:20,--,--,--,--,22.8,10.3,22.8,45,--,--,--,--,30.2,10.7,30.2,30,--,--,--,--,--,--,--,--,--,--,--,--,--,--,--,--,--,--,--,55,44,--,--,--,--,--,--,--,--,--,--,--,--,--,--,--,--,--,--,--,--,--,--,--,--,--,--,--,--,--,--,--,--,--,--
2026/5/15 13:35,--,--,--,--,22.8,10.3,22.8,45,--,--,--,--,28.0,11.1,27.3,35,--,--,--,--,--,--,--,--,--,--,--,--,--,--,--,--,--,--,--,55,44,--,--,--,--,--,--,--,--,--,--,--,--,--,--,--,--,--,--,--,--,--,--,--,--,--,--,--,--,--,--,--,--,--,--
2026/5/15 13:50,--,--,--,--,22.8,10.3,22.8,45,--,--,--,--,30.5,12.9,30.5,34,--,--,--,--,--,--,--,--,--,--,--,--,--,--,--,--,--,--,--,55,44,--,--,--,--,--,--,--,--,--,--,--,--,--,--,--,--,--,--,--,--,--,--,--,--,--,--,--,--,--,--,--,--,--,--
2026/5/15 14:05,--,--,--,--,22.8,10.3,22.8,45,--,--,--,--,32.9,12.0,32.9,28,--,--,--,--,--,--,--,--,--,--,--,--,--,--,--,--,--,--,--,55,44,--,--,--,--,--,--,--,--,--,--,--,--,--,--,--,--,--,--,--,--,--,--,--,--,--,--,--,--,--,--,--,--,--,--
2026/5/15 14:20,--,--,--,--,22.8,10.3,22.8,45,--,--,--,--,31.7,11.5,31.7,29,--,--,--,--,--,--,--,--,--,--,--,--,--,--,--,--,--,--,--,55,44,--,--,--,--,--,--,--,--,--,--,--,--,--,--,--,--,--,--,--,--,--,--,--,--,--,--,--,--,--,--,--,--,--,--
2026/5/15 14:35,--,--,--,--,22.8,10.3,22.8,45,--,--,--,--,22.7,6.1,22.7,34,--,--,--,--,--,--,--,--,--,--,--,--,--,--,--,--,--,--,--,55,44,--,--,--,--,--,--,--,--,--,--,--,--,--,--,--,--,--,--,--,--,--,--,--,--,--,--,--,--,--,--,--,--,--,--
2026/5/15 14:50,--,--,--,--,22.8,10.3,22.8,45,--,--,--,--,17.0,5.9,17.0,48,--,--,--,--,--,--,--,--,--,--,--,--,--,--,--,--,--,--,--,55,44,--,--,--,--,--,--,--,--,--,--,--,--,--,--,--,--,--,--,--,--,--,--,--,--,--,--,--,--,--,--,--,--,--,--
2026/5/15 15:05,--,--,--,--,22.7,10.2,22.7,45,--,--,--,--,18.0,7.4,18.0,50,--,--,--,--,--,--,--,--,--,--,--,--,--,--,--,--,--,--,--,55,44,--,--,--,--,--,--,--,--,--,--,--,--,--,--,--,--,--,--,--,--,--,--,--,--,--,--,--,--,--,--,--,--,--,--
2026/5/15 15:20,--,--,--,--,22.7,10.2,22.7,45,--,--,--,--,27.5,11.1,27.0,36,--,--,--,--,--,--,--,--,--,--,--,--,--,--,--,--,--,--,--,55,44,--,--,--,--,--,--,--,--,--,--,--,--,--,--,--,--,--,--,--,--,--,--,--,--,--,--,--,--,--,--,--,--,--,--
2026/5/15 15:35,--,--,--,--,22.7,10.2,22.7,45,--,--,--,--,22.2,8.3,22.2,41,--,--,--,--,--,--,--,--,--,--,--,--,--,--,--,--,--,--,--,55,44,--,--,--,--,--,--,--,--,--,--,--,--,--,--,--,--,--,--,--,--,--,--,--,--,--,--,--,--,--,--,--,--,--,--
2026/5/15 15:50,--,--,--,--,22.7,10.2,22.7,45,--,--,--,--,23.3,9.0,23.3,40,--,--,--,--,--,--,--,--,--,--,--,--,--,--,--,--,--,--,--,55,44,--,--,--,--,--,--,--,--,--,--,--,--,--,--,--,--,--,--,--,--,--,--,--,--,--,--,--,--,--,--,--,--,--,--
2026/5/15 16:05,--,--,--,--,22.7,10.2,22.7,45,--,--,--,--,26.4,11.4,26.4,39,--,--,--,--,--,--,--,--,--,--,--,--,--,--,--,--,--,--,--,55,44,--,--,--,--,--,--,--,--,--,--,--,--,--,--,--,--,--,--,--,--,--,--,--,--,--,--,--,--,--,--,--,--,--,--
2026/5/15 16:20,--,--,--,--,22.7,10.2,22.7,45,--,--,--,--,29.0,11.6,29.0,34,--,--,--,--,--,--,--,--,--,--,--,--,--,--,--,--,--,--,--,55,44,--,--,--,--,--,--,--,--,--,--,--,--,--,--,--,--,--,--,--,--,--,--,--,--,--,--,--,--,--,--,--,--,--,--
2026/5/15 16:35,--,--,--,--,22.7,10.5,22.7,46,--,--,--,--,28.0,11.1,27.3,35,--,--,--,--,--,--,--,--,--,--,--,--,--,--,--,--,--,--,--,55,44,--,--,--,--,--,--,--,--,--,--,--,--,--,--,--,--,--,--,--,--,--,--,--,--,--,--,--,--,--,--,--,--,--,--
2026/5/15 16:50,--,--,--,--,22.7,10.5,22.7,46,--,--,--,--,21.7,7.2,21.7,39,--,--,--,--,--,--,--,--,--,--,--,--,--,--,--,--,--,--,--,55,44,--,--,--,--,--,--,--,--,--,--,--,--,--,--,--,--,--,--,--,--,--,--,--,--,--,--,--,--,--,--,--,--,--,--
2026/5/15 17:05,--,--,--,--,22.7,10.5,22.7,46,--,--,--,--,18.8,7.6,18.8,48,--,--,--,--,--,--,--,--,--,--,--,--,--,--,--,--,--,--,--,55,44,--,--,--,--,--,--,--,--,--,--,--,--,--,--,--,--,--,--,--,--,--,--,--,--,--,--,--,--,--,--,--,--,--,--
2026/5/15 17:20,--,--,--,--,22.7,10.5,22.7,46,--,--,--,--,16.3,5.9,16.3,50,--,--,--,--,--,--,--,--,--,--,--,--,--,--,--,--,--,--,--,55,44,--,--,--,--,--,--,--,--,--,--,--,--,--,--,--,--,--,--,--,--,--,--,--,--,--,--,--,--,--,--,--,--,--,--
2026/5/15 17:35,--,--,--,--,22.6,10.1,22.6,45,--,--,--,--,16.0,6.5,16.0,53,--,--,--,--,--,--,--,--,--,--,--,--,--,--,--,--,--,--,--,55,44,--,--,--,--,--,--,--,--,--,--,--,--,--,--,--,--,--,--,--,--,--,--,--,--,--,--,--,--,--,--,--,--,--,--
2026/5/15 17:50,--,--,--,--,22.6,10.1,22.6,45,--,--,--,--,18.2,7.6,18.2,50,--,--,--,--,--,--,--,--,--,--,--,--,--,--,--,--,--,--,--,55,44,--,--,--,--,--,--,--,--,--,--,--,--,--,--,--,--,--,--,--,--,--,--,--,--,--,--,--,--,--,--,--,--,--,--
2026/5/15 18:05,--,--,--,--,22.6,10.1,22.6,45,--,--,--,--,18.2,7.9,18.2,51,--,--,--,--,--,--,--,--,--,--,--,--,--,--,--,--,--,--,--,55,44,--,--,--,--,--,--,--,--,--,--,--,--,--,--,--,--,--,--,--,--,--,--,--,--,--,--,--,--,--,--,--,--,--,--
2026/5/15 18:20,--,--,--,--,22.6,10.4,22.6,46,--,--,--,--,19.3,8.9,19.3,51,--,--,--,--,--,--,--,--,--,--,--,--,--,--,--,--,--,--,--,55,44,--,--,--,--,--,--,--,--,--,--,--,--,--,--,--,--,--,--,--,--,--,--,--,--,--,--,--,--,--,--,--,--,--,--
2026/5/15 18:35,--,--,--,--,22.7,10.5,22.7,46,--,--,--,--,17.3,7.1,17.3,51,--,--,--,--,--,--,--,--,--,--,--,--,--,--,--,--,--,--,--,55,44,--,--,--,--,--,--,--,--,--,--,--,--,--,--,--,--,--,--,--,--,--,--,--,--,--,--,--,--,--,--,--,--,--,--
2026/5/15 18:50,--,--,--,--,22.6,10.1,22.6,45,--,--,--,--,15.3,5.8,15.3,53,--,--,--,--,--,--,--,--,--,--,--,--,--,--,--,--,--,--,--,55,44,--,--,--,--,--,--,--,--,--,--,--,--,--,--,--,--,--,--,--,--,--,--,--,--,--,--,--,--,--,--,--,--,--,--
2026/5/15 19:05,--,--,--,--,22.6,10.4,22.6,46,--,--,--,--,12.9,4.6,12.9,57,--,--,--,--,--,--,--,--,--,--,--,--,--,--,--,--,--,--,--,55,44,--,--,--,--,--,--,--,--,--,--,--,--,--,--,--,--,--,--,--,--,--,--,--,--,--,--,--,--,--,--,--,--,--,--
2026/5/15 19:20,--,--,--,--,22.6,10.4,22.6,46,--,--,--,--,12.8,5.2,12.8,60,--,--,--,--,--,--,--,--,--,--,--,--,--,--,--,--,--,--,--,55,44,--,--,--,--,--,--,--,--,--,--,--,--,--,--,--,--,--,--,--,--,--,--,--,--,--,--,--,--,--,--,--,--,--,--
2026/5/15 19:35,--,--,--,--,22.6,10.4,22.6,46,--,--,--,--,11.8,4.5,11.8,61,--,--,--,--,--,--,--,--,--,--,--,--,--,--,--,--,--,--,--,55,44,--,--,--,--,--,--,--,--,--,--,--,--,--,--,--,--,--,--,--,--,--,--,--,--,--,--,--,--,--,--,--,--,--,--
2026/5/15 19:50,--,--,--,--,22.6,10.4,22.6,46,--,--,--,--,11.0,4.5,11.0,64,--,--,--,--,--,--,--,--,--,--,--,--,--,--,--,--,--,--,--,55,44,--,--,--,--,--,--,--,--,--,--,--,--,--,--,--,--,--,--,--,--,--,--,--,--,--,--,--,--,--,--,--,--,--,--
2026/5/15 20:05,--,--,--,--,22.5,10.3,22.5,46,--,--,--,--,10.1,4.7,10.1,69,--,--,--,--,--,--,--,--,--,--,--,--,--,--,--,--,--,--,--,55,44,--,--,--,--,--,--,--,--,--,--,--,--,--,--,--,--,--,--,--,--,--,--,--,--,--,--,--,--,--,--,--,--,--,--
2026/5/15 20:20,--,--,--,--,22.5,10.3,22.5,46,--,--,--,--,9.7,4.7,9.7,71,--,--,--,--,--,--,--,--,--,--,--,--,--,--,--,--,--,--,--,55,44,--,--,--,--,--,--,--,--,--,--,--,--,--,--,--,--,--,--,--,--,--,--,--,--,--,--,--,--,--,--,--,--,--,--
2026/5/15 20:35,--,--,--,--,22.4,9.9,22.4,45,--,--,--,--,9.3,4.7,9.3,73,--,--,--,--,--,--,--,--,--,--,--,--,--,--,--,--,--,--,--,55,44,--,--,--,--,--,--,--,--,--,--,--,--,--,--,--,--,--,--,--,--,--,--,--,--,--,--,--,--,--,--,--,--,--,--
2026/5/15 20:50,--,--,--,--,22.4,10.2,22.4,46,--,--,--,--,8.9,4.5,8.9,74,--,--,--,--,--,--,--,--,--,--,--,--,--,--,--,--,--,--,--,55,44,--,--,--,--,--,--,--,--,--,--,--,--,--,--,--,--,--,--,--,--,--,--,--,--,--,--,--,--,--,--,--,--,--,--
2026/5/15 21:05,--,--,--,--,22.4,10.2,22.4,46,--,--,--,--,8.4,4.6,8.4,77,--,--,--,--,--,--,--,--,--,--,--,--,--,--,--,--,--,--,--,55,44,--,--,--,--,--,--,--,--,--,--,--,--,--,--,--,--,--,--,--,--,--,--,--,--,--,--,--,--,--,--,--,--,--,--
2026/5/15 21:20,--,--,--,--,22.4,9.9,22.4,45,--,--,--,--,8.1,4.5,8.1,78,--,--,--,--,--,--,--,--,--,--,--,--,--,--,--,--,--,--,--,55,44,--,--,--,--,--,--,--,--,--,--,--,--,--,--,--,--,--,--,--,--,--,--,--,--,--,--,--,--,--,--,--,--,--,--
2026/5/15 21:35,--,--,--,--,22.3,9.8,22.3,45,--,--,--,--,7.8,4.2,7.8,78,--,--,--,--,--,--,--,--,--,--,--,--,--,--,--,--,--,--,--,55,44,--,--,--,--,--,--,--,--,--,--,--,--,--,--,--,--,--,--,--,--,--,--,--,--,--,--,--,--,--,--,--,--,--,--
2026/5/15 21:50,--,--,--,--,22.3,9.8,22.3,45,--,--,--,--,7.6,4.2,7.6,79,--,--,--,--,--,--,--,--,--,--,--,--,--,--,--,--,--,--,--,55,44,--,--,--,--,--,--,--,--,--,--,--,--,--,--,--,--,--,--,--,--,--,--,--,--,--,--,--,--,--,--,--,--,--,--
2026/5/15 22:05,--,--,--,--,22.3,9.8,22.3,45,--,--,--,--,7.6,4.4,7.6,80,--,--,--,--,--,--,--,--,--,--,--,--,--,--,--,--,--,--,--,55,44,--,--,--,--,--,--,--,--,--,--,--,--,--,--,--,--,--,--,--,--,--,--,--,--,--,--,--,--,--,--,--,--,--,--
2026/5/15 22:20,--,--,--,--,22.2,9.7,22.2,45,--,--,--,--,7.7,4.5,7.7,80,--,--,--,--,--,--,--,--,--,--,--,--,--,--,--,--,--,--,--,55,44,--,--,--,--,--,--,--,--,--,--,--,--,--,--,--,--,--,--,--,--,--,--,--,--,--,--,--,--,--,--,--,--,--,--
2026/5/15 22:35,--,--,--,--,22.2,9.7,22.2,45,--,--,--,--,7.5,4.3,7.5,80,--,--,--,--,--,--,--,--,--,--,--,--,--,--,--,--,--,--,--,55,44,--,--,--,--,--,--,--,--,--,--,--,--,--,--,--,--,--,--,--,--,--,--,--,--,--,--,--,--,--,--,--,--,--,--
2026/5/15 22:50,--,--,--,--,22.1,9.6,22.1,45,--,--,--,--,7.2,4.2,7.2,81,--,--,--,--,--,--,--,--,--,--,--,--,--,--,--,--,--,--,--,55,44,--,--,--,--,--,--,--,--,--,--,--,--,--,--,--,--,--,--,--,--,--,--,--,--,--,--,--,--,--,--,--,--,--,--
2026/5/15 23:05,--,--,--,--,22.1,9.6,22.1,45,--,--,--,--,6.8,3.9,6.8,82,--,--,--,--,--,--,--,--,--,--,--,--,--,--,--,--,--,--,--,55,44,--,--,--,--,--,--,--,--,--,--,--,--,--,--,--,--,--,--,--,--,--,--,--,--,--,--,--,--,--,--,--,--,--,--
2026/5/15 23:20,--,--,--,--,22.0,9.6,22.0,45,--,--,--,--,6.5,3.8,6.5,83,--,--,--,--,--,--,--,--,--,--,--,--,--,--,--,--,--,--,--,55,44,--,--,--,--,--,--,--,--,--,--,--,--,--,--,--,--,--,--,--,--,--,--,--,--,--,--,--,--,--,--,--,--,--,--
2026/5/15 23:35,--,--,--,--,22.0,9.6,22.0,45,--,--,--,--,6.4,3.9,6.4,84,--,--,--,--,--,--,--,--,--,--,--,--,--,--,--,--,--,--,--,55,44,--,--,--,--,--,--,--,--,--,--,--,--,--,--,--,--,--,--,--,--,--,--,--,--,--,--,--,--,--,--,--,--,--,--
2026/5/15 23:50,--,--,--,--,21.9,9.5,21.9,45,--,--,--,--,6.2,3.9,6.2,85,--,--,--,--,--,--,--,--,--,--,--,--,--,--,--,--,--,--,--,55,44,--,--,--,--,--,--,--,--,--,--,--,--,--,--,--,--,--,--,--,--,--,--,--,--,--,--,--,--,--,--,--,--,--,--
2026/5/16 0:00,--,--,--,--,21.9,9.5,21.9,45,--,--,--,--,6.2,3.9,6.2,85,--,--,--,--,--,--,--,--,--,--,--,--,--,--,--,--,--,--,--,55,44,--,--,--,--,--,--,--,--,--,--,--,--,--,--,--,--,--,--,--,--,--,--,--,--,--,--,--,--,--,--,--,--,--,--
2026/5/16 0:05,--,--,--,--,21.9,9.5,21.9,45,--,--,--,--,6.2,3.9,6.2,85,--,--,--,--,--,--,--,--,--,--,--,--,--,--,--,--,--,--,--,55,44,--,--,--,--,--,--,--,--,--,--,--,--,--,--,--,--,--,--,--,--,--,--,--,--,--,--,--,--,--,--,--,--,--,--
2026/5/16 0:20,--,--,--,--,21.9,9.5,21.9,45,--,--,--,--,6.0,3.9,6.0,86,--,--,--,--,--,--,--,--,--,--,--,--,--,--,--,--,--,--,--,55,44,--,--,--,--,--,--,--,--,--,--,--,--,--,--,--,--,--,--,--,--,--,--,--,--,--,--,--,--,--,--,--,--,--,--
2026/5/16 0:35,--,--,--,--,21.9,9.5,21.9,45,--,--,--,--,5.9,3.8,5.9,86,--,--,--,--,--,--,--,--,--,--,--,--,--,--,--,--,--,--,--,55,44,--,--,--,--,--,--,--,--,--,--,--,--,--,--,--,--,--,--,--,--,--,--,--,--,--,--,--,--,--,--,--,--,--,--
2026/5/16 0:50,--,--,--,--,21.8,9.4,21.8,45,--,--,--,--,5.8,3.7,5.8,86,--,--,--,--,--,--,--,--,--,--,--,--,--,--,--,--,--,--,--,55,44,--,--,--,--,--,--,--,--,--,--,--,--,--,--,--,--,--,--,--,--,--,--,--,--,--,--,--,--,--,--,--,--,--,--
2026/5/16 1:05,--,--,--,--,21.8,9.4,21.8,45,--,--,--,--,5.9,3.8,5.9,86,--,--,--,--,--,--,--,--,--,--,--,--,--,--,--,--,--,--,--,55,44,--,--,--,--,--,--,--,--,--,--,--,--,--,--,--,--,--,--,--,--,--,--,--,--,--,--,--,--,--,--,--,--,--,--
2026/5/16 1:20,--,--,--,--,21.8,9.4,21.8,45,--,--,--,--,5.6,3.5,5.6,86,--,--,--,--,--,--,--,--,--,--,--,--,--,--,--,--,--,--,--,55,44,--,--,--,--,--,--,--,--,--,--,--,--,--,--,--,--,--,--,--,--,--,--,--,--,--,--,--,--,--,--,--,--,--,--
2026/5/16 1:35,--,--,--,--,21.7,9.3,21.7,45,--,--,--,--,5.4,3.3,5.4,86,--,--,--,--,--,--,--,--,--,--,--,--,--,--,--,--,--,--,--,55,44,--,--,--,--,--,--,--,--,--,--,--,--,--,--,--,--,--,--,--,--,--,--,--,--,--,--,--,--,--,--,--,--,--,--
2026/5/16 1:50,--,--,--,--,21.7,9.3,21.7,45,--,--,--,--,5.3,3.3,5.3,87,--,--,--,--,--,--,--,--,--,--,--,--,--,--,--,--,--,--,--,55,44,--,--,--,--,--,--,--,--,--,--,--,--,--,--,--,--,--,--,--,--,--,--,--,--,--,--,--,--,--,--,--,--,--,--
2026/5/16 2:05,--,--,--,--,21.7,9.3,21.7,45,--,--,--,--,5.2,3.2,5.2,87,--,--,--,--,--,--,--,--,--,--,--,--,--,--,--,--,--,--,--,55,44,--,--,--,--,--,--,--,--,--,--,--,--,--,--,--,--,--,--,--,--,--,--,--,--,--,--,--,--,--,--,--,--,--,--
2026/5/16 2:20,--,--,--,--,21.6,9.2,21.6,45,--,--,--,--,5.0,3.0,5.0,87,--,--,--,--,--,--,--,--,--,--,--,--,--,--,--,--,--,--,--,55,44,--,--,--,--,--,--,--,--,--,--,--,--,--,--,--,--,--,--,--,--,--,--,--,--,--,--,--,--,--,--,--,--,--,--
2026/5/16 2:35,--,--,--,--,21.6,9.2,21.6,45,--,--,--,--,4.9,2.9,4.9,87,--,--,--,--,--,--,--,--,--,--,--,--,--,--,--,--,--,--,--,55,44,--,--,--,--,--,--,--,--,--,--,--,--,--,--,--,--,--,--,--,--,--,--,--,--,--,--,--,--,--,--,--,--,--,--
2026/5/16 2:50,--,--,--,--,21.5,9.1,21.5,45,--,--,--,--,4.9,3.0,4.9,88,--,--,--,--,--,--,--,--,--,--,--,--,--,--,--,--,--,--,--,55,44,--,--,--,--,--,--,--,--,--,--,--,--,--,--,--,--,--,--,--,--,--,--,--,--,--,--,--,--,--,--,--,--,--,--
2026/5/16 3:05,--,--,--,--,21.5,9.1,21.5,45,--,--,--,--,4.9,3.0,4.9,88,--,--,--,--,--,--,--,--,--,--,--,--,--,--,--,--,--,--,--,55,44,--,--,--,--,--,--,--,--,--,--,--,--,--,--,--,--,--,--,--,--,--,--,--,--,--,--,--,--,--,--,--,--,--,--
2026/5/16 3:20,--,--,--,--,21.5,9.1,21.5,45,--,--,--,--,4.9,3.2,4.9,89,--,--,--,--,--,--,--,--,--,--,--,--,--,--,--,--,--,--,--,55,44,--,--,--,--,--,--,--,--,--,--,--,--,--,--,--,--,--,--,--,--,--,--,--,--,--,--,--,--,--,--,--,--,--,--
2026/5/16 3:35,--,--,--,--,21.5,9.1,21.5,45,--,--,--,--,4.9,3.2,4.9,89,--,--,--,--,--,--,--,--,--,--,--,--,--,--,--,--,--,--,--,55,44,--,--,--,--,--,--,--,--,--,--,--,--,--,--,--,--,--,--,--,--,--,--,--,--,--,--,--,--,--,--,--,--,--,--
2026/5/16 3:50,--,--,--,--,21.4,9.0,21.4,45,--,--,--,--,4.9,3.2,4.9,89,--,--,--,--,--,--,--,--,--,--,--,--,--,--,--,--,--,--,--,55,44,--,--,--,--,--,--,--,--,--,--,--,--,--,--,--,--,--,--,--,--,--,--,--,--,--,--,--,--,--,--,--,--,--,--
2026/5/16 4:05,--,--,--,--,21.4,9.0,21.4,45,--,--,--,--,4.7,3.0,4.7,89,--,--,--,--,--,--,--,--,--,--,--,--,--,--,--,--,--,--,--,55,44,--,--,--,--,--,--,--,--,--,--,--,--,--,--,--,--,--,--,--,--,--,--,--,--,--,--,--,--,--,--,--,--,--,--
2026/5/16 4:20,--,--,--,--,21.4,8.7,21.4,44,--,--,--,--,4.5,2.8,4.5,89,--,--,--,--,--,--,--,--,--,--,--,--,--,--,--,--,--,--,--,55,44,--,--,--,--,--,--,--,--,--,--,--,--,--,--,--,--,--,--,--,--,--,--,--,--,--,--,--,--,--,--,--,--,--,--
2026/5/16 4:35,--,--,--,--,21.3,8.6,21.3,44,--,--,--,--,4.4,2.7,4.4,89,--,--,--,--,--,--,--,--,--,--,--,--,--,--,--,--,--,--,--,55,44,--,--,--,--,--,--,--,--,--,--,--,--,--,--,--,--,--,--,--,--,--,--,--,--,--,--,--,--,--,--,--,--,--,--
2026/5/16 4:50,--,--,--,--,21.3,8.6,21.3,44,--,--,--,--,4.2,2.7,4.2,90,--,--,--,--,--,--,--,--,--,--,--,--,--,--,--,--,--,--,--,55,44,--,--,--,--,--,--,--,--,--,--,--,--,--,--,--,--,--,--,--,--,--,--,--,--,--,--,--,--,--,--,--,--,--,--
2026/5/16 5:05,--,--,--,--,21.3,8.6,21.3,44,--,--,--,--,4.2,2.7,4.2,90,--,--,--,--,--,--,--,--,--,--,--,--,--,--,--,--,--,--,--,55,44,--,--,--,--,--,--,--,--,--,--,--,--,--,--,--,--,--,--,--,--,--,--,--,--,--,--,--,--,--,--,--,--,--,--
2026/5/16 5:20,--,--,--,--,21.3,8.6,21.3,44,--,--,--,--,4.2,2.7,4.2,90,--,--,--,--,--,--,--,--,--,--,--,--,--,--,--,--,--,--,--,55,44,--,--,--,--,--,--,--,--,--,--,--,--,--,--,--,--,--,--,--,--,--,--,--,--,--,--,--,--,--,--,--,--,--,--
2026/5/16 5:35,--,--,--,--,21.3,8.6,21.3,44,--,--,--,--,4.1,2.6,4.1,90,--,--,--,--,--,--,--,--,--,--,--,--,--,--,--,--,--,--,--,55,44,--,--,--,--,--,--,--,--,--,--,--,--,--,--,--,--,--,--,--,--,--,--,--,--,--,--,--,--,--,--,--,--,--,--
2026/5/16 5:50,--,--,--,--,21.3,8.6,21.3,44,--,--,--,--,4.1,2.6,4.1,90,--,--,--,--,--,--,--,--,--,--,--,--,--,--,--,--,--,--,--,55,44,--,--,--,--,--,--,--,--,--,--,--,--,--,--,--,--,--,--,--,--,--,--,--,--,--,--,--,--,--,--,--,--,--,--
2026/5/16 6:05,--,--,--,--,21.3,8.6,21.3,44,--,--,--,--,4.1,2.6,4.1,90,--,--,--,--,--,--,--,--,--,--,--,--,--,--,--,--,--,--,--,55,44,--,--,--,--,--,--,--,--,--,--,--,--,--,--,--,--,--,--,--,--,--,--,--,--,--,--,--,--,--,--,--,--,--,--
2026/5/16 6:20,--,--,--,--,21.3,8.6,21.3,44,--,--,--,--,4.3,2.8,4.3,90,--,--,--,--,--,--,--,--,--,--,--,--,--,--,--,--,--,--,--,55,44,--,--,--,--,--,--,--,--,--,--,--,--,--,--,--,--,--,--,--,--,--,--,--,--,--,--,--,--,--,--,--,--,--,--
2026/5/16 6:35,--,--,--,--,21.4,8.7,21.4,44,--,--,--,--,4.7,3.2,4.7,90,--,--,--,--,--,--,--,--,--,--,--,--,--,--,--,--,--,--,--,55,44,--,--,--,--,--,--,--,--,--,--,--,--,--,--,--,--,--,--,--,--,--,--,--,--,--,--,--,--,--,--,--,--,--,--
2026/5/16 6:50,--,--,--,--,21.4,8.7,21.4,44,--,--,--,--,5.3,3.8,5.3,90,--,--,--,--,--,--,--,--,--,--,--,--,--,--,--,--,--,--,--,55,44,--,--,--,--,--,--,--,--,--,--,--,--,--,--,--,--,--,--,--,--,--,--,--,--,--,--,--,--,--,--,--,--,--,--
2026/5/16 7:05,--,--,--,--,21.5,8.8,21.5,44,--,--,--,--,6.2,4.5,6.2,89,--,--,--,--,--,--,--,--,--,--,--,--,--,--,--,--,--,--,--,55,44,--,--,--,--,--,--,--,--,--,--,--,--,--,--,--,--,--,--,--,--,--,--,--,--,--,--,--,--,--,--,--,--,--,--
2026/5/16 7:20,--,--,--,--,21.6,8.9,21.6,44,--,--,--,--,7.0,5.0,7.0,87,--,--,--,--,--,--,--,--,--,--,--,--,--,--,--,--,--,--,--,55,44,--,--,--,--,--,--,--,--,--,--,--,--,--,--,--,--,--,--,--,--,--,--,--,--,--,--,--,--,--,--,--,--,--,--
2026/5/16 7:35,--,--,--,--,21.7,8.9,21.7,44,--,--,--,--,7.1,4.7,7.1,85,--,--,--,--,--,--,--,--,--,--,--,--,--,--,--,--,--,--,--,55,44,--,--,--,--,--,--,--,--,--,--,--,--,--,--,--,--,--,--,--,--,--,--,--,--,--,--,--,--,--,--,--,--,--,--
2026/5/16 7:50,--,--,--,--,21.8,9.4,21.8,45,--,--,--,--,9.0,6.3,9.0,83,--,--,--,--,--,--,--,--,--,--,--,--,--,--,--,--,--,--,--,55,44,--,--,--,--,--,--,--,--,--,--,--,--,--,--,--,--,--,--,--,--,--,--,--,--,--,--,--,--,--,--,--,--,--,--
2026/5/16 8:05,--,--,--,--,21.9,9.5,21.9,45,--,--,--,--,9.7,6.6,9.7,81,--,--,--,--,--,--,--,--,--,--,--,--,--,--,--,--,--,--,--,55,44,--,--,--,--,--,--,--,--,--,--,--,--,--,--,--,--,--,--,--,--,--,--,--,--,--,--,--,--,--,--,--,--,--,--
2026/5/16 8:20,--,--,--,--,22.0,9.6,22.0,45,--,--,--,--,10.4,6.5,10.4,77,--,--,--,--,--,--,--,--,--,--,--,--,--,--,--,--,--,--,--,55,44,--,--,--,--,--,--,--,--,--,--,--,--,--,--,--,--,--,--,--,--,--,--,--,--,--,--,--,--,--,--,--,--,--,--
2026/5/16 8:35,--,--,--,--,22.1,9.6,22.1,45,--,--,--,--,10.5,6.3,10.5,75,--,--,--,--,--,--,--,--,--,--,--,--,--,--,--,--,--,--,--,55,44,--,--,--,--,--,--,--,--,--,--,--,--,--,--,--,--,--,--,--,--,--,--,--,--,--,--,--,--,--,--,--,--,--,--
2026/5/16 8:50,--,--,--,--,22.2,10.1,22.2,46,--,--,--,--,10.4,6.0,10.4,74,--,--,--,--,--,--,--,--,--,--,--,--,--,--,--,--,--,--,--,55,44,--,--,--,--,--,--,--,--,--,--,--,--,--,--,--,--,--,--,--,--,--,--,--,--,--,--,--,--,--,--,--,--,--,--
2026/5/16 9:05,--,--,--,--,22.2,9.7,22.2,45,--,--,--,--,11.4,6.3,11.4,71,--,--,--,--,--,--,--,--,--,--,--,--,--,--,--,--,--,--,--,55,44,--,--,--,--,--,--,--,--,--,--,--,--,--,--,--,--,--,--,--,--,--,--,--,--,--,--,--,--,--,--,--,--,--,--
2026/5/16 9:20,--,--,--,--,22.2,9.7,22.2,45,--,--,--,--,10.6,5.2,10.6,69,--,--,--,--,--,--,--,--,--,--,--,--,--,--,--,--,--,--,--,55,44,--,--,--,--,--,--,--,--,--,--,--,--,--,--,--,--,--,--,--,--,--,--,--,--,--,--,--,--,--,--,--,--,--,--
2026/5/16 9:35,--,--,--,--,22.2,9.7,22.2,45,--,--,--,--,8.9,4.5,8.9,74,--,--,--,--,--,--,--,--,--,--,--,--,--,--,--,--,--,--,--,55,44,--,--,--,--,--,--,--,--,--,--,--,--,--,--,--,--,--,--,--,--,--,--,--,--,--,--,--,--,--,--,--,--,--,--
2026/5/16 9:50,--,--,--,--,22.2,9.7,22.2,45,--,--,--,--,9.2,5.2,9.2,76,--,--,--,--,--,--,--,--,--,--,--,--,--,--,--,--,--,--,--,55,44,--,--,--,--,--,--,--,--,--,--,--,--,--,--,--,--,--,--,--,--,--,--,--,--,--,--,--,--,--,--,--,--,--,--
2026/5/16 10:05,--,--,--,--,22.3,9.8,22.3,45,--,--,--,--,10.0,6.0,10.0,76,--,--,--,--,--,--,--,--,--,--,--,--,--,--,--,--,--,--,--,55,44,--,--,--,--,--,--,--,--,--,--,--,--,--,--,--,--,--,--,--,--,--,--,--,--,--,--,--,--,--,--,--,--,--,--
2026/5/16 10:20,--,--,--,--,22.3,9.8,22.3,45,--,--,--,--,13.2,8.0,13.2,71,--,--,--,--,--,--,--,--,--,--,--,--,--,--,--,--,--,--,--,55,44,--,--,--,--,--,--,--,--,--,--,--,--,--,--,--,--,--,--,--,--,--,--,--,--,--,--,--,--,--,--,--,--,--,--
2026/5/16 10:35,--,--,--,--,22.4,9.9,22.4,45,--,--,--,--,19.3,11.4,19.3,60,--,--,--,--,--,--,--,--,--,--,--,--,--,--,--,--,--,--,--,55,44,--,--,--,--,--,--,--,--,--,--,--,--,--,--,--,--,--,--,--,--,--,--,--,--,--,--,--,--,--,--,--,--,--,--
2026/5/16 10:50,--,--,--,--,22.6,10.4,22.6,46,--,--,--,--,22.2,11.6,22.2,51,--,--,--,--,--,--,--,--,--,--,--,--,--,--,--,--,--,--,--,55,44,--,--,--,--,--,--,--,--,--,--,--,--,--,--,--,--,--,--,--,--,--,--,--,--,--,--,--,--,--,--,--,--,--,--
2026/5/16 11:05,--,--,--,--,22.7,10.5,22.7,46,--,--,--,--,21.0,9.6,21.0,48,--,--,--,--,--,--,--,--,--,--,--,--,--,--,--,--,--,--,--,55,44,--,--,--,--,--,--,--,--,--,--,--,--,--,--,--,--,--,--,--,--,--,--,--,--,--,--,--,--,--,--,--,--,--,--
2026/5/16 11:20,--,--,--,--,22.8,10.6,22.8,46,--,--,--,--,21.5,9.7,21.5,47,--,--,--,--,--,--,--,--,--,--,--,--,--,--,--,--,--,--,--,55,44,--,--,--,--,--,--,--,--,--,--,--,--,--,--,--,--,--,--,--,--,--,--,--,--,--,--,--,--,--,--,--,--,--,--
2026/5/16 11:35,--,--,--,--,22.9,10.7,22.9,46,--,--,--,--,18.9,7.0,18.9,46,--,--,--,--,--,--,--,--,--,--,--,--,--,--,--,--,--,--,--,55,44,--,--,--,--,--,--,--,--,--,--,--,--,--,--,--,--,--,--,--,--,--,--,--,--,--,--,--,--,--,--,--,--,--,--
2026/5/16 11:50,--,--,--,--,22.9,10.7,22.9,46,--,--,--,--,17.1,6.6,17.1,50,--,--,--,--,--,--,--,--,--,--,--,--,--,--,--,--,--,--,--,55,44,--,--,--,--,--,--,--,--,--,--,--,--,--,--,--,--,--,--,--,--,--,--,--,--,--,--,--,--,--,--,--,--,--,--
2026/5/16 12:05,--,--,--,--,22.9,10.7,22.9,46,--,--,--,--,23.2,8.5,23.2,39,--,--,--,--,--,--,--,--,--,--,--,--,--,--,--,--,--,--,--,55,44,--,--,--,--,--,--,--,--,--,--,--,--,--,--,--,--,--,--,--,--,--,--,--,--,--,--,--,--,--,--,--,--,--,--
2026/5/16 12:20,--,--,--,--,22.9,10.7,22.9,46,--,--,--,--,20.1,6.1,20.1,40,--,--,--,--,--,--,--,--,--,--,--,--,--,--,--,--,--,--,--,55,44,--,--,--,--,--,--,--,--,--,--,--,--,--,--,--,--,--,--,--,--,--,--,--,--,--,--,--,--,--,--,--,--,--,--
2026/5/16 12:35,--,--,--,--,22.9,10.7,22.9,46,--,--,--,--,18.4,6.3,18.4,45,--,--,--,--,--,--,--,--,--,--,--,--,--,--,--,--,--,--,--,55,44,--,--,--,--,--,--,--,--,--,--,--,--,--,--,--,--,--,--,--,--,--,--,--,--,--,--,--,--,--,--,--,--,--,--
2026/5/16 12:50,--,--,--,--,22.9,10.7,22.9,46,--,--,--,--,21.4,8.3,21.4,43,--,--,--,--,--,--,--,--,--,--,--,--,--,--,--,--,--,--,--,55,44,--,--,--,--,--,--,--,--,--,--,--,--,--,--,--,--,--,--,--,--,--,--,--,--,--,--,--,--,--,--,--,--,--,--
2026/5/16 13:05,--,--,--,--,22.9,10.7,22.9,46,--,--,--,--,19.6,6.0,19.6,41,--,--,--,--,--,--,--,--,--,--,--,--,--,--,--,--,--,--,--,55,44,--,--,--,--,--,--,--,--,--,--,--,--,--,--,--,--,--,--,--,--,--,--,--,--,--,--,--,--,--,--,--,--,--,--
2026/5/16 13:20,--,--,--,--,22.9,10.7,22.9,46,--,--,--,--,19.7,6.8,19.7,43,--,--,--,--,--,--,--,--,--,--,--,--,--,--,--,--,--,--,--,55,44,--,--,--,--,--,--,--,--,--,--,--,--,--,--,--,--,--,--,--,--,--,--,--,--,--,--,--,--,--,--,--,--,--,--
2026/5/16 13:35,--,--,--,--,23.0,10.8,23.0,46,--,--,--,--,25.2,9.1,25.2,36,--,--,--,--,--,--,--,--,--,--,--,--,--,--,--,--,--,--,--,55,44,--,--,--,--,--,--,--,--,--,--,--,--,--,--,--,--,--,--,--,--,--,--,--,--,--,--,--,--,--,--,--,--,--,--
2026/5/16 13:50,--,--,--,--,23.0,10.8,23.0,46,--,--,--,--,29.0,9.2,29.0,29,--,--,--,--,--,--,--,--,--,--,--,--,--,--,--,--,--,--,--,55,44,--,--,--,--,--,--,--,--,--,--,--,--,--,--,--,--,--,--,--,--,--,--,--,--,--,--,--,--,--,--,--,--,--,--
2026/5/16 14:05,--,--,--,--,23.0,10.8,23.0,46,--,--,--,--,30.4,10.4,30.4,29,--,--,--,--,--,--,--,--,--,--,--,--,--,--,--,--,--,--,--,55,44,--,--,--,--,--,--,--,--,--,--,--,--,--,--,--,--,--,--,--,--,--,--,--,--,--,--,--,--,--,--,--,--,--,--
2026/5/16 14:20,--,--,--,--,23.0,10.8,23.0,46,--,--,--,--,26.4,7.9,26.4,31,--,--,--,--,--,--,--,--,--,--,--,--,--,--,--,--,--,--,--,55,44,--,--,--,--,--,--,--,--,--,--,--,--,--,--,--,--,--,--,--,--,--,--,--,--,--,--,--,--,--,--,--,--,--,--
2026/5/16 14:35,--,--,--,--,22.9,10.7,22.9,46,--,--,--,--,21.7,5.2,21.7,34,--,--,--,--,--,--,--,--,--,--,--,--,--,--,--,--,--,--,--,55,44,--,--,--,--,--,--,--,--,--,--,--,--,--,--,--,--,--,--,--,--,--,--,--,--,--,--,--,--,--,--,--,--,--,--
2026/5/16 14:50,--,--,--,--,22.9,10.7,22.9,46,--,--,--,--,19.7,5.0,19.7,38,--,--,--,--,--,--,--,--,--,--,--,--,--,--,--,--,--,--,--,55,44,--,--,--,--,--,--,--,--,--,--,--,--,--,--,--,--,--,--,--,--,--,--,--,--,--,--,--,--,--,--,--,--,--,--
2026/5/16 15:05,--,--,--,--,22.9,10.7,22.9,46,--,--,--,--,19.8,5.8,19.8,40,--,--,--,--,--,--,--,--,--,--,--,--,--,--,--,--,--,--,--,55,44,--,--,--,--,--,--,--,--,--,--,--,--,--,--,--,--,--,--,--,--,--,--,--,--,--,--,--,--,--,--,--,--,--,--
2026/5/16 15:20,--,--,--,--,22.9,10.7,22.9,46,--,--,--,--,20.8,5.6,20.8,37,--,--,--,--,--,--,--,--,--,--,--,--,--,--,--,--,--,--,--,55,44,--,--,--,--,--,--,--,--,--,--,--,--,--,--,--,--,--,--,--,--,--,--,--,--,--,--,--,--,--,--,--,--,--,--
2026/5/16 15:35,--,--,--,--,22.8,10.6,22.8,46,--,--,--,--,19.3,4.7,19.3,38,--,--,--,--,--,--,--,--,--,--,--,--,--,--,--,--,--,--,--,55,44,--,--,--,--,--,--,--,--,--,--,--,--,--,--,--,--,--,--,--,--,--,--,--,--,--,--,--,--,--,--,--,--,--,--
2026/5/16 15:50,--,--,--,--,22.8,10.9,22.8,47,--,--,--,--,18.7,4.5,18.7,39,--,--,--,--,--,--,--,--,--,--,--,--,--,--,--,--,--,--,--,55,44,--,--,--,--,--,--,--,--,--,--,--,--,--,--,--,--,--,--,--,--,--,--,--,--,--,--,--,--,--,--,--,--,--,--
2026/5/16 16:05,--,--,--,--,22.8,10.9,22.8,47,--,--,--,--,16.8,2.8,16.8,39,--,--,--,--,--,--,--,--,--,--,--,--,--,--,--,--,--,--,--,55,44,--,--,--,--,--,--,--,--,--,--,--,--,--,--,--,--,--,--,--,--,--,--,--,--,--,--,--,--,--,--,--,--,--,--
2026/5/16 16:20,--,--,--,--,22.7,10.5,22.7,46,--,--,--,--,18.5,4.7,18.5,40,--,--,--,--,--,--,--,--,--,--,--,--,--,--,--,--,--,--,--,55,44,--,--,--,--,--,--,--,--,--,--,--,--,--,--,--,--,--,--,--,--,--,--,--,--,--,--,--,--,--,--,--,--,--,--
2026/5/16 16:35,--,--,--,--,22.7,10.5,22.7,46,--,--,--,--,19.3,4.3,19.3,37,--,--,--,--,--,--,--,--,--,--,--,--,--,--,--,--,--,--,--,55,44,--,--,--,--,--,--,--,--,--,--,--,--,--,--,--,--,--,--,--,--,--,--,--,--,--,--,--,--,--,--,--,--,--,--
2026/5/16 16:50,--,--,--,--,22.7,10.5,22.7,46,--,--,--,--,19.3,5.4,19.3,40,--,--,--,--,--,--,--,--,--,--,--,--,--,--,--,--,--,--,--,55,44,--,--,--,--,--,--,--,--,--,--,--,--,--,--,--,--,--,--,--,--,--,--,--,--,--,--,--,--,--,--,--,--,--,--
2026/5/16 17:05,--,--,--,--,22.7,10.2,22.7,45,--,--,--,--,21.4,6.9,21.4,39,--,--,--,--,--,--,--,--,--,--,--,--,--,--,--,--,--,--,--,55,44,--,--,--,--,--,--,--,--,--,--,--,--,--,--,--,--,--,--,--,--,--,--,--,--,--,--,--,--,--,--,--,--,--,--
2026/5/16 17:20,--,--,--,--,22.6,9.8,22.6,44,--,--,--,--,24.6,6.4,24.6,31,--,--,--,--,--,--,--,--,--,--,--,--,--,--,--,--,--,--,--,55,44,--,--,--,--,--,--,--,--,--,--,--,--,--,--,--,--,--,--,--,--,--,--,--,--,--,--,--,--,--,--,--,--,--,--
2026/5/16 17:35,--,--,--,--,22.6,9.8,22.6,44,--,--,--,--,22.7,4.7,22.7,31,--,--,--,--,--,--,--,--,--,--,--,--,--,--,--,--,--,--,--,55,44,--,--,--,--,--,--,--,--,--,--,--,--,--,--,--,--,--,--,--,--,--,--,--,--,--,--,--,--,--,--,--,--,--,--
2026/5/16 17:50,--,--,--,--,22.7,9.8,22.7,44,--,--,--,--,23.5,7.2,23.5,35,--,--,--,--,--,--,--,--,--,--,--,--,--,--,--,--,--,--,--,55,44,--,--,--,--,--,--,--,--,--,--,--,--,--,--,--,--,--,--,--,--,--,--,--,--,--,--,--,--,--,--,--,--,--,--
2026/5/16 18:05,--,--,--,--,22.7,10.2,22.7,45,--,--,--,--,22.6,6.4,22.6,35,--,--,--,--,--,--,--,--,--,--,--,--,--,--,--,--,--,--,--,55,44,--,--,--,--,--,--,--,--,--,--,--,--,--,--,--,--,--,--,--,--,--,--,--,--,--,--,--,--,--,--,--,--,--,--
2026/5/16 18:20,--,--,--,--,22.7,10.2,22.7,45,--,--,--,--,19.3,4.7,19.3,38,--,--,--,--,--,--,--,--,--,--,--,--,--,--,--,--,--,--,--,55,44,--,--,--,--,--,--,--,--,--,--,--,--,--,--,--,--,--,--,--,--,--,--,--,--,--,--,--,--,--,--,--,--,--,--
2026/5/16 18:35,--,--,--,--,22.6,10.1,22.6,45,--,--,--,--,17.2,3.8,17.2,41,--,--,--,--,--,--,--,--,--,--,--,--,--,--,--,--,--,--,--,55,44,--,--,--,--,--,--,--,--,--,--,--,--,--,--,--,--,--,--,--,--,--,--,--,--,--,--,--,--,--,--,--,--,--,--
2026/5/16 18:50,--,--,--,--,22.6,10.1,22.6,45,--,--,--,--,15.7,3.2,15.7,43,--,--,--,--,--,--,--,--,--,--,--,--,--,--,--,--,--,--,--,55,44,--,--,--,--,--,--,--,--,--,--,--,--,--,--,--,--,--,--,--,--,--,--,--,--,--,--,--,--,--,--,--,--,--,--
2026/5/16 19:05,--,--,--,--,22.5,10.0,22.5,45,--,--,--,--,14.4,2.9,14.4,46,--,--,--,--,--,--,--,--,--,--,--,--,--,--,--,--,--,--,--,55,44,--,--,--,--,--,--,--,--,--,--,--,--,--,--,--,--,--,--,--,--,--,--,--,--,--,--,--,--,--,--,--,--,--,--
2026/5/16 19:20,--,--,--,--,22.5,10.0,22.5,45,--,--,--,--,13.4,3.5,13.4,51,--,--,--,--,--,--,--,--,--,--,--,--,--,--,--,--,--,--,--,55,44,--,--,--,--,--,--,--,--,--,--,--,--,--,--,--,--,--,--,--,--,--,--,--,--,--,--,--,--,--,--,--,--,--,--
2026/5/16 19:35,--,--,--,--,22.4,9.9,22.4,45,--,--,--,--,12.7,3.4,12.7,53,--,--,--,--,--,--,--,--,--,--,--,--,--,--,--,--,--,--,--,55,44,--,--,--,--,--,--,--,--,--,--,--,--,--,--,--,--,--,--,--,--,--,--,--,--,--,--,--,--,--,--,--,--,--,--
2026/5/16 19:50,--,--,--,--,22.4,9.9,22.4,45,--,--,--,--,12.1,4.1,12.1,58,--,--,--,--,--,--,--,--,--,--,--,--,--,--,--,--,--,--,--,55,44,--,--,--,--,--,--,--,--,--,--,--,--,--,--,--,--,--,--,--,--,--,--,--,--,--,--,--,--,--,--,--,--,--,--
2026/5/16 20:05,--,--,--,--,22.4,9.9,22.4,45,--,--,--,--,11.4,4.1,11.4,61,--,--,--,--,--,--,--,--,--,--,--,--,--,--,--,--,--,--,--,55,44,--,--,--,--,--,--,--,--,--,--,--,--,--,--,--,--,--,--,--,--,--,--,--,--,--,--,--,--,--,--,--,--,--,--
2026/5/16 20:20,--,--,--,--,22.3,9.8,22.3,45,--,--,--,--,10.7,4.2,10.7,64,--,--,--,--,--,--,--,--,--,--,--,--,--,--,--,--,--,--,--,55,44,--,--,--,--,--,--,--,--,--,--,--,--,--,--,--,--,--,--,--,--,--,--,--,--,--,--,--,--,--,--,--,--,--,--
2026/5/16 20:35,--,--,--,--,22.3,9.5,22.3,44,--,--,--,--,10.2,4.3,10.2,67,--,--,--,--,--,--,--,--,--,--,--,--,--,--,--,--,--,--,--,55,44,--,--,--,--,--,--,--,--,--,--,--,--,--,--,--,--,--,--,--,--,--,--,--,--,--,--,--,--,--,--,--,--,--,--
2026/5/16 20:50,--,--,--,--,22.3,9.5,22.3,44,--,--,--,--,9.9,4.7,9.9,70,--,--,--,--,--,--,--,--,--,--,--,--,--,--,--,--,--,--,--,55,44,--,--,--,--,--,--,--,--,--,--,--,--,--,--,--,--,--,--,--,--,--,--,--,--,--,--,--,--,--,--,--,--,--,--
2026/5/16 21:05,--,--,--,--,22.2,9.4,22.2,44,--,--,--,--,9.7,4.7,9.7,71,--,--,--,--,--,--,--,--,--,--,--,--,--,--,--,--,--,--,--,55,44,--,--,--,--,--,--,--,--,--,--,--,--,--,--,--,--,--,--,--,--,--,--,--,--,--,--,--,--,--,--,--,--,--,--
2026/5/16 21:20,--,--,--,--,22.2,9.4,22.2,44,--,--,--,--,9.5,4.9,9.5,73,--,--,--,--,--,--,--,--,--,--,--,--,--,--,--,--,--,--,--,55,44,--,--,--,--,--,--,--,--,--,--,--,--,--,--,--,--,--,--,--,--,--,--,--,--,--,--,--,--,--,--,--,--,--,--
2026/5/16 21:35,--,--,--,--,22.1,9.3,22.1,44,--,--,--,--,9.1,4.9,9.1,75,--,--,--,--,--,--,--,--,--,--,--,--,--,--,--,--,--,--,--,55,44,--,--,--,--,--,--,--,--,--,--,--,--,--,--,--,--,--,--,--,--,--,--,--,--,--,--,--,--,--,--,--,--,--,--
2026/5/16 21:50,--,--,--,--,22.1,9.3,22.1,44,--,--,--,--,9.0,5.0,9.0,76,--,--,--,--,--,--,--,--,--,--,--,--,--,--,--,--,--,--,--,55,44,--,--,--,--,--,--,--,--,--,--,--,--,--,--,--,--,--,--,--,--,--,--,--,--,--,--,--,--,--,--,--,--,--,--
2026/5/16 22:05,--,--,--,--,22.1,9.3,22.1,44,--,--,--,--,8.8,5.2,8.8,78,--,--,--,--,--,--,--,--,--,--,--,--,--,--,--,--,--,--,--,55,44,--,--,--,--,--,--,--,--,--,--,--,--,--,--,--,--,--,--,--,--,--,--,--,--,--,--,--,--,--,--,--,--,--,--
2026/5/16 22:20,--,--,--,--,22.0,9.2,22.0,44,--,--,--,--,8.3,4.7,8.3,78,--,--,--,--,--,--,--,--,--,--,--,--,--,--,--,--,--,--,--,55,44,--,--,--,--,--,--,--,--,--,--,--,--,--,--,--,--,--,--,--,--,--,--,--,--,--,--,--,--,--,--,--,--,--,--
2026/5/16 22:35,--,--,--,--,22.0,9.2,22.0,44,--,--,--,--,7.8,4.6,7.8,80,--,--,--,--,--,--,--,--,--,--,--,--,--,--,--,--,--,--,--,55,44,--,--,--,--,--,--,--,--,--,--,--,--,--,--,--,--,--,--,--,--,--,--,--,--,--,--,--,--,--,--,--,--,--,--
2026/5/16 22:50,--,--,--,--,22.0,9.2,22.0,44,--,--,--,--,7.4,4.3,7.4,81,--,--,--,--,--,--,--,--,--,--,--,--,--,--,--,--,--,--,--,55,44,--,--,--,--,--,--,--,--,--,--,--,--,--,--,--,--,--,--,--,--,--,--,--,--,--,--,--,--,--,--,--,--,--,--
2026/5/16 23:05,--,--,--,--,22.0,9.2,22.0,44,--,--,--,--,7.4,4.5,7.4,82,--,--,--,--,--,--,--,--,--,--,--,--,--,--,--,--,--,--,--,55,44,--,--,--,--,--,--,--,--,--,--,--,--,--,--,--,--,--,--,--,--,--,--,--,--,--,--,--,--,--,--,--,--,--,--
2026/5/16 23:20,--,--,--,--,21.9,9.1,21.9,44,--,--,--,--,7.2,4.5,7.2,83,--,--,--,--,--,--,--,--,--,--,--,--,--,--,--,--,--,--,--,55,44,--,--,--,--,--,--,--,--,--,--,--,--,--,--,--,--,--,--,--,--,--,--,--,--,--,--,--,--,--,--,--,--,--,--
2026/5/16 23:35,--,--,--,--,21.9,9.1,21.9,44,--,--,--,--,6.8,4.3,6.8,84,--,--,--,--,--,--,--,--,--,--,--,--,--,--,--,--,--,--,--,55,44,--,--,--,--,--,--,--,--,--,--,--,--,--,--,--,--,--,--,--,--,--,--,--,--,--,--,--,--,--,--,--,--,--,--
2026/5/16 23:50,--,--,--,--,21.8,9.0,21.8,44,--,--,--,--,6.6,4.1,6.6,84,--,--,--,--,--,--,--,--,--,--,--,--,--,--,--,--,--,--,--,55,44,--,--,--,--,--,--,--,--,--,--,--,--,--,--,--,--,--,--,--,--,--,--,--,--,--,--,--,--,--,--,--,--,--,--
2026/5/17 0:00,--,--,--,--,21.8,9.0,21.8,44,--,--,--,--,6.5,4.2,6.5,85,--,--,--,--,--,--,--,--,--,--,--,--,--,--,--,--,--,--,--,55,44,--,--,--,--,--,--,--,--,--,--,--,--,--,--,--,--,--,--,--,--,--,--,--,--,--,--,--,--,--,--,--,--,--,--
2026/5/17 0:05,--,--,--,--,21.8,9.0,21.8,44,--,--,--,--,6.6,4.3,6.6,85,--,--,--,--,--,--,--,--,--,--,--,--,--,--,--,--,--,--,--,55,44,--,--,--,--,--,--,--,--,--,--,--,--,--,--,--,--,--,--,--,--,--,--,--,--,--,--,--,--,--,--,--,--,--,--
2026/5/17 0:20,--,--,--,--,21.7,8.9,21.7,44,--,--,--,--,6.7,4.4,6.7,85,--,--,--,--,--,--,--,--,--,--,--,--,--,--,--,--,--,--,--,55,44,--,--,--,--,--,--,--,--,--,--,--,--,--,--,--,--,--,--,--,--,--,--,--,--,--,--,--,--,--,--,--,--,--,--
2026/5/17 0:35,--,--,--,--,21.7,8.6,21.7,43,--,--,--,--,6.8,4.5,6.8,85,--,--,--,--,--,--,--,--,--,--,--,--,--,--,--,--,--,--,--,55,44,--,--,--,--,--,--,--,--,--,--,--,--,--,--,--,--,--,--,--,--,--,--,--,--,--,--,--,--,--,--,--,--,--,--
2026/5/17 0:50,--,--,--,--,21.6,8.5,21.6,43,--,--,--,--,6.8,4.5,6.8,85,--,--,--,--,--,--,--,--,--,--,--,--,--,--,--,--,--,--,--,55,44,--,--,--,--,--,--,--,--,--,--,--,--,--,--,--,--,--,--,--,--,--,--,--,--,--,--,--,--,--,--,--,--,--,--
2026/5/17 1:05,--,--,--,--,21.6,8.5,21.6,43,--,--,--,--,6.5,4.2,6.5,85,--,--,--,--,--,--,--,--,--,--,--,--,--,--,--,--,--,--,--,55,44,--,--,--,--,--,--,--,--,--,--,--,--,--,--,--,--,--,--,--,--,--,--,--,--,--,--,--,--,--,--,--,--,--,--
2026/5/17 1:20,--,--,--,--,21.6,8.5,21.6,43,--,--,--,--,6.3,4.0,6.3,85,--,--,--,--,--,--,--,--,--,--,--,--,--,--,--,--,--,--,--,55,44,--,--,--,--,--,--,--,--,--,--,--,--,--,--,--,--,--,--,--,--,--,--,--,--,--,--,--,--,--,--,--,--,--,--
2026/5/17 1:35,--,--,--,--,21.5,8.4,21.5,43,--,--,--,--,6.2,3.9,6.2,85,--,--,--,--,--,--,--,--,--,--,--,--,--,--,--,--,--,--,--,55,44,--,--,--,--,--,--,--,--,--,--,--,--,--,--,--,--,--,--,--,--,--,--,--,--,--,--,--,--,--,--,--,--,--,--
2026/5/17 1:50,--,--,--,--,21.4,8.3,21.4,43,--,--,--,--,6.1,3.8,6.1,85,--,--,--,--,--,--,--,--,--,--,--,--,--,--,--,--,--,--,--,55,44,--,--,--,--,--,--,--,--,--,--,--,--,--,--,--,--,--,--,--,--,--,--,--,--,--,--,--,--,--,--,--,--,--,--
2026/5/17 2:05,--,--,--,--,21.4,8.3,21.4,43,--,--,--,--,5.9,3.6,5.9,85,--,--,--,--,--,--,--,--,--,--,--,--,--,--,--,--,--,--,--,55,44,--,--,--,--,--,--,--,--,--,--,--,--,--,--,--,--,--,--,--,--,--,--,--,--,--,--,--,--,--,--,--,--,--,--
2026/5/17 2:20,--,--,--,--,21.3,8.2,21.3,43,--,--,--,--,5.6,3.5,5.6,86,--,--,--,--,--,--,--,--,--,--,--,--,--,--,--,--,--,--,--,55,44,--,--,--,--,--,--,--,--,--,--,--,--,--,--,--,--,--,--,--,--,--,--,--,--,--,--,--,--,--,--,--,--,--,--
2026/5/17 2:35,--,--,--,--,21.3,7.9,21.3,42,--,--,--,--,5.5,3.5,5.5,87,--,--,--,--,--,--,--,--,--,--,--,--,--,--,--,--,--,--,--,55,44,--,--,--,--,--,--,--,--,--,--,--,--,--,--,--,--,--,--,--,--,--,--,--,--,--,--,--,--,--,--,--,--,--,--
2026/5/17 2:50,--,--,--,--,21.3,7.9,21.3,42,--,--,--,--,5.7,3.7,5.7,87,--,--,--,--,--,--,--,--,--,--,--,--,--,--,--,--,--,--,--,55,44,--,--,--,--,--,--,--,--,--,--,--,--,--,--,--,--,--,--,--,--,--,--,--,--,--,--,--,--,--,--,--,--,--,--
2026/5/17 3:05,--,--,--,--,21.3,7.9,21.3,42,--,--,--,--,5.9,3.9,5.9,87,--,--,--,--,--,--,--,--,--,--,--,--,--,--,--,--,--,--,--,55,44,--,--,--,--,--,--,--,--,--,--,--,--,--,--,--,--,--,--,--,--,--,--,--,--,--,--,--,--,--,--,--,--,--,--
2026/5/17 3:20,--,--,--,--,21.2,7.8,21.2,42,--,--,--,--,6.1,4.1,6.1,87,--,--,--,--,--,--,--,--,--,--,--,--,--,--,--,--,--,--,--,55,44,--,--,--,--,--,--,--,--,--,--,--,--,--,--,--,--,--,--,--,--,--,--,--,--,--,--,--,--,--,--,--,--,--,--
2026/5/17 3:35,--,--,--,--,21.2,7.8,21.2,42,--,--,--,--,6.3,4.2,6.3,86,--,--,--,--,--,--,--,--,--,--,--,--,--,--,--,--,--,--,--,55,44,--,--,--,--,--,--,--,--,--,--,--,--,--,--,--,--,--,--,--,--,--,--,--,--,--,--,--,--,--,--,--,--,--,--
2026/5/17 3:50,--,--,--,--,21.1,7.7,21.1,42,--,--,--,--,6.3,4.2,6.3,86,--,--,--,--,--,--,--,--,--,--,--,--,--,--,--,--,--,--,--,55,44,--,--,--,--,--,--,--,--,--,--,--,--,--,--,--,--,--,--,--,--,--,--,--,--,--,--,--,--,--,--,--,--,--,--
2026/5/17 4:05,--,--,--,--,21.1,7.7,21.1,42,--,--,--,--,6.0,3.9,6.0,86,--,--,--,--,--,--,--,--,--,--,--,--,--,--,--,--,--,--,--,55,44,--,--,--,--,--,--,--,--,--,--,--,--,--,--,--,--,--,--,--,--,--,--,--,--,--,--,--,--,--,--,--,--,--,--
2026/5/17 4:20,--,--,--,--,21.1,7.7,21.1,42,--,--,--,--,5.7,3.6,5.7,86,--,--,--,--,--,--,--,--,--,--,--,--,--,--,--,--,--,--,--,55,44,--,--,--,--,--,--,--,--,--,--,--,--,--,--,--,--,--,--,--,--,--,--,--,--,--,--,--,--,--,--,--,--,--,--
2026/5/17 4:35,--,--,--,--,21.1,7.7,21.1,42,--,--,--,--,5.9,3.9,5.9,87,--,--,--,--,--,--,--,--,--,--,--,--,--,--,--,--,--,--,--,55,44,--,--,--,--,--,--,--,--,--,--,--,--,--,--,--,--,--,--,--,--,--,--,--,--,--,--,--,--,--,--,--,--,--,--
2026/5/17 4:50,--,--,--,--,21.1,7.7,21.1,42,--,--,--,--,6.3,4.2,6.3,86,--,--,--,--,--,--,--,--,--,--,--,--,--,--,--,--,--,--,--,55,44,--,--,--,--,--,--,--,--,--,--,--,--,--,--,--,--,--,--,--,--,--,--,--,--,--,--,--,--,--,--,--,--,--,--
2026/5/17 5:05,--,--,--,--,21.0,7.6,21.0,42,--,--,--,--,6.5,4.2,6.5,85,--,--,--,--,--,--,--,--,--,--,--,--,--,--,--,--,--,--,--,55,44,--,--,--,--,--,--,--,--,--,--,--,--,--,--,--,--,--,--,--,--,--,--,--,--,--,--,--,--,--,--,--,--,--,--
2026/5/17 5:20,--,--,--,--,21.0,7.6,21.0,42,--,--,--,--,6.5,4.2,6.5,85,--,--,--,--,--,--,--,--,--,--,--,--,--,--,--,--,--,--,--,55,44,--,--,--,--,--,--,--,--,--,--,--,--,--,--,--,--,--,--,--,--,--,--,--,--,--,--,--,--,--,--,--,--,--,--
2026/5/17 5:35,--,--,--,--,21.0,7.6,21.0,42,--,--,--,--,6.6,4.3,6.6,85,--,--,--,--,--,--,--,--,--,--,--,--,--,--,--,--,--,--,--,55,44,--,--,--,--,--,--,--,--,--,--,--,--,--,--,--,--,--,--,--,--,--,--,--,--,--,--,--,--,--,--,--,--,--,--
2026/5/17 5:50,--,--,--,--,21.0,7.6,21.0,42,--,--,--,--,6.7,4.4,6.7,85,--,--,--,--,--,--,--,--,--,--,--,--,--,--,--,--,--,--,--,55,44,--,--,--,--,--,--,--,--,--,--,--,--,--,--,--,--,--,--,--,--,--,--,--,--,--,--,--,--,--,--,--,--,--,--
2026/5/17 6:05,--,--,--,--,21.0,7.6,21.0,42,--,--,--,--,6.9,4.4,6.9,84,--,--,--,--,--,--,--,--,--,--,--,--,--,--,--,--,--,--,--,55,44,--,--,--,--,--,--,--,--,--,--,--,--,--,--,--,--,--,--,--,--,--,--,--,--,--,--,--,--,--,--,--,--,--,--
2026/5/17 6:20,--,--,--,--,21.0,7.6,21.0,42,--,--,--,--,7.0,4.5,7.0,84,--,--,--,--,--,--,--,--,--,--,--,--,--,--,--,--,--,--,--,55,44,--,--,--,--,--,--,--,--,--,--,--,--,--,--,--,--,--,--,--,--,--,--,--,--,--,--,--,--,--,--,--,--,--,--
2026/5/17 6:35,--,--,--,--,21.1,7.7,21.1,42,--,--,--,--,7.2,4.7,7.2,84,--,--,--,--,--,--,--,--,--,--,--,--,--,--,--,--,--,--,--,55,44,--,--,--,--,--,--,--,--,--,--,--,--,--,--,--,--,--,--,--,--,--,--,--,--,--,--,--,--,--,--,--,--,--,--
2026/5/17 6:50,--,--,--,--,21.1,7.7,21.1,42,--,--,--,--,7.6,5.1,7.6,84,--,--,--,--,--,--,--,--,--,--,--,--,--,--,--,--,--,--,--,55,44,--,--,--,--,--,--,--,--,--,--,--,--,--,--,--,--,--,--,--,--,--,--,--,--,--,--,--,--,--,--,--,--,--,--
2026/5/17 7:05,--,--,--,--,21.2,8.2,21.2,43,--,--,--,--,8.4,5.7,8.4,83,--,--,--,--,--,--,--,--,--,--,--,--,--,--,--,--,--,--,--,55,44,--,--,--,--,--,--,--,--,--,--,--,--,--,--,--,--,--,--,--,--,--,--,--,--,--,--,--,--,--,--,--,--,--,--
2026/5/17 7:20,--,--,--,--,21.2,8.2,21.2,43,--,--,--,--,8.9,6.0,8.9,82,--,--,--,--,--,--,--,--,--,--,--,--,--,--,--,--,--,--,--,55,44,--,--,--,--,--,--,--,--,--,--,--,--,--,--,--,--,--,--,--,--,--,--,--,--,--,--,--,--,--,--,--,--,--,--
2026/5/17 7:35,--,--,--,--,21.3,8.2,21.3,43,--,--,--,--,9.1,6.0,9.1,81,--,--,--,--,--,--,--,--,--,--,--,--,--,--,--,--,--,--,--,55,44,--,--,--,--,--,--,--,--,--,--,--,--,--,--,--,--,--,--,--,--,--,--,--,--,--,--,--,--,--,--,--,--,--,--
2026/5/17 7:50,--,--,--,--,21.4,8.3,21.4,43,--,--,--,--,9.7,6.6,9.7,81,--,--,--,--,--,--,--,--,--,--,--,--,--,--,--,--,--,--,--,55,44,--,--,--,--,--,--,--,--,--,--,--,--,--,--,--,--,--,--,--,--,--,--,--,--,--,--,--,--,--,--,--,--,--,--
2026/5/17 8:05,--,--,--,--,21.4,8.3,21.4,43,--,--,--,--,11.1,7.4,11.1,78,--,--,--,--,--,--,--,--,--,--,--,--,--,--,--,--,--,--,--,55,44,--,--,--,--,--,--,--,--,--,--,--,--,--,--,--,--,--,--,--,--,--,--,--,--,--,--,--,--,--,--,--,--,--,--
2026/5/17 8:20,--,--,--,--,21.5,8.8,21.5,44,--,--,--,--,12.0,7.5,12.0,74,--,--,--,--,--,--,--,--,--,--,--,--,--,--,--,--,--,--,--,55,44,--,--,--,--,--,--,--,--,--,--,--,--,--,--,--,--,--,--,--,--,--,--,--,--,--,--,--,--,--,--,--,--,--,--
2026/5/17 8:35,--,--,--,--,21.5,8.8,21.5,44,--,--,--,--,12.5,7.8,12.5,73,--,--,--,--,--,--,--,--,--,--,--,--,--,--,--,--,--,--,--,55,44,--,--,--,--,--,--,--,--,--,--,--,--,--,--,--,--,--,--,--,--,--,--,--,--,--,--,--,--,--,--,--,--,--,--
2026/5/17 8:50,--,--,--,--,21.6,8.9,21.6,44,--,--,--,--,13.1,8.0,13.1,71,--,--,--,--,--,--,--,--,--,--,--,--,--,--,--,--,--,--,--,55,44,--,--,--,--,--,--,--,--,--,--,--,--,--,--,--,--,--,--,--,--,--,--,--,--,--,--,--,--,--,--,--,--,--,--
2026/5/17 9:05,--,--,--,--,21.7,8.9,21.7,44,--,--,--,--,13.9,8.5,13.9,70,--,--,--,--,--,--,--,--,--,--,--,--,--,--,--,--,--,--,--,55,44,--,--,--,--,--,--,--,--,--,--,--,--,--,--,--,--,--,--,--,--,--,--,--,--,--,--,--,--,--,--,--,--,--,--
2026/5/17 9:20,--,--,--,--,21.7,8.9,21.7,44,--,--,--,--,15.2,9.1,15.2,67,--,--,--,--,--,--,--,--,--,--,--,--,--,--,--,--,--,--,--,55,44,--,--,--,--,--,--,--,--,--,--,--,--,--,--,--,--,--,--,--,--,--,--,--,--,--,--,--,--,--,--,--,--,--,--
2026/5/17 9:35,--,--,--,--,21.8,9.0,21.8,44,--,--,--,--,15.2,8.2,15.2,63,--,--,--,--,--,--,--,--,--,--,--,--,--,--,--,--,--,--,--,55,44,--,--,--,--,--,--,--,--,--,--,--,--,--,--,--,--,--,--,--,--,--,--,--,--,--,--,--,--,--,--,--,--,--,--
2026/5/17 9:50,--,--,--,--,21.7,8.9,21.7,44,--,--,--,--,14.1,8.0,14.1,67,--,--,--,--,--,--,--,--,--,--,--,--,--,--,--,--,--,--,--,55,44,--,--,--,--,--,--,--,--,--,--,--,--,--,--,--,--,--,--,--,--,--,--,--,--,--,--,--,--,--,--,--,--,--,--
2026/5/17 10:05,--,--,--,--,21.8,9.0,21.8,44,--,--,--,--,14.2,8.4,14.2,68,--,--,--,--,--,--,--,--,--,--,--,--,--,--,--,--,--,--,--,55,44,--,--,--,--,--,--,--,--,--,--,--,--,--,--,--,--,--,--,--,--,--,--,--,--,--,--,--,--,--,--,--,--,--,--
2026/5/17 10:20,--,--,--,--,21.8,9.0,21.8,44,--,--,--,--,14.3,8.7,14.3,69,--,--,--,--,--,--,--,--,--,--,--,--,--,--,--,--,--,--,--,55,44,--,--,--,--,--,--,--,--,--,--,--,--,--,--,--,--,--,--,--,--,--,--,--,--,--,--,--,--,--,--,--,--,--,--
2026/5/17 10:35,--,--,--,--,21.8,9.0,21.8,44,--,--,--,--,14.0,8.4,14.0,69,--,--,--,--,--,--,--,--,--,--,--,--,--,--,--,--,--,--,--,55,44,--,--,--,--,--,--,--,--,--,--,--,--,--,--,--,--,--,--,--,--,--,--,--,--,--,--,--,--,--,--,--,--,--,--
2026/5/17 10:50,--,--,--,--,21.8,9.0,21.8,44,--,--,--,--,14.1,8.7,14.1,70,--,--,--,--,--,--,--,--,--,--,--,--,--,--,--,--,--,--,--,55,44,--,--,--,--,--,--,--,--,--,--,--,--,--,--,--,--,--,--,--,--,--,--,--,--,--,--,--,--,--,--,--,--,--,--
2026/5/17 11:05,--,--,--,--,21.8,9.0,21.8,44,--,--,--,--,14.8,9.6,14.8,71,--,--,--,--,--,--,--,--,--,--,--,--,--,--,--,--,--,--,--,55,44,--,--,--,--,--,--,--,--,--,--,--,--,--,--,--,--,--,--,--,--,--,--,--,--,--,--,--,--,--,--,--,--,--,--
2026/5/17 11:20,--,--,--,--,21.9,9.5,21.9,45,--,--,--,--,15.4,10.0,15.4,70,--,--,--,--,--,--,--,--,--,--,--,--,--,--,--,--,--,--,--,55,44,--,--,--,--,--,--,--,--,--,--,--,--,--,--,--,--,--,--,--,--,--,--,--,--,--,--,--,--,--,--,--,--,--,--
2026/5/17 11:35,--,--,--,--,21.9,9.5,21.9,45,--,--,--,--,15.7,9.8,15.7,68,--,--,--,--,--,--,--,--,--,--,--,--,--,--,--,--,--,--,--,55,44,--,--,--,--,--,--,--,--,--,--,--,--,--,--,--,--,--,--,--,--,--,--,--,--,--,--,--,--,--,--,--,--,--,--
2026/5/17 11:50,--,--,--,--,21.9,9.5,21.9,45,--,--,--,--,16.4,10.0,16.4,66,--,--,--,--,--,--,--,--,--,--,--,--,--,--,--,--,--,--,--,55,44,--,--,--,--,--,--,--,--,--,--,--,--,--,--,--,--,--,--,--,--,--,--,--,--,--,--,--,--,--,--,--,--,--,--
2026/5/17 12:05,--,--,--,--,21.9,9.5,21.9,45,--,--,--,--,18.3,11.6,18.3,65,--,--,--,--,--,--,--,--,--,--,--,--,--,--,--,--,--,--,--,55,44,--,--,--,--,--,--,--,--,--,--,--,--,--,--,--,--,--,--,--,--,--,--,--,--,--,--,--,--,--,--,--,--,--,--
2026/5/17 12:20,--,--,--,--,22.0,9.6,22.0,45,--,--,--,--,18.7,11.3,18.7,62,--,--,--,--,--,--,--,--,--,--,--,--,--,--,--,--,--,--,--,55,44,--,--,--,--,--,--,--,--,--,--,--,--,--,--,--,--,--,--,--,--,--,--,--,--,--,--,--,--,--,--,--,--,--,--
2026/5/17 12:35,--,--,--,--,22.0,9.6,22.0,45,--,--,--,--,18.5,11.1,18.5,62,--,--,--,--,--,--,--,--,--,--,--,--,--,--,--,--,--,--,--,55,44,--,--,--,--,--,--,--,--,--,--,--,--,--,--,--,--,--,--,--,--,--,--,--,--,--,--,--,--,--,--,--,--,--,--
2026/5/17 12:50,--,--,--,--,22.1,10.0,22.1,46,--,--,--,--,19.2,12.0,19.2,63,--,--,--,--,--,--,--,--,--,--,--,--,--,--,--,--,--,--,--,55,44,--,--,--,--,--,--,--,--,--,--,--,--,--,--,--,--,--,--,--,--,--,--,--,--,--,--,--,--,--,--,--,--,--,--
2026/5/17 13:05,--,--,--,--,22.1,10.0,22.1,46,--,--,--,--,18.7,11.8,18.7,64,--,--,--,--,--,--,--,--,--,--,--,--,--,--,--,--,--,--,--,55,44,--,--,--,--,--,--,--,--,--,--,--,--,--,--,--,--,--,--,--,--,--,--,--,--,--,--,--,--,--,--,--,--,--,--
2026/5/17 13:20,--,--,--,--,22.1,10.0,22.1,46,--,--,--,--,19.3,12.6,19.3,65,--,--,--,--,--,--,--,--,--,--,--,--,--,--,--,--,--,--,--,55,44,--,--,--,--,--,--,--,--,--,--,--,--,--,--,--,--,--,--,--,--,--,--,--,--,--,--,--,--,--,--,--,--,--,--
2026/5/17 13:35,--,--,--,--,22.1,10.0,22.1,46,--,--,--,--,20.6,13.1,20.6,62,--,--,--,--,--,--,--,--,--,--,--,--,--,--,--,--,--,--,--,55,44,--,--,--,--,--,--,--,--,--,--,--,--,--,--,--,--,--,--,--,--,--,--,--,--,--,--,--,--,--,--,--,--,--,--
2026/5/17 13:50,--,--,--,--,22.1,10.3,22.1,47,--,--,--,--,21.0,13.0,21.0,60,--,--,--,--,--,--,--,--,--,--,--,--,--,--,--,--,--,--,--,55,44,--,--,--,--,--,--,--,--,--,--,--,--,--,--,--,--,--,--,--,--,--,--,--,--,--,--,--,--,--,--,--,--,--,--
2026/5/17 14:05,--,--,--,--,22.1,10.3,22.1,47,--,--,--,--,21.1,12.8,21.1,59,--,--,--,--,--,--,--,--,--,--,--,--,--,--,--,--,--,--,--,55,44,--,--,--,--,--,--,--,--,--,--,--,--,--,--,--,--,--,--,--,--,--,--,--,--,--,--,--,--,--,--,--,--,--,--
2026/5/17 14:20,--,--,--,--,22.1,10.6,22.1,48,--,--,--,--,19.3,11.6,19.3,61,--,--,--,--,--,--,--,--,--,--,--,--,--,--,--,--,--,--,--,55,44,--,--,--,--,--,--,--,--,--,--,--,--,--,--,--,--,--,--,--,--,--,--,--,--,--,--,--,--,--,--,--,--,--,--
2026/5/17 14:35,--,--,--,--,22.0,10.5,22.0,48,--,--,--,--,18.4,11.5,18.4,64,--,--,--,--,--,--,--,--,--,--,--,--,--,--,--,--,--,--,--,55,44,--,--,--,--,--,--,--,--,--,--,--,--,--,--,--,--,--,--,--,--,--,--,--,--,--,--,--,--,--,--,--,--,--,--
2026/5/17 14:50,--,--,--,--,22.1,10.6,22.1,48,--,--,--,--,19.1,12.1,19.1,64,--,--,--,--,--,--,--,--,--,--,--,--,--,--,--,--,--,--,--,55,44,--,--,--,--,--,--,--,--,--,--,--,--,--,--,--,--,--,--,--,--,--,--,--,--,--,--,--,--,--,--,--,--,--,--
2026/5/17 15:05,--,--,--,--,22.2,10.7,22.2,48,--,--,--,--,19.9,12.7,19.9,63,--,--,--,--,--,--,--,--,--,--,--,--,--,--,--,--,--,--,--,55,44,--,--,--,--,--,--,--,--,--,--,--,--,--,--,--,--,--,--,--,--,--,--,--,--,--,--,--,--,--,--,--,--,--,--
2026/5/17 15:20,--,--,--,--,22.2,11.0,22.2,49,--,--,--,--,19.1,12.1,19.1,64,--,--,--,--,--,--,--,--,--,--,--,--,--,--,--,--,--,--,--,55,44,--,--,--,--,--,--,--,--,--,--,--,--,--,--,--,--,--,--,--,--,--,--,--,--,--,--,--,--,--,--,--,--,--,--
2026/5/17 15:35,--,--,--,--,22.3,11.1,22.3,49,--,--,--,--,20.2,13.2,20.2,64,--,--,--,--,--,--,--,--,--,--,--,--,--,--,--,--,--,--,--,55,44,--,--,--,--,--,--,--,--,--,--,--,--,--,--,--,--,--,--,--,--,--,--,--,--,--,--,--,--,--,--,--,--,--,--
2026/5/17 15:50,--,--,--,--,22.3,11.1,22.3,49,--,--,--,--,20.1,12.9,20.1,63,--,--,--,--,--,--,--,--,--,--,--,--,--,--,--,--,--,--,--,55,44,--,--,--,--,--,--,--,--,--,--,--,--,--,--,--,--,--,--,--,--,--,--,--,--,--,--,--,--,--,--,--,--,--,--
2026/5/17 16:05,--,--,--,--,22.3,11.1,22.3,49,--,--,--,--,18.8,11.9,18.8,64,--,--,--,--,--,--,--,--,--,--,--,--,--,--,--,--,--,--,--,55,44,--,--,--,--,--,--,--,--,--,--,--,--,--,--,--,--,--,--,--,--,--,--,--,--,--,--,--,--,--,--,--,--,--,--
2026/5/17 16:20,--,--,--,--,22.4,11.2,22.4,49,--,--,--,--,18.9,12.2,18.9,65,--,--,--,--,--,--,--,--,--,--,--,--,--,--,--,--,--,--,--,55,44,--,--,--,--,--,--,--,--,--,--,--,--,--,--,--,--,--,--,--,--,--,--,--,--,--,--,--,--,--,--,--,--,--,--
2026/5/17 16:35,--,--,--,--,22.4,11.2,22.4,49,--,--,--,--,20.0,13.0,20.0,64,--,--,--,--,--,--,--,--,--,--,--,--,--,--,--,--,--,--,--,55,44,--,--,--,--,--,--,--,--,--,--,--,--,--,--,--,--,--,--,--,--,--,--,--,--,--,--,--,--,--,--,--,--,--,--
2026/5/17 16:50,--,--,--,--,22.5,11.3,22.5,49,--,--,--,--,20.4,13.1,20.4,63,--,--,--,--,--,--,--,--,--,--,--,--,--,--,--,--,--,--,--,55,44,--,--,--,--,--,--,--,--,--,--,--,--,--,--,--,--,--,--,--,--,--,--,--,--,--,--,--,--,--,--,--,--,--,--
2026/5/17 17:05,--,--,--,--,22.4,11.2,22.4,49,--,--,--,--,19.7,12.0,19.7,61,--,--,--,--,--,--,--,--,--,--,--,--,--,--,--,--,--,--,--,55,44,--,--,--,--,--,--,--,--,--,--,--,--,--,--,--,--,--,--,--,--,--,--,--,--,--,--,--,--,--,--,--,--,--,--
2026/5/17 17:20,--,--,--,--,22.4,11.2,22.4,49,--,--,--,--,19.4,11.9,19.4,62,--,--,--,--,--,--,--,--,--,--,--,--,--,--,--,--,--,--,--,55,44,--,--,--,--,--,--,--,--,--,--,--,--,--,--,--,--,--,--,--,--,--,--,--,--,--,--,--,--,--,--,--,--,--,--
2026/5/17 17:35,--,--,--,--,22.4,10.9,22.4,48,--,--,--,--,18.6,11.4,18.6,63,--,--,--,--,--,--,--,--,--,--,--,--,--,--,--,--,--,--,--,55,44,--,--,--,--,--,--,--,--,--,--,--,--,--,--,--,--,--,--,--,--,--,--,--,--,--,--,--,--,--,--,--,--,--,--
2026/5/17 17:50,--,--,--,--,22.5,11.0,22.5,48,--,--,--,--,17.8,11.4,17.8,66,--,--,--,--,--,--,--,--,--,--,--,--,--,--,--,--,--,--,--,55,44,--,--,--,--,--,--,--,--,--,--,--,--,--,--,--,--,--,--,--,--,--,--,--,--,--,--,--,--,--,--,--,--,--,--
2026/5/17 18:05,--,--,--,--,22.4,10.9,22.4,48,--,--,--,--,17.2,11.0,17.2,67,--,--,--,--,--,--,--,--,--,--,--,--,--,--,--,--,--,--,--,55,44,--,--,--,--,--,--,--,--,--,--,--,--,--,--,--,--,--,--,--,--,--,--,--,--,--,--,--,--,--,--,--,--,--,--
2026/5/17 18:20,--,--,--,--,22.4,10.9,22.4,48,--,--,--,--,16.9,11.4,16.9,70,--,--,--,--,--,--,--,--,--,--,--,--,--,--,--,--,--,--,--,55,44,--,--,--,--,--,--,--,--,--,--,--,--,--,--,--,--,--,--,--,--,--,--,--,--,--,--,--,--,--,--,--,--,--,--
2026/5/17 18:35,--,--,--,--,22.5,11.3,22.5,49,--,--,--,--,16.9,11.4,16.9,70,--,--,--,--,--,--,--,--,--,--,--,--,--,--,--,--,--,--,--,55,44,--,--,--,--,--,--,--,--,--,--,--,--,--,--,--,--,--,--,--,--,--,--,--,--,--,--,--,--,--,--,--,--,--,--
2026/5/17 18:50,--,--,--,--,22.5,11.3,22.5,49,--,--,--,--,16.4,11.1,16.4,71,--,--,--,--,--,--,--,--,--,--,--,--,--,--,--,--,--,--,--,55,44,--,--,--,--,--,--,--,--,--,--,--,--,--,--,--,--,--,--,--,--,--,--,--,--,--,--,--,--,--,--,--,--,--,--
2026/5/17 19:05,--,--,--,--,22.6,11.4,22.6,49,--,--,--,--,16.3,11.7,16.3,74,--,--,--,--,--,--,--,--,--,--,--,--,--,--,--,--,--,--,--,55,44,--,--,--,--,--,--,--,--,--,--,--,--,--,--,--,--,--,--,--,--,--,--,--,--,--,--,--,--,--,--,--,--,--,--
2026/5/17 19:20,--,--,--,--,22.6,11.4,22.6,49,--,--,--,--,15.9,11.7,15.9,76,--,--,--,--,--,--,--,--,--,--,--,--,--,--,--,--,--,--,--,55,44,--,--,--,--,--,--,--,--,--,--,--,--,--,--,--,--,--,--,--,--,--,--,--,--,--,--,--,--,--,--,--,--,--,--
2026/5/17 19:35,--,--,--,--,22.6,11.4,22.6,49,--,--,--,--,15.3,11.7,15.3,79,--,--,--,--,--,--,--,--,--,--,--,--,--,--,--,--,--,--,--,55,44,--,--,--,--,--,--,--,--,--,--,--,--,--,--,--,--,--,--,--,--,--,--,--,--,--,--,--,--,--,--,--,--,--,--
2026/5/17 19:50,--,--,--,--,22.5,11.0,22.5,48,--,--,--,--,15.1,11.9,15.1,81,--,--,--,--,--,--,--,--,--,--,--,--,--,--,--,--,--,--,--,55,44,--,--,--,--,--,--,--,--,--,--,--,--,--,--,--,--,--,--,--,--,--,--,--,--,--,--,--,--,--,--,--,--,--,--
2026/5/17 20:05,--,--,--,--,22.4,10.9,22.4,48,--,--,--,--,14.7,11.7,14.7,82,--,--,--,--,--,--,--,--,--,--,--,--,--,--,--,--,--,--,--,55,44,--,--,--,--,--,--,--,--,--,--,--,--,--,--,--,--,--,--,--,--,--,--,--,--,--,--,--,--,--,--,--,--,--,--
2026/5/17 20:20,--,--,--,--,22.3,11.1,22.3,49,--,--,--,--,14.4,11.5,14.4,83,--,--,--,--,--,--,--,--,--,--,--,--,--,--,--,--,--,--,--,55,44,--,--,--,--,--,--,--,--,--,--,--,--,--,--,--,--,--,--,--,--,--,--,--,--,--,--,--,--,--,--,--,--,--,--
2026/5/17 20:35,--,--,--,--,22.3,11.1,22.3,49,--,--,--,--,14.0,11.3,14.0,84,--,--,--,--,--,--,--,--,--,--,--,--,--,--,--,--,--,--,--,55,44,--,--,--,--,--,--,--,--,--,--,--,--,--,--,--,--,--,--,--,--,--,--,--,--,--,--,--,--,--,--,--,--,--,--
2026/5/17 20:50,--,--,--,--,22.3,11.1,22.3,49,--,--,--,--,13.5,11.0,13.5,85,--,--,--,--,--,--,--,--,--,--,--,--,--,--,--,--,--,--,--,55,44,--,--,--,--,--,--,--,--,--,--,--,--,--,--,--,--,--,--,--,--,--,--,--,--,--,--,--,--,--,--,--,--,--,--
2026/5/17 21:05,--,--,--,--,22.2,11.0,22.2,49,--,--,--,--,13.1,10.8,13.1,86,--,--,--,--,--,--,--,--,--,--,--,--,--,--,--,--,--,--,--,55,44,--,--,--,--,--,--,--,--,--,--,--,--,--,--,--,--,--,--,--,--,--,--,--,--,--,--,--,--,--,--,--,--,--,--
2026/5/17 21:20,--,--,--,--,22.3,11.4,22.3,50,--,--,--,--,12.6,10.5,12.6,87,--,--,--,--,--,--,--,--,--,--,--,--,--,--,--,--,--,--,--,55,44,--,--,--,--,--,--,--,--,--,--,--,--,--,--,--,--,--,--,--,--,--,--,--,--,--,--,--,--,--,--,--,--,--,--
2026/5/17 21:35,--,--,--,--,22.4,11.5,22.4,50,--,--,--,--,12.4,10.4,12.4,88,--,--,--,--,--,--,--,--,--,--,--,--,--,--,--,--,--,--,--,55,44,--,--,--,--,--,--,--,--,--,--,--,--,--,--,--,--,--,--,--,--,--,--,--,--,--,--,--,--,--,--,--,--,--,--
2026/5/17 21:50,--,--,--,--,22.5,11.6,22.5,50,--,--,--,--,12.2,10.4,12.2,89,--,--,--,--,--,--,--,--,--,--,--,--,--,--,--,--,--,--,--,55,44,--,--,--,--,--,--,--,--,--,--,--,--,--,--,--,--,--,--,--,--,--,--,--,--,--,--,--,--,--,--,--,--,--,--
2026/5/17 22:05,--,--,--,--,22.5,11.6,22.5,50,--,--,--,--,12.1,10.3,12.1,89,--,--,--,--,--,--,--,--,--,--,--,--,--,--,--,--,--,--,--,55,44,--,--,--,--,--,--,--,--,--,--,--,--,--,--,--,--,--,--,--,--,--,--,--,--,--,--,--,--,--,--,--,--,--,--
2026/5/17 22:20,--,--,--,--,22.4,11.5,22.4,50,--,--,--,--,11.9,10.3,11.9,90,--,--,--,--,--,--,--,--,--,--,--,--,--,--,--,--,--,--,--,55,44,--,--,--,--,--,--,--,--,--,--,--,--,--,--,--,--,--,--,--,--,--,--,--,--,--,--,--,--,--,--,--,--,--,--
2026/5/17 22:35,--,--,--,--,22.3,11.1,22.3,49,--,--,--,--,11.7,10.1,11.7,90,--,--,--,--,--,--,--,--,--,--,--,--,--,--,--,--,--,--,--,55,44,--,--,--,--,--,--,--,--,--,--,--,--,--,--,--,--,--,--,--,--,--,--,--,--,--,--,--,--,--,--,--,--,--,--
2026/5/17 22:50,--,--,--,--,22.3,11.1,22.3,49,--,--,--,--,11.6,10.0,11.6,90,--,--,--,--,--,--,--,--,--,--,--,--,--,--,--,--,--,--,--,55,44,--,--,--,--,--,--,--,--,--,--,--,--,--,--,--,--,--,--,--,--,--,--,--,--,--,--,--,--,--,--,--,--,--,--
2026/5/17 23:05,--,--,--,--,22.2,11.0,22.2,49,--,--,--,--,11.6,10.2,11.6,91,--,--,--,--,--,--,--,--,--,--,--,--,--,--,--,--,--,--,--,55,44,--,--,--,--,--,--,--,--,--,--,--,--,--,--,--,--,--,--,--,--,--,--,--,--,--,--,--,--,--,--,--,--,--,--
2026/5/17 23:20,--,--,--,--,22.2,11.0,22.2,49,--,--,--,--,11.5,10.1,11.5,91,--,--,--,--,--,--,--,--,--,--,--,--,--,--,--,--,--,--,--,55,44,--,--,--,--,--,--,--,--,--,--,--,--,--,--,--,--,--,--,--,--,--,--,--,--,--,--,--,--,--,--,--,--,--,--
2026/5/17 23:35,--,--,--,--,22.1,10.9,22.1,49,--,--,--,--,11.4,10.0,11.4,91,--,--,--,--,--,--,--,--,--,--,--,--,--,--,--,--,--,--,--,55,44,--,--,--,--,--,--,--,--,--,--,--,--,--,--,--,--,--,--,--,--,--,--,--,--,--,--,--,--,--,--,--,--,--,--
2026/5/17 23:50,--,--,--,--,22.1,10.9,22.1,49,--,--,--,--,11.3,9.9,11.3,91,--,--,--,--,--,--,--,--,--,--,--,--,--,--,--,--,--,--,--,55,44,--,--,--,--,--,--,--,--,--,--,--,--,--,--,--,--,--,--,--,--,--,--,--,--,--,--,--,--,--,--,--,--,--,--
2026/5/17 23:59,--,--,--,--,22.1,10.9,22.1,49,--,--,--,--,11.2,10.0,11.2,92,--,--,--,--,--,--,--,--,--,--,--,--,--,--,--,--,--,--,--,55,44,--,--,--,--,--,--,--,--,--,--,--,--,--,--,--,--,--,--,--,--,--,--,--,--,--,--,--,--,--,--,--,--,--,--
2026/5/18 0:00,--,--,--,--,22.1,10.9,22.1,49,--,--,--,--,11.2,10.0,11.2,92,--,--,--,--,--,--,--,--,--,--,--,--,--,--,--,--,--,--,--,55,44,--,--,--,--,--,--,--,--,--,--,--,--,--,--,--,--,--,--,--,--,--,--,--,--,--,--,--,--,--,--,--,--,--,--
2026/5/18 0:05,--,--,--,--,22.1,10.9,22.1,49,--,--,--,--,11.2,10.0,11.2,92,--,--,--,--,--,--,--,--,--,--,--,--,--,--,--,--,--,--,--,55,44,--,--,--,--,--,--,--,--,--,--,--,--,--,--,--,--,--,--,--,--,--,--,--,--,--,--,--,--,--,--,--,--,--,--
2026/5/18 0:20,--,--,--,--,22.0,10.8,22.0,49,--,--,--,--,11.1,9.9,11.1,92,--,--,--,--,--,--,--,--,--,--,--,--,--,--,--,--,--,--,--,55,44,--,--,--,--,--,--,--,--,--,--,--,--,--,--,--,--,--,--,--,--,--,--,--,--,--,--,--,--,--,--,--,--,--,--
2026/5/18 0:35,--,--,--,--,22.0,10.8,22.0,49,--,--,--,--,11.1,9.9,11.1,92,--,--,--,--,--,--,--,--,--,--,--,--,--,--,--,--,--,--,--,55,44,--,--,--,--,--,--,--,--,--,--,--,--,--,--,--,--,--,--,--,--,--,--,--,--,--,--,--,--,--,--,--,--,--,--
2026/5/18 0:50,--,--,--,--,22.0,10.8,22.0,49,--,--,--,--,11.1,9.9,11.1,92,--,--,--,--,--,--,--,--,--,--,--,--,--,--,--,--,--,--,--,55,44,--,--,--,--,--,--,--,--,--,--,--,--,--,--,--,--,--,--,--,--,--,--,--,--,--,--,--,--,--,--,--,--,--,--
2026/5/18 1:05,--,--,--,--,22.0,10.8,22.0,49,--,--,--,--,10.9,9.7,10.9,92,--,--,--,--,--,--,--,--,--,--,--,--,--,--,--,--,--,--,--,55,44,--,--,--,--,--,--,--,--,--,--,--,--,--,--,--,--,--,--,--,--,--,--,--,--,--,--,--,--,--,--,--,--,--,--
2026/5/18 1:20,--,--,--,--,21.9,10.7,21.9,49,--,--,--,--,10.8,9.7,10.8,93,--,--,--,--,--,--,--,--,--,--,--,--,--,--,--,--,--,--,--,55,44,--,--,--,--,--,--,--,--,--,--,--,--,--,--,--,--,--,--,--,--,--,--,--,--,--,--,--,--,--,--,--,--,--,--
2026/5/18 1:35,--,--,--,--,22.0,10.8,22.0,49,--,--,--,--,10.6,9.4,10.6,92,--,--,--,--,--,--,--,--,--,--,--,--,--,--,--,--,--,--,--,55,44,--,--,--,--,--,--,--,--,--,--,--,--,--,--,--,--,--,--,--,--,--,--,--,--,--,--,--,--,--,--,--,--,--,--
2026/5/18 1:50,--,--,--,--,21.9,10.7,21.9,49,--,--,--,--,10.4,9.2,10.4,92,--,--,--,--,--,--,--,--,--,--,--,--,--,--,--,--,--,--,--,55,44,--,--,--,--,--,--,--,--,--,--,--,--,--,--,--,--,--,--,--,--,--,--,--,--,--,--,--,--,--,--,--,--,--,--
2026/5/18 2:05,--,--,--,--,21.9,10.7,21.9,49,--,--,--,--,10.2,9.0,10.2,92,--,--,--,--,--,--,--,--,--,--,--,--,--,--,--,--,--,--,--,55,44,--,--,--,--,--,--,--,--,--,--,--,--,--,--,--,--,--,--,--,--,--,--,--,--,--,--,--,--,--,--,--,--,--,--
2026/5/18 2:20,--,--,--,--,21.9,10.7,21.9,49,--,--,--,--,9.8,8.7,9.8,93,--,--,--,--,--,--,--,--,--,--,--,--,--,--,--,--,--,--,--,55,44,--,--,--,--,--,--,--,--,--,--,--,--,--,--,--,--,--,--,--,--,--,--,--,--,--,--,--,--,--,--,--,--,--,--
2026/5/18 2:35,--,--,--,--,21.9,10.7,21.9,49,--,--,--,--,9.6,8.5,9.6,93,--,--,--,--,--,--,--,--,--,--,--,--,--,--,--,--,--,--,--,55,44,--,--,--,--,--,--,--,--,--,--,--,--,--,--,--,--,--,--,--,--,--,--,--,--,--,--,--,--,--,--,--,--,--,--
2026/5/18 2:50,--,--,--,--,21.8,10.3,21.8,48,--,--,--,--,9.3,8.2,9.3,93,--,--,--,--,--,--,--,--,--,--,--,--,--,--,--,--,--,--,--,55,44,--,--,--,--,--,--,--,--,--,--,--,--,--,--,--,--,--,--,--,--,--,--,--,--,--,--,--,--,--,--,--,--,--,--
2026/5/18 3:05,--,--,--,--,21.8,10.3,21.8,48,--,--,--,--,9.4,8.3,9.4,93,--,--,--,--,--,--,--,--,--,--,--,--,--,--,--,--,--,--,--,55,44,--,--,--,--,--,--,--,--,--,--,--,--,--,--,--,--,--,--,--,--,--,--,--,--,--,--,--,--,--,--,--,--,--,--
2026/5/18 3:20,--,--,--,--,21.8,10.3,21.8,48,--,--,--,--,9.6,8.5,9.6,93,--,--,--,--,--,--,--,--,--,--,--,--,--,--,--,--,--,--,--,55,44,--,--,--,--,--,--,--,--,--,--,--,--,--,--,--,--,--,--,--,--,--,--,--,--,--,--,--,--,--,--,--,--,--,--
2026/5/18 3:35,--,--,--,--,21.8,10.3,21.8,48,--,--,--,--,9.7,8.6,9.7,93,--,--,--,--,--,--,--,--,--,--,--,--,--,--,--,--,--,--,--,55,44,--,--,--,--,--,--,--,--,--,--,--,--,--,--,--,--,--,--,--,--,--,--,--,--,--,--,--,--,--,--,--,--,--,--
2026/5/18 3:50,--,--,--,--,21.8,10.3,21.8,48,--,--,--,--,9.7,8.7,9.7,94,--,--,--,--,--,--,--,--,--,--,--,--,--,--,--,--,--,--,--,55,44,--,--,--,--,--,--,--,--,--,--,--,--,--,--,--,--,--,--,--,--,--,--,--,--,--,--,--,--,--,--,--,--,--,--
2026/5/18 4:05,--,--,--,--,21.8,10.3,21.8,48,--,--,--,--,9.8,8.8,9.8,94,--,--,--,--,--,--,--,--,--,--,--,--,--,--,--,--,--,--,--,55,44,--,--,--,--,--,--,--,--,--,--,--,--,--,--,--,--,--,--,--,--,--,--,--,--,--,--,--,--,--,--,--,--,--,--
2026/5/18 4:20,--,--,--,--,21.7,10.2,21.7,48,--,--,--,--,9.9,8.9,9.9,94,--,--,--,--,--,--,--,--,--,--,--,--,--,--,--,--,--,--,--,55,44,--,--,--,--,--,--,--,--,--,--,--,--,--,--,--,--,--,--,--,--,--,--,--,--,--,--,--,--,--,--,--,--,--,--
2026/5/18 4:35,--,--,--,--,21.7,10.2,21.7,48,--,--,--,--,9.9,8.9,9.9,94,--,--,--,--,--,--,--,--,--,--,--,--,--,--,--,--,--,--,--,55,44,--,--,--,--,--,--,--,--,--,--,--,--,--,--,--,--,--,--,--,--,--,--,--,--,--,--,--,--,--,--,--,--,--,--
2026/5/18 4:50,--,--,--,--,21.7,10.2,21.7,48,--,--,--,--,9.9,8.9,9.9,94,--,--,--,--,--,--,--,--,--,--,--,--,--,--,--,--,--,--,--,55,44,--,--,--,--,--,--,--,--,--,--,--,--,--,--,--,--,--,--,--,--,--,--,--,--,--,--,--,--,--,--,--,--,--,--
2026/5/18 5:05,--,--,--,--,21.7,10.2,21.7,48,--,--,--,--,9.9,8.9,9.9,94,--,--,--,--,--,--,--,--,--,--,--,--,--,--,--,--,--,--,--,55,44,--,--,--,--,--,--,--,--,--,--,--,--,--,--,--,--,--,--,--,--,--,--,--,--,--,--,--,--,--,--,--,--,--,--
2026/5/18 5:20,--,--,--,--,21.7,10.2,21.7,48,--,--,--,--,9.9,8.9,9.9,94,--,--,--,--,--,--,--,--,--,--,--,--,--,--,--,--,--,--,--,55,44,--,--,--,--,--,--,--,--,--,--,--,--,--,--,--,--,--,--,--,--,--,--,--,--,--,--,--,--,--,--,--,--,--,--
2026/5/18 5:35,--,--,--,--,21.7,10.5,21.7,49,--,--,--,--,9.9,8.9,9.9,94,--,--,--,--,--,--,--,--,--,--,--,--,--,--,--,--,--,--,--,55,44,--,--,--,--,--,--,--,--,--,--,--,--,--,--,--,--,--,--,--,--,--,--,--,--,--,--,--,--,--,--,--,--,--,--
2026/5/18 5:50,--,--,--,--,21.8,10.6,21.8,49,--,--,--,--,9.8,8.8,9.8,94,--,--,--,--,--,--,--,--,--,--,--,--,--,--,--,--,--,--,--,55,44,--,--,--,--,--,--,--,--,--,--,--,--,--,--,--,--,--,--,--,--,--,--,--,--,--,--,--,--,--,--,--,--,--,--
2026/5/18 6:05,--,--,--,--,21.9,10.7,21.9,49,--,--,--,--,9.9,8.9,9.9,94,--,--,--,--,--,--,--,--,--,--,--,--,--,--,--,--,--,--,--,55,44,--,--,--,--,--,--,--,--,--,--,--,--,--,--,--,--,--,--,--,--,--,--,--,--,--,--,--,--,--,--,--,--,--,--
2026/5/18 6:20,--,--,--,--,21.9,10.7,21.9,49,--,--,--,--,10.0,9.2,10.0,95,--,--,--,--,--,--,--,--,--,--,--,--,--,--,--,--,--,--,--,55,44,--,--,--,--,--,--,--,--,--,--,--,--,--,--,--,--,--,--,--,--,--,--,--,--,--,--,--,--,--,--,--,--,--,--
2026/5/18 6:35,--,--,--,--,22.0,10.8,22.0,49,--,--,--,--,10.2,9.4,10.2,95,--,--,--,--,--,--,--,--,--,--,--,--,--,--,--,--,--,--,--,55,44,--,--,--,--,--,--,--,--,--,--,--,--,--,--,--,--,--,--,--,--,--,--,--,--,--,--,--,--,--,--,--,--,--,--
2026/5/18 6:50,--,--,--,--,22.0,10.8,22.0,49,--,--,--,--,10.4,9.6,10.4,95,--,--,--,--,--,--,--,--,--,--,--,--,--,--,--,--,--,--,--,55,44,--,--,--,--,--,--,--,--,--,--,--,--,--,--,--,--,--,--,--,--,--,--,--,--,--,--,--,--,--,--,--,--,--,--
2026/5/18 7:05,--,--,--,--,22.1,11.2,22.1,50,--,--,--,--,10.6,9.8,10.6,95,--,--,--,--,--,--,--,--,--,--,--,--,--,--,--,--,--,--,--,55,44,--,--,--,--,--,--,--,--,--,--,--,--,--,--,--,--,--,--,--,--,--,--,--,--,--,--,--,--,--,--,--,--,--,--
2026/5/18 7:20,--,--,--,--,22.1,10.9,22.1,49,--,--,--,--,10.8,10.0,10.8,95,--,--,--,--,--,--,--,--,--,--,--,--,--,--,--,--,--,--,--,55,44,--,--,--,--,--,--,--,--,--,--,--,--,--,--,--,--,--,--,--,--,--,--,--,--,--,--,--,--,--,--,--,--,--,--
2026/5/18 7:35,--,--,--,--,22.1,11.2,22.1,50,--,--,--,--,10.9,10.1,10.9,95,--,--,--,--,--,--,--,--,--,--,--,--,--,--,--,--,--,--,--,55,44,--,--,--,--,--,--,--,--,--,--,--,--,--,--,--,--,--,--,--,--,--,--,--,--,--,--,--,--,--,--,--,--,--,--
2026/5/18 7:50,--,--,--,--,22.2,11.3,22.2,50,--,--,--,--,11.2,10.4,11.2,95,--,--,--,--,--,--,--,--,--,--,--,--,--,--,--,--,--,--,--,55,44,--,--,--,--,--,--,--,--,--,--,--,--,--,--,--,--,--,--,--,--,--,--,--,--,--,--,--,--,--,--,--,--,--,--
2026/5/18 8:05,--,--,--,--,22.1,11.2,22.1,50,--,--,--,--,11.5,10.5,11.5,94,--,--,--,--,--,--,--,--,--,--,--,--,--,--,--,--,--,--,--,55,44,--,--,--,--,--,--,--,--,--,--,--,--,--,--,--,--,--,--,--,--,--,--,--,--,--,--,--,--,--,--,--,--,--,--
2026/5/18 8:20,--,--,--,--,22.1,11.2,22.1,50,--,--,--,--,11.6,10.6,11.6,94,--,--,--,--,--,--,--,--,--,--,--,--,--,--,--,--,--,--,--,55,44,--,--,--,--,--,--,--,--,--,--,--,--,--,--,--,--,--,--,--,--,--,--,--,--,--,--,--,--,--,--,--,--,--,--
2026/5/18 8:35,--,--,--,--,22.1,11.2,22.1,50,--,--,--,--,11.6,10.5,11.6,93,--,--,--,--,--,--,--,--,--,--,--,--,--,--,--,--,--,--,--,55,44,--,--,--,--,--,--,--,--,--,--,--,--,--,--,--,--,--,--,--,--,--,--,--,--,--,--,--,--,--,--,--,--,--,--
2026/5/18 8:50,--,--,--,--,22.1,11.2,22.1,50,--,--,--,--,11.8,10.7,11.8,93,--,--,--,--,--,--,--,--,--,--,--,--,--,--,--,--,--,--,--,55,44,--,--,--,--,--,--,--,--,--,--,--,--,--,--,--,--,--,--,--,--,--,--,--,--,--,--,--,--,--,--,--,--,--,--
2026/5/18 9:05,--,--,--,--,22.1,11.2,22.1,50,--,--,--,--,12.3,11.1,12.3,92,--,--,--,--,--,--,--,--,--,--,--,--,--,--,--,--,--,--,--,55,44,--,--,--,--,--,--,--,--,--,--,--,--,--,--,--,--,--,--,--,--,--,--,--,--,--,--,--,--,--,--,--,--,--,--
2026/5/18 9:20,--,--,--,--,22.1,11.2,22.1,50,--,--,--,--,12.3,10.9,12.3,91,--,--,--,--,--,--,--,--,--,--,--,--,--,--,--,--,--,--,--,55,44,--,--,--,--,--,--,--,--,--,--,--,--,--,--,--,--,--,--,--,--,--,--,--,--,--,--,--,--,--,--,--,--,--,--
2026/5/18 9:35,--,--,--,--,22.1,10.9,22.1,49,--,--,--,--,12.3,10.7,12.3,90,--,--,--,--,--,--,--,--,--,--,--,--,--,--,--,--,--,--,--,55,44,--,--,--,--,--,--,--,--,--,--,--,--,--,--,--,--,--,--,--,--,--,--,--,--,--,--,--,--,--,--,--,--,--,--
2026/5/18 9:50,--,--,--,--,22.1,10.9,22.1,49,--,--,--,--,12.5,10.7,12.5,89,--,--,--,--,--,--,--,--,--,--,--,--,--,--,--,--,--,--,--,55,44,--,--,--,--,--,--,--,--,--,--,--,--,--,--,--,--,--,--,--,--,--,--,--,--,--,--,--,--,--,--,--,--,--,--
2026/5/18 10:05,--,--,--,--,22.1,10.9,22.1,49,--,--,--,--,11.9,10.1,11.9,89,--,--,--,--,--,--,--,--,--,--,--,--,--,--,--,--,--,--,--,55,44,--,--,--,--,--,--,--,--,--,--,--,--,--,--,--,--,--,--,--,--,--,--,--,--,--,--,--,--,--,--,--,--,--,--
2026/5/18 10:20,--,--,--,--,22.1,10.9,22.1,49,--,--,--,--,11.7,9.9,11.7,89,--,--,--,--,--,--,--,--,--,--,--,--,--,--,--,--,--,--,--,55,44,--,--,--,--,--,--,--,--,--,--,--,--,--,--,--,--,--,--,--,--,--,--,--,--,--,--,--,--,--,--,--,--,--,--
2026/5/18 10:35,--,--,--,--,22.2,11.0,22.2,49,--,--,--,--,11.6,9.8,11.6,89,--,--,--,--,--,--,--,--,--,--,--,--,--,--,--,--,--,--,--,55,44,--,--,--,--,--,--,--,--,--,--,--,--,--,--,--,--,--,--,--,--,--,--,--,--,--,--,--,--,--,--,--,--,--,--
2026/5/18 10:50,--,--,--,--,22.1,10.9,22.1,49,--,--,--,--,11.9,10.1,11.9,89,--,--,--,--,--,--,--,--,--,--,--,--,--,--,--,--,--,--,--,55,44,--,--,--,--,--,--,--,--,--,--,--,--,--,--,--,--,--,--,--,--,--,--,--,--,--,--,--,--,--,--,--,--,--,--
2026/5/18 11:05,--,--,--,--,22.2,11.0,22.2,49,--,--,--,--,12.3,10.3,12.3,88,--,--,--,--,--,--,--,--,--,--,--,--,--,--,--,--,--,--,--,55,44,--,--,--,--,--,--,--,--,--,--,--,--,--,--,--,--,--,--,--,--,--,--,--,--,--,--,--,--,--,--,--,--,--,--
2026/5/18 11:20,--,--,--,--,22.2,11.0,22.2,49,--,--,--,--,12.8,10.7,12.8,87,--,--,--,--,--,--,--,--,--,--,--,--,--,--,--,--,--,--,--,55,44,--,--,--,--,--,--,--,--,--,--,--,--,--,--,--,--,--,--,--,--,--,--,--,--,--,--,--,--,--,--,--,--,--,--
2026/5/18 11:35,--,--,--,--,22.2,11.0,22.2,49,--,--,--,--,14.0,11.7,14.0,86,--,--,--,--,--,--,--,--,--,--,--,--,--,--,--,--,--,--,--,55,44,--,--,--,--,--,--,--,--,--,--,--,--,--,--,--,--,--,--,--,--,--,--,--,--,--,--,--,--,--,--,--,--,--,--
2026/5/18 11:50,--,--,--,--,22.2,11.0,22.2,49,--,--,--,--,16.2,13.3,16.2,83,--,--,--,--,--,--,--,--,--,--,--,--,--,--,--,--,--,--,--,55,44,--,--,--,--,--,--,--,--,--,--,--,--,--,--,--,--,--,--,--,--,--,--,--,--,--,--,--,--,--,--,--,--,--,--
2026/5/18 12:05,--,--,--,--,22.3,11.1,22.3,49,--,--,--,--,17.9,13.8,17.9,77,--,--,--,--,--,--,--,--,--,--,--,--,--,--,--,--,--,--,--,55,44,--,--,--,--,--,--,--,--,--,--,--,--,--,--,--,--,--,--,--,--,--,--,--,--,--,--,--,--,--,--,--,--,--,--
2026/5/18 12:20,--,--,--,--,22.4,11.5,22.4,50,--,--,--,--,19.6,14.6,19.6,73,--,--,--,--,--,--,--,--,--,--,--,--,--,--,--,--,--,--,--,55,44,--,--,--,--,--,--,--,--,--,--,--,--,--,--,--,--,--,--,--,--,--,--,--,--,--,--,--,--,--,--,--,--,--,--
2026/5/18 12:35,--,--,--,--,22.5,11.6,22.5,50,--,--,--,--,19.5,13.9,19.5,70,--,--,--,--,--,--,--,--,--,--,--,--,--,--,--,--,--,--,--,55,44,--,--,--,--,--,--,--,--,--,--,--,--,--,--,--,--,--,--,--,--,--,--,--,--,--,--,--,--,--,--,--,--,--,--
2026/5/18 12:50,--,--,--,--,22.6,11.7,22.6,50,--,--,--,--,20.7,14.4,20.7,67,--,--,--,--,--,--,--,--,--,--,--,--,--,--,--,--,--,--,--,55,44,--,--,--,--,--,--,--,--,--,--,--,--,--,--,--,--,--,--,--,--,--,--,--,--,--,--,--,--,--,--,--,--,--,--
2026/5/18 13:05,--,--,--,--,22.6,11.7,22.6,50,--,--,--,--,21.6,13.5,21.6,60,--,--,--,--,--,--,--,--,--,--,--,--,--,--,--,--,--,--,--,55,44,--,--,--,--,--,--,--,--,--,--,--,--,--,--,--,--,--,--,--,--,--,--,--,--,--,--,--,--,--,--,--,--,--,--
2026/5/18 13:20,--,--,--,--,22.7,11.8,22.7,50,--,--,--,--,20.0,12.8,20.0,63,--,--,--,--,--,--,--,--,--,--,--,--,--,--,--,--,--,--,--,55,44,--,--,--,--,--,--,--,--,--,--,--,--,--,--,--,--,--,--,--,--,--,--,--,--,--,--,--,--,--,--,--,--,--,--
2026/5/18 13:35,--,--,--,--,22.7,11.8,22.7,50,--,--,--,--,22.1,14.0,22.1,60,--,--,--,--,--,--,--,--,--,--,--,--,--,--,--,--,--,--,--,55,44,--,--,--,--,--,--,--,--,--,--,--,--,--,--,--,--,--,--,--,--,--,--,--,--,--,--,--,--,--,--,--,--,--,--
2026/5/18 13:50,--,--,--,--,22.8,11.9,22.8,50,--,--,--,--,23.4,13.9,23.4,55,--,--,--,--,--,--,--,--,--,--,--,--,--,--,--,--,--,--,--,55,44,--,--,--,--,--,--,--,--,--,--,--,--,--,--,--,--,--,--,--,--,--,--,--,--,--,--,--,--,--,--,--,--,--,--
2026/5/18 14:05,--,--,--,--,22.8,11.9,22.8,50,--,--,--,--,25.8,15.2,25.8,52,--,--,--,--,--,--,--,--,--,--,--,--,--,--,--,--,--,--,--,55,44,--,--,--,--,--,--,--,--,--,--,--,--,--,--,--,--,--,--,--,--,--,--,--,--,--,--,--,--,--,--,--,--,--,--
2026/5/18 14:20,--,--,--,--,22.8,11.9,22.8,50,--,--,--,--,26.1,14.3,26.1,48,--,--,--,--,--,--,--,--,--,--,--,--,--,--,--,--,--,--,--,55,44,--,--,--,--,--,--,--,--,--,--,--,--,--,--,--,--,--,--,--,--,--,--,--,--,--,--,--,--,--,--,--,--,--,--
2026/5/18 14:35,--,--,--,--,22.8,11.9,22.8,50,--,--,--,--,28.9,15.8,28.9,45,--,--,--,--,--,--,--,--,--,--,--,--,--,--,--,--,--,--,--,55,44,--,--,--,--,--,--,--,--,--,--,--,--,--,--,--,--,--,--,--,--,--,--,--,--,--,--,--,--,--,--,--,--,--,--
2026/5/18 14:50,--,--,--,--,22.8,11.6,22.8,49,--,--,--,--,25.4,13.0,25.4,46,--,--,--,--,--,--,--,--,--,--,--,--,--,--,--,--,--,--,--,55,44,--,--,--,--,--,--,--,--,--,--,--,--,--,--,--,--,--,--,--,--,--,--,--,--,--,--,--,--,--,--,--,--,--,--
2026/5/18 15:05,--,--,--,--,22.9,11.9,22.9,50,--,--,--,--,26.9,14.0,27.0,45,--,--,--,--,--,--,--,--,--,--,--,--,--,--,--,--,--,--,--,55,44,--,--,--,--,--,--,--,--,--,--,--,--,--,--,--,--,--,--,--,--,--,--,--,--,--,--,--,--,--,--,--,--,--,--
2026/5/18 15:20,--,--,--,--,22.9,11.9,22.9,50,--,--,--,--,30.4,15.3,30.1,40,--,--,--,--,--,--,--,--,--,--,--,--,--,--,--,--,--,--,--,55,44,--,--,--,--,--,--,--,--,--,--,--,--,--,--,--,--,--,--,--,--,--,--,--,--,--,--,--,--,--,--,--,--,--,--
2026/5/18 15:35,--,--,--,--,22.9,11.3,22.9,48,--,--,--,--,31.2,15.2,30.9,38,--,--,--,--,--,--,--,--,--,--,--,--,--,--,--,--,--,--,--,55,44,--,--,--,--,--,--,--,--,--,--,--,--,--,--,--,--,--,--,--,--,--,--,--,--,--,--,--,--,--,--,--,--,--,--
2026/5/18 15:50,--,--,--,--,22.8,11.6,22.8,49,--,--,--,--,30.1,15.1,29.8,40,--,--,--,--,--,--,--,--,--,--,--,--,--,--,--,--,--,--,--,55,44,--,--,--,--,--,--,--,--,--,--,--,--,--,--,--,--,--,--,--,--,--,--,--,--,--,--,--,--,--,--,--,--,--,--
2026/5/18 16:05,--,--,--,--,22.8,11.6,22.8,49,--,--,--,--,36.1,17.3,36.1,33,--,--,--,--,--,--,--,--,--,--,--,--,--,--,--,--,--,--,--,55,44,--,--,--,--,--,--,--,--,--,--,--,--,--,--,--,--,--,--,--,--,--,--,--,--,--,--,--,--,--,--,--,--,--,--
2026/5/18 16:20,--,--,--,--,22.9,11.6,22.9,49,--,--,--,--,36.4,16.1,36.4,30,--,--,--,--,--,--,--,--,--,--,--,--,--,--,--,--,--,--,--,55,44,--,--,--,--,--,--,--,--,--,--,--,--,--,--,--,--,--,--,--,--,--,--,--,--,--,--,--,--,--,--,--,--,--,--
2026/5/18 16:35,--,--,--,--,22.8,11.3,22.8,48,--,--,--,--,29.4,11.9,29.4,34,--,--,--,--,--,--,--,--,--,--,--,--,--,--,--,--,--,--,--,55,44,--,--,--,--,--,--,--,--,--,--,--,--,--,--,--,--,--,--,--,--,--,--,--,--,--,--,--,--,--,--,--,--,--,--
2026/5/18 16:50,--,--,--,--,22.9,11.3,22.9,48,--,--,--,--,25.6,10.7,25.6,39,--,--,--,--,--,--,--,--,--,--,--,--,--,--,--,--,--,--,--,55,44,--,--,--,--,--,--,--,--,--,--,--,--,--,--,--,--,--,--,--,--,--,--,--,--,--,--,--,--,--,--,--,--,--,--
2026/5/18 17:05,--,--,--,--,22.8,10.6,22.8,46,--,--,--,--,21.1,9.0,21.1,46,--,--,--,--,--,--,--,--,--,--,--,--,--,--,--,--,--,--,--,55,44,--,--,--,--,--,--,--,--,--,--,--,--,--,--,--,--,--,--,--,--,--,--,--,--,--,--,--,--,--,--,--,--,--,--
2026/5/18 17:20,--,--,--,--,22.5,10.3,22.5,46,--,--,--,--,16.7,8.7,16.7,59,--,--,--,--,--,--,--,--,--,--,--,--,--,--,--,--,--,--,--,55,44,--,--,--,--,--,--,--,--,--,--,--,--,--,--,--,--,--,--,--,--,--,--,--,--,--,--,--,--,--,--,--,--,--,--
2026/5/18 17:35,--,--,--,--,22.6,10.7,22.6,47,--,--,--,--,14.9,9.3,14.9,69,--,--,--,--,--,--,--,--,--,--,--,--,--,--,--,--,--,--,--,55,44,--,--,--,--,--,--,--,--,--,--,--,--,--,--,--,--,--,--,--,--,--,--,--,--,--,--,--,--,--,--,--,--,--,--
2026/5/18 17:50,--,--,--,--,22.6,10.7,22.6,47,--,--,--,--,15.0,9.4,15.0,69,--,--,--,--,--,--,--,--,--,--,--,--,--,--,--,--,--,--,--,55,44,--,--,--,--,--,--,--,--,--,--,--,--,--,--,--,--,--,--,--,--,--,--,--,--,--,--,--,--,--,--,--,--,--,--
2026/5/18 18:05,--,--,--,--,22.8,11.3,22.8,48,--,--,--,--,20.9,13.6,20.9,63,--,--,--,--,--,--,--,--,--,--,--,--,--,--,--,--,--,--,--,55,44,--,--,--,--,--,--,--,--,--,--,--,--,--,--,--,--,--,--,--,--,--,--,--,--,--,--,--,--,--,--,--,--,--,--
2026/5/18 18:20,--,--,--,--,22.8,11.3,22.8,48,--,--,--,--,21.8,12.7,21.8,56,--,--,--,--,--,--,--,--,--,--,--,--,--,--,--,--,--,--,--,55,44,--,--,--,--,--,--,--,--,--,--,--,--,--,--,--,--,--,--,--,--,--,--,--,--,--,--,--,--,--,--,--,--,--,--
2026/5/18 18:35,--,--,--,--,22.9,11.3,22.9,48,--,--,--,--,20.7,11.3,20.7,55,--,--,--,--,--,--,--,--,--,--,--,--,--,--,--,--,--,--,--,55,44,--,--,--,--,--,--,--,--,--,--,--,--,--,--,--,--,--,--,--,--,--,--,--,--,--,--,--,--,--,--,--,--,--,--
2026/5/18 18:50,--,--,--,--,23.0,11.7,23.0,49,--,--,--,--,18.9,10.5,18.9,58,--,--,--,--,--,--,--,--,--,--,--,--,--,--,--,--,--,--,--,55,44,--,--,--,--,--,--,--,--,--,--,--,--,--,--,--,--,--,--,--,--,--,--,--,--,--,--,--,--,--,--,--,--,--,--
2026/5/18 19:05,--,--,--,--,23.0,11.7,23.0,49,--,--,--,--,18.2,10.3,18.2,60,--,--,--,--,--,--,--,--,--,--,--,--,--,--,--,--,--,--,--,55,44,--,--,--,--,--,--,--,--,--,--,--,--,--,--,--,--,--,--,--,--,--,--,--,--,--,--,--,--,--,--,--,--,--,--
2026/5/18 19:20,--,--,--,--,23.0,11.7,23.0,49,--,--,--,--,17.1,10.0,17.1,63,--,--,--,--,--,--,--,--,--,--,--,--,--,--,--,--,--,--,--,55,44,--,--,--,--,--,--,--,--,--,--,--,--,--,--,--,--,--,--,--,--,--,--,--,--,--,--,--,--,--,--,--,--,--,--
2026/5/18 19:35,--,--,--,--,23.0,11.7,23.0,49,--,--,--,--,16.0,9.9,16.0,67,--,--,--,--,--,--,--,--,--,--,--,--,--,--,--,--,--,--,--,55,44,--,--,--,--,--,--,--,--,--,--,--,--,--,--,--,--,--,--,--,--,--,--,--,--,--,--,--,--,--,--,--,--,--,--
2026/5/18 19:50,--,--,--,--,22.9,11.6,22.9,49,--,--,--,--,14.7,9.5,14.7,71,--,--,--,--,--,--,--,--,--,--,--,--,--,--,--,--,--,--,--,55,44,--,--,--,--,--,--,--,--,--,--,--,--,--,--,--,--,--,--,--,--,--,--,--,--,--,--,--,--,--,--,--,--,--,--
2026/5/18 20:05,--,--,--,--,22.8,11.6,22.8,49,--,--,--,--,13.5,9.0,13.5,74,--,--,--,--,--,--,--,--,--,--,--,--,--,--,--,--,--,--,--,55,44,--,--,--,--,--,--,--,--,--,--,--,--,--,--,--,--,--,--,--,--,--,--,--,--,--,--,--,--,--,--,--,--,--,--
2026/5/18 20:20,--,--,--,--,22.8,11.6,22.8,49,--,--,--,--,12.8,8.9,12.8,77,--,--,--,--,--,--,--,--,--,--,--,--,--,--,--,--,--,--,--,55,44,--,--,--,--,--,--,--,--,--,--,--,--,--,--,--,--,--,--,--,--,--,--,--,--,--,--,--,--,--,--,--,--,--,--
2026/5/18 20:35,--,--,--,--,22.8,11.6,22.8,49,--,--,--,--,12.4,8.9,12.4,79,--,--,--,--,--,--,--,--,--,--,--,--,--,--,--,--,--,--,--,55,44,--,--,--,--,--,--,--,--,--,--,--,--,--,--,--,--,--,--,--,--,--,--,--,--,--,--,--,--,--,--,--,--,--,--
2026/5/18 20:50,--,--,--,--,22.7,11.5,22.7,49,--,--,--,--,12.4,8.3,12.4,76,--,--,--,--,--,--,--,--,--,--,--,--,--,--,--,--,--,--,--,55,44,--,--,--,--,--,--,--,--,--,--,--,--,--,--,--,--,--,--,--,--,--,--,--,--,--,--,--,--,--,--,--,--,--,--
2026/5/18 21:05,--,--,--,--,22.6,11.4,22.6,49,--,--,--,--,12.1,8.0,12.1,76,--,--,--,--,--,--,--,--,--,--,--,--,--,--,--,--,--,--,--,55,44,--,--,--,--,--,--,--,--,--,--,--,--,--,--,--,--,--,--,--,--,--,--,--,--,--,--,--,--,--,--,--,--,--,--
2026/5/18 21:20,--,--,--,--,22.6,11.4,22.6,49,--,--,--,--,11.7,7.6,11.7,76,--,--,--,--,--,--,--,--,--,--,--,--,--,--,--,--,--,--,--,55,44,--,--,--,--,--,--,--,--,--,--,--,--,--,--,--,--,--,--,--,--,--,--,--,--,--,--,--,--,--,--,--,--,--,--
2026/5/18 21:35,--,--,--,--,22.6,11.4,22.6,49,--,--,--,--,11.3,7.6,11.3,78,--,--,--,--,--,--,--,--,--,--,--,--,--,--,--,--,--,--,--,55,44,--,--,--,--,--,--,--,--,--,--,--,--,--,--,--,--,--,--,--,--,--,--,--,--,--,--,--,--,--,--,--,--,--,--
2026/5/18 21:50,--,--,--,--,22.5,11.3,22.5,49,--,--,--,--,10.9,7.4,10.9,79,--,--,--,--,--,--,--,--,--,--,--,--,--,--,--,--,--,--,--,55,44,--,--,--,--,--,--,--,--,--,--,--,--,--,--,--,--,--,--,--,--,--,--,--,--,--,--,--,--,--,--,--,--,--,--
2026/5/18 22:05,--,--,--,--,22.5,11.0,22.5,48,--,--,--,--,10.8,7.5,10.8,80,--,--,--,--,--,--,--,--,--,--,--,--,--,--,--,--,--,--,--,55,44,--,--,--,--,--,--,--,--,--,--,--,--,--,--,--,--,--,--,--,--,--,--,--,--,--,--,--,--,--,--,--,--,--,--
2026/5/18 22:20,--,--,--,--,22.4,10.9,22.4,48,--,--,--,--,10.8,7.5,10.8,80,--,--,--,--,--,--,--,--,--,--,--,--,--,--,--,--,--,--,--,55,44,--,--,--,--,--,--,--,--,--,--,--,--,--,--,--,--,--,--,--,--,--,--,--,--,--,--,--,--,--,--,--,--,--,--
2026/5/18 22:35,--,--,--,--,22.4,10.9,22.4,48,--,--,--,--,10.8,7.5,10.8,80,--,--,--,--,--,--,--,--,--,--,--,--,--,--,--,--,--,--,--,55,44,--,--,--,--,--,--,--,--,--,--,--,--,--,--,--,--,--,--,--,--,--,--,--,--,--,--,--,--,--,--,--,--,--,--
2026/5/18 22:50,--,--,--,--,22.4,10.9,22.4,48,--,--,--,--,10.5,7.2,10.5,80,--,--,--,--,--,--,--,--,--,--,--,--,--,--,--,--,--,--,--,55,44,--,--,--,--,--,--,--,--,--,--,--,--,--,--,--,--,--,--,--,--,--,--,--,--,--,--,--,--,--,--,--,--,--,--
2026/5/18 23:05,--,--,--,--,22.3,10.8,22.3,48,--,--,--,--,10.1,7.0,10.1,81,--,--,--,--,--,--,--,--,--,--,--,--,--,--,--,--,--,--,--,55,44,--,--,--,--,--,--,--,--,--,--,--,--,--,--,--,--,--,--,--,--,--,--,--,--,--,--,--,--,--,--,--,--,--,--
2026/5/18 23:20,--,--,--,--,22.3,10.8,22.3,48,--,--,--,--,9.5,6.7,9.5,83,--,--,--,--,--,--,--,--,--,--,--,--,--,--,--,--,--,--,--,55,44,--,--,--,--,--,--,--,--,--,--,--,--,--,--,--,--,--,--,--,--,--,--,--,--,--,--,--,--,--,--,--,--,--,--
2026/5/18 23:35,--,--,--,--,22.3,10.8,22.3,48,--,--,--,--,9.1,6.7,9.1,85,--,--,--,--,--,--,--,--,--,--,--,--,--,--,--,--,--,--,--,55,44,--,--,--,--,--,--,--,--,--,--,--,--,--,--,--,--,--,--,--,--,--,--,--,--,--,--,--,--,--,--,--,--,--,--
2026/5/18 23:50,--,--,--,--,22.3,10.8,22.3,48,--,--,--,--,9.1,7.0,9.1,87,--,--,--,--,--,--,--,--,--,--,--,--,--,--,--,--,--,--,--,55,44,--,--,--,--,--,--,--,--,--,--,--,--,--,--,--,--,--,--,--,--,--,--,--,--,--,--,--,--,--,--,--,--,--,--
2026/5/18 23:59,--,--,--,--,22.2,10.7,22.2,48,--,--,--,--,9.1,7.0,9.1,87,--,--,--,--,--,--,--,--,--,--,--,--,--,--,--,--,--,--,--,55,44,--,--,--,--,--,--,--,--,--,--,--,--,--,--,--,--,--,--,--,--,--,--,--,--,--,--,--,--,--,--,--,--,--,--
2026/5/19 0:00,--,--,--,--,22.2,10.7,22.2,48,--,--,--,--,9.1,7.0,9.1,87,--,--,--,--,--,--,--,--,--,--,--,--,--,--,--,--,--,--,--,55,44,--,--,--,--,--,--,--,--,--,--,--,--,--,--,--,--,--,--,--,--,--,--,--,--,--,--,--,--,--,--,--,--,--,--
2026/5/19 0:05,--,--,--,--,22.2,10.7,22.2,48,--,--,--,--,9.0,7.0,9.0,87,--,--,--,--,--,--,--,--,--,--,--,--,--,--,--,--,--,--,--,55,44,--,--,--,--,--,--,--,--,--,--,--,--,--,--,--,--,--,--,--,--,--,--,--,--,--,--,--,--,--,--,--,--,--,--
2026/5/19 0:20,--,--,--,--,22.2,10.7,22.2,48,--,--,--,--,8.8,6.8,8.8,87,--,--,--,--,--,--,--,--,--,--,--,--,--,--,--,--,--,--,--,55,44,--,--,--,--,--,--,--,--,--,--,--,--,--,--,--,--,--,--,--,--,--,--,--,--,--,--,--,--,--,--,--,--,--,--
2026/5/19 0:35,--,--,--,--,22.2,10.7,22.2,48,--,--,--,--,8.5,6.5,8.5,87,--,--,--,--,--,--,--,--,--,--,--,--,--,--,--,--,--,--,--,55,44,--,--,--,--,--,--,--,--,--,--,--,--,--,--,--,--,--,--,--,--,--,--,--,--,--,--,--,--,--,--,--,--,--,--
2026/5/19 0:50,--,--,--,--,22.1,10.6,22.1,48,--,--,--,--,8.2,6.3,8.2,88,--,--,--,--,--,--,--,--,--,--,--,--,--,--,--,--,--,--,--,55,44,--,--,--,--,--,--,--,--,--,--,--,--,--,--,--,--,--,--,--,--,--,--,--,--,--,--,--,--,--,--,--,--,--,--
2026/5/19 1:05,--,--,--,--,22.1,10.6,22.1,48,--,--,--,--,8.0,6.1,8.0,88,--,--,--,--,--,--,--,--,--,--,--,--,--,--,--,--,--,--,--,55,44,--,--,--,--,--,--,--,--,--,--,--,--,--,--,--,--,--,--,--,--,--,--,--,--,--,--,--,--,--,--,--,--,--,--
2026/5/19 1:20,--,--,--,--,22.1,10.3,22.1,47,--,--,--,--,7.7,6.0,7.7,89,--,--,--,--,--,--,--,--,--,--,--,--,--,--,--,--,--,--,--,55,44,--,--,--,--,--,--,--,--,--,--,--,--,--,--,--,--,--,--,--,--,--,--,--,--,--,--,--,--,--,--,--,--,--,--
2026/5/19 1:35,--,--,--,--,22.0,10.2,22.0,47,--,--,--,--,7.6,5.9,7.6,89,--,--,--,--,--,--,--,--,--,--,--,--,--,--,--,--,--,--,--,55,44,--,--,--,--,--,--,--,--,--,--,--,--,--,--,--,--,--,--,--,--,--,--,--,--,--,--,--,--,--,--,--,--,--,--
2026/5/19 1:50,--,--,--,--,22.0,10.2,22.0,47,--,--,--,--,6.9,5.0,6.9,88,--,--,--,--,--,--,--,--,--,--,--,--,--,--,--,--,--,--,--,55,44,--,--,--,--,--,--,--,--,--,--,--,--,--,--,--,--,--,--,--,--,--,--,--,--,--,--,--,--,--,--,--,--,--,--
2026/5/19 2:05,--,--,--,--,22.0,10.2,22.0,47,--,--,--,--,6.8,5.1,6.8,89,--,--,--,--,--,--,--,--,--,--,--,--,--,--,--,--,--,--,--,55,44,--,--,--,--,--,--,--,--,--,--,--,--,--,--,--,--,--,--,--,--,--,--,--,--,--,--,--,--,--,--,--,--,--,--
2026/5/19 2:20,--,--,--,--,22.0,10.2,22.0,47,--,--,--,--,6.9,5.4,6.9,90,--,--,--,--,--,--,--,--,--,--,--,--,--,--,--,--,--,--,--,55,44,--,--,--,--,--,--,--,--,--,--,--,--,--,--,--,--,--,--,--,--,--,--,--,--,--,--,--,--,--,--,--,--,--,--
2026/5/19 2:35,--,--,--,--,21.9,10.1,21.9,47,--,--,--,--,6.6,4.9,6.6,89,--,--,--,--,--,--,--,--,--,--,--,--,--,--,--,--,--,--,--,55,44,--,--,--,--,--,--,--,--,--,--,--,--,--,--,--,--,--,--,--,--,--,--,--,--,--,--,--,--,--,--,--,--,--,--
2026/5/19 2:50,--,--,--,--,21.9,10.1,21.9,47,--,--,--,--,6.1,4.6,6.1,90,--,--,--,--,--,--,--,--,--,--,--,--,--,--,--,--,--,--,--,55,44,--,--,--,--,--,--,--,--,--,--,--,--,--,--,--,--,--,--,--,--,--,--,--,--,--,--,--,--,--,--,--,--,--,--
2026/5/19 3:05,--,--,--,--,21.8,10.0,21.8,47,--,--,--,--,5.8,4.3,5.8,90,--,--,--,--,--,--,--,--,--,--,--,--,--,--,--,--,--,--,--,55,44,--,--,--,--,--,--,--,--,--,--,--,--,--,--,--,--,--,--,--,--,--,--,--,--,--,--,--,--,--,--,--,--,--,--
2026/5/19 3:20,--,--,--,--,21.8,10.0,21.8,47,--,--,--,--,5.5,4.0,5.5,90,--,--,--,--,--,--,--,--,--,--,--,--,--,--,--,--,--,--,--,55,44,--,--,--,--,--,--,--,--,--,--,--,--,--,--,--,--,--,--,--,--,--,--,--,--,--,--,--,--,--,--,--,--,--,--
2026/5/19 3:35,--,--,--,--,21.8,10.0,21.8,47,--,--,--,--,5.2,3.9,5.2,91,--,--,--,--,--,--,--,--,--,--,--,--,--,--,--,--,--,--,--,55,44,--,--,--,--,--,--,--,--,--,--,--,--,--,--,--,--,--,--,--,--,--,--,--,--,--,--,--,--,--,--,--,--,--,--
2026/5/19 3:50,--,--,--,--,21.8,10.0,21.8,47,--,--,--,--,5.0,3.7,5.0,91,--,--,--,--,--,--,--,--,--,--,--,--,--,--,--,--,--,--,--,55,44,--,--,--,--,--,--,--,--,--,--,--,--,--,--,--,--,--,--,--,--,--,--,--,--,--,--,--,--,--,--,--,--,--,--
2026/5/19 4:05,--,--,--,--,21.7,9.9,21.7,47,--,--,--,--,5.0,3.7,5.0,91,--,--,--,--,--,--,--,--,--,--,--,--,--,--,--,--,--,--,--,55,44,--,--,--,--,--,--,--,--,--,--,--,--,--,--,--,--,--,--,--,--,--,--,--,--,--,--,--,--,--,--,--,--,--,--
2026/5/19 4:20,--,--,--,--,21.7,9.6,21.7,46,--,--,--,--,4.6,3.3,4.6,91,--,--,--,--,--,--,--,--,--,--,--,--,--,--,--,--,--,--,--,55,44,--,--,--,--,--,--,--,--,--,--,--,--,--,--,--,--,--,--,--,--,--,--,--,--,--,--,--,--,--,--,--,--,--,--
2026/5/19 4:35,--,--,--,--,21.7,9.6,21.7,46,--,--,--,--,4.6,3.4,4.6,92,--,--,--,--,--,--,--,--,--,--,--,--,--,--,--,--,--,--,--,55,44,--,--,--,--,--,--,--,--,--,--,--,--,--,--,--,--,--,--,--,--,--,--,--,--,--,--,--,--,--,--,--,--,--,--
2026/5/19 4:50,--,--,--,--,21.6,9.5,21.6,46,--,--,--,--,4.7,3.5,4.7,92,--,--,--,--,--,--,--,--,--,--,--,--,--,--,--,--,--,--,--,55,44,--,--,--,--,--,--,--,--,--,--,--,--,--,--,--,--,--,--,--,--,--,--,--,--,--,--,--,--,--,--,--,--,--,--
2026/5/19 5:05,--,--,--,--,21.6,9.5,21.6,46,--,--,--,--,4.5,3.3,4.5,92,--,--,--,--,--,--,--,--,--,--,--,--,--,--,--,--,--,--,--,55,44,--,--,--,--,--,--,--,--,--,--,--,--,--,--,--,--,--,--,--,--,--,--,--,--,--,--,--,--,--,--,--,--,--,--
2026/5/19 5:20,--,--,--,--,21.6,9.5,21.6,46,--,--,--,--,4.7,3.6,4.7,93,--,--,--,--,--,--,--,--,--,--,--,--,--,--,--,--,--,--,--,55,44,--,--,--,--,--,--,--,--,--,--,--,--,--,--,--,--,--,--,--,--,--,--,--,--,--,--,--,--,--,--,--,--,--,--
2026/5/19 5:35,--,--,--,--,21.6,9.5,21.6,46,--,--,--,--,5.2,4.1,5.2,93,--,--,--,--,--,--,--,--,--,--,--,--,--,--,--,--,--,--,--,55,44,--,--,--,--,--,--,--,--,--,--,--,--,--,--,--,--,--,--,--,--,--,--,--,--,--,--,--,--,--,--,--,--,--,--
2026/5/19 5:50,--,--,--,--,21.7,9.6,21.7,46,--,--,--,--,5.8,4.7,5.8,93,--,--,--,--,--,--,--,--,--,--,--,--,--,--,--,--,--,--,--,55,44,--,--,--,--,--,--,--,--,--,--,--,--,--,--,--,--,--,--,--,--,--,--,--,--,--,--,--,--,--,--,--,--,--,--
2026/5/19 6:05,--,--,--,--,21.7,9.6,21.7,46,--,--,--,--,6.7,5.6,6.7,93,--,--,--,--,--,--,--,--,--,--,--,--,--,--,--,--,--,--,--,55,44,--,--,--,--,--,--,--,--,--,--,--,--,--,--,--,--,--,--,--,--,--,--,--,--,--,--,--,--,--,--,--,--,--,--
2026/5/19 6:20,--,--,--,--,21.8,10.0,21.8,47,--,--,--,--,7.5,6.4,7.5,93,--,--,--,--,--,--,--,--,--,--,--,--,--,--,--,--,--,--,--,55,44,--,--,--,--,--,--,--,--,--,--,--,--,--,--,--,--,--,--,--,--,--,--,--,--,--,--,--,--,--,--,--,--,--,--
2026/5/19 6:35,--,--,--,--,21.8,10.0,21.8,47,--,--,--,--,7.7,6.6,7.7,93,--,--,--,--,--,--,--,--,--,--,--,--,--,--,--,--,--,--,--,55,44,--,--,--,--,--,--,--,--,--,--,--,--,--,--,--,--,--,--,--,--,--,--,--,--,--,--,--,--,--,--,--,--,--,--
2026/5/19 6:50,--,--,--,--,21.9,10.1,21.9,47,--,--,--,--,7.9,6.8,7.9,93,--,--,--,--,--,--,--,--,--,--,--,--,--,--,--,--,--,--,--,55,44,--,--,--,--,--,--,--,--,--,--,--,--,--,--,--,--,--,--,--,--,--,--,--,--,--,--,--,--,--,--,--,--,--,--
2026/5/19 7:05,--,--,--,--,21.9,10.4,21.9,48,--,--,--,--,7.9,6.8,7.9,93,--,--,--,--,--,--,--,--,--,--,--,--,--,--,--,--,--,--,--,55,44,--,--,--,--,--,--,--,--,--,--,--,--,--,--,--,--,--,--,--,--,--,--,--,--,--,--,--,--,--,--,--,--,--,--
2026/5/19 7:20,--,--,--,--,21.9,10.1,21.9,47,--,--,--,--,8.2,7.1,8.2,93,--,--,--,--,--,--,--,--,--,--,--,--,--,--,--,--,--,--,--,55,44,--,--,--,--,--,--,--,--,--,--,--,--,--,--,--,--,--,--,--,--,--,--,--,--,--,--,--,--,--,--,--,--,--,--
2026/5/19 7:35,--,--,--,--,22.0,10.2,22.0,47,--,--,--,--,8.8,7.7,8.8,93,--,--,--,--,--,--,--,--,--,--,--,--,--,--,--,--,--,--,--,55,44,--,--,--,--,--,--,--,--,--,--,--,--,--,--,--,--,--,--,--,--,--,--,--,--,--,--,--,--,--,--,--,--,--,--
2026/5/19 7:50,--,--,--,--,22.0,10.2,22.0,47,--,--,--,--,9.5,8.3,9.5,92,--,--,--,--,--,--,--,--,--,--,--,--,--,--,--,--,--,--,--,55,44,--,--,--,--,--,--,--,--,--,--,--,--,--,--,--,--,--,--,--,--,--,--,--,--,--,--,--,--,--,--,--,--,--,--
2026/5/19 8:05,--,--,--,--,22.0,10.2,22.0,47,--,--,--,--,9.9,8.5,9.9,91,--,--,--,--,--,--,--,--,--,--,--,--,--,--,--,--,--,--,--,55,44,--,--,--,--,--,--,--,--,--,--,--,--,--,--,--,--,--,--,--,--,--,--,--,--,--,--,--,--,--,--,--,--,--,--
2026/5/19 8:20,--,--,--,--,22.0,10.2,22.0,47,--,--,--,--,10.6,9.0,10.6,90,--,--,--,--,--,--,--,--,--,--,--,--,--,--,--,--,--,--,--,55,44,--,--,--,--,--,--,--,--,--,--,--,--,--,--,--,--,--,--,--,--,--,--,--,--,--,--,--,--,--,--,--,--,--,--
2026/5/19 8:35,--,--,--,--,22.1,10.3,22.1,47,--,--,--,--,11.4,9.6,11.4,89,--,--,--,--,--,--,--,--,--,--,--,--,--,--,--,--,--,--,--,55,44,--,--,--,--,--,--,--,--,--,--,--,--,--,--,--,--,--,--,--,--,--,--,--,--,--,--,--,--,--,--,--,--,--,--
2026/5/19 8:50,--,--,--,--,22.1,10.3,22.1,47,--,--,--,--,12.0,9.9,12.0,87,--,--,--,--,--,--,--,--,--,--,--,--,--,--,--,--,--,--,--,55,44,--,--,--,--,--,--,--,--,--,--,--,--,--,--,--,--,--,--,--,--,--,--,--,--,--,--,--,--,--,--,--,--,--,--
2026/5/19 9:05,--,--,--,--,22.1,10.3,22.1,47,--,--,--,--,11.5,9.1,11.5,85,--,--,--,--,--,--,--,--,--,--,--,--,--,--,--,--,--,--,--,55,44,--,--,--,--,--,--,--,--,--,--,--,--,--,--,--,--,--,--,--,--,--,--,--,--,--,--,--,--,--,--,--,--,--,--
2026/5/19 9:20,--,--,--,--,22.1,10.3,22.1,47,--,--,--,--,12.3,10.0,12.3,86,--,--,--,--,--,--,--,--,--,--,--,--,--,--,--,--,--,--,--,55,44,--,--,--,--,--,--,--,--,--,--,--,--,--,--,--,--,--,--,--,--,--,--,--,--,--,--,--,--,--,--,--,--,--,--
2026/5/19 9:35,--,--,--,--,22.1,10.3,22.1,47,--,--,--,--,13.4,10.9,13.4,85,--,--,--,--,--,--,--,--,--,--,--,--,--,--,--,--,--,--,--,55,44,--,--,--,--,--,--,--,--,--,--,--,--,--,--,--,--,--,--,--,--,--,--,--,--,--,--,--,--,--,--,--,--,--,--
2026/5/19 9:50,--,--,--,--,22.1,10.3,22.1,47,--,--,--,--,15.2,12.0,15.2,81,--,--,--,--,--,--,--,--,--,--,--,--,--,--,--,--,--,--,--,55,44,--,--,--,--,--,--,--,--,--,--,--,--,--,--,--,--,--,--,--,--,--,--,--,--,--,--,--,--,--,--,--,--,--,--
2026/5/19 10:05,--,--,--,--,22.2,10.1,22.2,46,--,--,--,--,16.7,12.6,16.7,77,--,--,--,--,--,--,--,--,--,--,--,--,--,--,--,--,--,--,--,55,44,--,--,--,--,--,--,--,--,--,--,--,--,--,--,--,--,--,--,--,--,--,--,--,--,--,--,--,--,--,--,--,--,--,--
2026/5/19 10:20,--,--,--,--,22.2,10.4,22.2,47,--,--,--,--,18.8,13.6,18.8,72,--,--,--,--,--,--,--,--,--,--,--,--,--,--,--,--,--,--,--,55,44,--,--,--,--,--,--,--,--,--,--,--,--,--,--,--,--,--,--,--,--,--,--,--,--,--,--,--,--,--,--,--,--,--,--
2026/5/19 10:35,--,--,--,--,22.2,10.4,22.2,47,--,--,--,--,19.8,13.7,19.8,68,--,--,--,--,--,--,--,--,--,--,--,--,--,--,--,--,--,--,--,55,44,--,--,--,--,--,--,--,--,--,--,--,--,--,--,--,--,--,--,--,--,--,--,--,--,--,--,--,--,--,--,--,--,--,--
2026/5/19 10:50,--,--,--,--,22.2,10.4,22.2,47,--,--,--,--,20.3,13.5,20.3,65,--,--,--,--,--,--,--,--,--,--,--,--,--,--,--,--,--,--,--,55,44,--,--,--,--,--,--,--,--,--,--,--,--,--,--,--,--,--,--,--,--,--,--,--,--,--,--,--,--,--,--,--,--,--,--
2026/5/19 11:05,--,--,--,--,22.3,10.4,22.3,47,--,--,--,--,20.4,12.4,20.4,60,--,--,--,--,--,--,--,--,--,--,--,--,--,--,--,--,--,--,--,55,44,--,--,--,--,--,--,--,--,--,--,--,--,--,--,--,--,--,--,--,--,--,--,--,--,--,--,--,--,--,--,--,--,--,--
2026/5/19 11:20,--,--,--,--,22.3,10.4,22.3,47,--,--,--,--,19.4,12.4,19.4,64,--,--,--,--,--,--,--,--,--,--,--,--,--,--,--,--,--,--,--,55,44,--,--,--,--,--,--,--,--,--,--,--,--,--,--,--,--,--,--,--,--,--,--,--,--,--,--,--,--,--,--,--,--,--,--
2026/5/19 11:35,--,--,--,--,22.3,10.4,22.3,47,--,--,--,--,21.5,12.4,21.5,56,--,--,--,--,--,--,--,--,--,--,--,--,--,--,--,--,--,--,--,55,44,--,--,--,--,--,--,--,--,--,--,--,--,--,--,--,--,--,--,--,--,--,--,--,--,--,--,--,--,--,--,--,--,--,--
2026/5/19 11:50,--,--,--,--,22.3,10.4,22.3,47,--,--,--,--,19.5,10.8,19.5,57,--,--,--,--,--,--,--,--,--,--,--,--,--,--,--,--,--,--,--,55,44,--,--,--,--,--,--,--,--,--,--,--,--,--,--,--,--,--,--,--,--,--,--,--,--,--,--,--,--,--,--,--,--,--,--
2026/5/19 12:05,--,--,--,--,22.3,10.4,22.3,47,--,--,--,--,20.4,11.6,20.4,57,--,--,--,--,--,--,--,--,--,--,--,--,--,--,--,--,--,--,--,55,44,--,--,--,--,--,--,--,--,--,--,--,--,--,--,--,--,--,--,--,--,--,--,--,--,--,--,--,--,--,--,--,--,--,--
2026/5/19 12:20,--,--,--,--,22.3,10.4,22.3,47,--,--,--,--,21.0,11.9,21.0,56,--,--,--,--,--,--,--,--,--,--,--,--,--,--,--,--,--,--,--,55,44,--,--,--,--,--,--,--,--,--,--,--,--,--,--,--,--,--,--,--,--,--,--,--,--,--,--,--,--,--,--,--,--,--,--
2026/5/19 12:35,--,--,--,--,22.3,10.4,22.3,47,--,--,--,--,20.1,11.3,20.1,57,--,--,--,--,--,--,--,--,--,--,--,--,--,--,--,--,--,--,--,55,44,--,--,--,--,--,--,--,--,--,--,--,--,--,--,--,--,--,--,--,--,--,--,--,--,--,--,--,--,--,--,--,--,--,--
2026/5/19 12:50,--,--,--,--,22.4,10.5,22.4,47,--,--,--,--,20.1,12.1,20.1,60,--,--,--,--,--,--,--,--,--,--,--,--,--,--,--,--,--,--,--,55,44,--,--,--,--,--,--,--,--,--,--,--,--,--,--,--,--,--,--,--,--,--,--,--,--,--,--,--,--,--,--,--,--,--,--
2026/5/19 13:05,--,--,--,--,22.5,10.6,22.5,47,--,--,--,--,21.8,13.2,21.8,58,--,--,--,--,--,--,--,--,--,--,--,--,--,--,--,--,--,--,--,55,44,--,--,--,--,--,--,--,--,--,--,--,--,--,--,--,--,--,--,--,--,--,--,--,--,--,--,--,--,--,--,--,--,--,--
2026/5/19 13:20,--,--,--,--,22.5,11.0,22.5,48,--,--,--,--,22.5,12.2,22.5,52,--,--,--,--,--,--,--,--,--,--,--,--,--,--,--,--,--,--,--,55,44,--,--,--,--,--,--,--,--,--,--,--,--,--,--,--,--,--,--,--,--,--,--,--,--,--,--,--,--,--,--,--,--,--,--
2026/5/19 13:35,--,--,--,--,22.6,11.4,22.6,49,--,--,--,--,22.8,12.5,22.8,52,--,--,--,--,--,--,--,--,--,--,--,--,--,--,--,--,--,--,--,55,44,--,--,--,--,--,--,--,--,--,--,--,--,--,--,--,--,--,--,--,--,--,--,--,--,--,--,--,--,--,--,--,--,--,--
2026/5/19 13:50,--,--,--,--,22.6,11.4,22.6,49,--,--,--,--,22.3,12.8,22.3,55,--,--,--,--,--,--,--,--,--,--,--,--,--,--,--,--,--,--,--,55,44,--,--,--,--,--,--,--,--,--,--,--,--,--,--,--,--,--,--,--,--,--,--,--,--,--,--,--,--,--,--,--,--,--,--
2026/5/19 14:05,--,--,--,--,22.6,11.4,22.6,49,--,--,--,--,26.1,14.9,26.1,50,--,--,--,--,--,--,--,--,--,--,--,--,--,--,--,--,--,--,--,55,44,--,--,--,--,--,--,--,--,--,--,--,--,--,--,--,--,--,--,--,--,--,--,--,--,--,--,--,--,--,--,--,--,--,--
2026/5/19 14:20,--,--,--,--,22.7,11.5,22.7,49,--,--,--,--,26.2,14.4,26.2,48,--,--,--,--,--,--,--,--,--,--,--,--,--,--,--,--,--,--,--,55,44,--,--,--,--,--,--,--,--,--,--,--,--,--,--,--,--,--,--,--,--,--,--,--,--,--,--,--,--,--,--,--,--,--,--
2026/5/19 14:35,--,--,--,--,22.7,11.5,22.7,49,--,--,--,--,22.5,11.6,22.5,50,--,--,--,--,--,--,--,--,--,--,--,--,--,--,--,--,--,--,--,55,44,--,--,--,--,--,--,--,--,--,--,--,--,--,--,--,--,--,--,--,--,--,--,--,--,--,--,--,--,--,--,--,--,--,--
2026/5/19 14:50,--,--,--,--,22.7,11.5,22.7,49,--,--,--,--,19.9,10.9,19.9,56,--,--,--,--,--,--,--,--,--,--,--,--,--,--,--,--,--,--,--,55,44,--,--,--,--,--,--,--,--,--,--,--,--,--,--,--,--,--,--,--,--,--,--,--,--,--,--,--,--,--,--,--,--,--,--
2026/5/19 15:05,--,--,--,--,22.7,11.5,22.7,49,--,--,--,--,24.3,14.1,24.3,53,--,--,--,--,--,--,--,--,--,--,--,--,--,--,--,--,--,--,--,55,44,--,--,--,--,--,--,--,--,--,--,--,--,--,--,--,--,--,--,--,--,--,--,--,--,--,--,--,--,--,--,--,--,--,--
2026/5/19 15:20,--,--,--,--,22.7,11.5,22.7,49,--,--,--,--,23.4,12.1,23.4,49,--,--,--,--,--,--,--,--,--,--,--,--,--,--,--,--,--,--,--,55,44,--,--,--,--,--,--,--,--,--,--,--,--,--,--,--,--,--,--,--,--,--,--,--,--,--,--,--,--,--,--,--,--,--,--
2026/5/19 15:35,--,--,--,--,22.7,11.5,22.7,49,--,--,--,--,20.4,10.5,20.4,53,--,--,--,--,--,--,--,--,--,--,--,--,--,--,--,--,--,--,--,55,44,--,--,--,--,--,--,--,--,--,--,--,--,--,--,--,--,--,--,--,--,--,--,--,--,--,--,--,--,--,--,--,--,--,--
2026/5/19 15:50,--,--,--,--,22.7,11.5,22.7,49,--,--,--,--,18.7,10.3,18.7,58,--,--,--,--,--,--,--,--,--,--,--,--,--,--,--,--,--,--,--,55,44,--,--,--,--,--,--,--,--,--,--,--,--,--,--,--,--,--,--,--,--,--,--,--,--,--,--,--,--,--,--,--,--,--,--
2026/5/19 16:05,--,--,--,--,22.7,11.8,22.7,50,--,--,--,--,18.9,10.2,18.9,57,--,--,--,--,--,--,--,--,--,--,--,--,--,--,--,--,--,--,--,55,44,--,--,--,--,--,--,--,--,--,--,--,--,--,--,--,--,--,--,--,--,--,--,--,--,--,--,--,--,--,--,--,--,--,--
2026/5/19 16:20,--,--,--,--,22.7,11.8,22.7,50,--,--,--,--,19.3,10.8,19.3,58,--,--,--,--,--,--,--,--,--,--,--,--,--,--,--,--,--,--,--,55,44,--,--,--,--,--,--,--,--,--,--,--,--,--,--,--,--,--,--,--,--,--,--,--,--,--,--,--,--,--,--,--,--,--,--
2026/5/19 16:35,--,--,--,--,22.7,11.8,22.7,50,--,--,--,--,19.6,10.9,19.6,57,--,--,--,--,--,--,--,--,--,--,--,--,--,--,--,--,--,--,--,55,44,--,--,--,--,--,--,--,--,--,--,--,--,--,--,--,--,--,--,--,--,--,--,--,--,--,--,--,--,--,--,--,--,--,--
2026/5/19 16:50,--,--,--,--,22.7,11.5,22.7,49,--,--,--,--,18.4,10.3,18.4,59,--,--,--,--,--,--,--,--,--,--,--,--,--,--,--,--,--,--,--,55,44,--,--,--,--,--,--,--,--,--,--,--,--,--,--,--,--,--,--,--,--,--,--,--,--,--,--,--,--,--,--,--,--,--,--
2026/5/19 17:05,--,--,--,--,22.6,11.4,22.6,49,--,--,--,--,18.2,10.6,18.2,61,--,--,--,--,--,--,--,--,--,--,--,--,--,--,--,--,--,--,--,55,44,--,--,--,--,--,--,--,--,--,--,--,--,--,--,--,--,--,--,--,--,--,--,--,--,--,--,--,--,--,--,--,--,--,--
2026/5/19 17:20,--,--,--,--,22.6,11.4,22.6,49,--,--,--,--,18.7,10.8,18.7,60,--,--,--,--,--,--,--,--,--,--,--,--,--,--,--,--,--,--,--,55,44,--,--,--,--,--,--,--,--,--,--,--,--,--,--,--,--,--,--,--,--,--,--,--,--,--,--,--,--,--,--,--,--,--,--
2026/5/19 17:35,--,--,--,--,22.5,11.3,22.5,49,--,--,--,--,18.9,11.2,18.9,61,--,--,--,--,--,--,--,--,--,--,--,--,--,--,--,--,--,--,--,55,44,--,--,--,--,--,--,--,--,--,--,--,--,--,--,--,--,--,--,--,--,--,--,--,--,--,--,--,--,--,--,--,--,--,--
2026/5/19 17:50,--,--,--,--,22.5,11.3,22.5,49,--,--,--,--,18.5,11.1,18.5,62,--,--,--,--,--,--,--,--,--,--,--,--,--,--,--,--,--,--,--,55,44,--,--,--,--,--,--,--,--,--,--,--,--,--,--,--,--,--,--,--,--,--,--,--,--,--,--,--,--,--,--,--,--,--,--
2026/5/19 18:05,--,--,--,--,22.5,11.3,22.5,49,--,--,--,--,18.7,10.8,18.7,60,--,--,--,--,--,--,--,--,--,--,--,--,--,--,--,--,--,--,--,55,44,--,--,--,--,--,--,--,--,--,--,--,--,--,--,--,--,--,--,--,--,--,--,--,--,--,--,--,--,--,--,--,--,--,--
2026/5/19 18:20,--,--,--,--,22.4,10.9,22.4,48,--,--,--,--,18.7,10.5,18.7,59,--,--,--,--,--,--,--,--,--,--,--,--,--,--,--,--,--,--,--,55,44,--,--,--,--,--,--,--,--,--,--,--,--,--,--,--,--,--,--,--,--,--,--,--,--,--,--,--,--,--,--,--,--,--,--
2026/5/19 18:35,--,--,--,--,22.4,10.9,22.4,48,--,--,--,--,17.7,10.1,17.7,61,--,--,--,--,--,--,--,--,--,--,--,--,--,--,--,--,--,--,--,55,44,--,--,--,--,--,--,--,--,--,--,--,--,--,--,--,--,--,--,--,--,--,--,--,--,--,--,--,--,--,--,--,--,--,--
2026/5/19 18:50,--,--,--,--,22.4,10.9,22.4,48,--,--,--,--,17.3,10.2,17.3,63,--,--,--,--,--,--,--,--,--,--,--,--,--,--,--,--,--,--,--,55,44,--,--,--,--,--,--,--,--,--,--,--,--,--,--,--,--,--,--,--,--,--,--,--,--,--,--,--,--,--,--,--,--,--,--
2026/5/19 19:05,--,--,--,--,22.3,10.8,22.3,48,--,--,--,--,17.4,10.5,17.4,64,--,--,--,--,--,--,--,--,--,--,--,--,--,--,--,--,--,--,--,55,44,--,--,--,--,--,--,--,--,--,--,--,--,--,--,--,--,--,--,--,--,--,--,--,--,--,--,--,--,--,--,--,--,--,--
2026/5/19 19:20,--,--,--,--,22.3,10.8,22.3,48,--,--,--,--,17.0,10.4,17.0,65,--,--,--,--,--,--,--,--,--,--,--,--,--,--,--,--,--,--,--,55,44,--,--,--,--,--,--,--,--,--,--,--,--,--,--,--,--,--,--,--,--,--,--,--,--,--,--,--,--,--,--,--,--,--,--
2026/5/19 19:35,--,--,--,--,22.3,10.8,22.3,48,--,--,--,--,16.4,10.2,16.4,67,--,--,--,--,--,--,--,--,--,--,--,--,--,--,--,--,--,--,--,55,44,--,--,--,--,--,--,--,--,--,--,--,--,--,--,--,--,--,--,--,--,--,--,--,--,--,--,--,--,--,--,--,--,--,--
2026/5/19 19:50,--,--,--,--,22.3,10.8,22.3,48,--,--,--,--,15.9,10.6,15.9,71,--,--,--,--,--,--,--,--,--,--,--,--,--,--,--,--,--,--,--,55,44,--,--,--,--,--,--,--,--,--,--,--,--,--,--,--,--,--,--,--,--,--,--,--,--,--,--,--,--,--,--,--,--,--,--
2026/5/19 20:05,--,--,--,--,22.3,10.8,22.3,48,--,--,--,--,15.3,10.5,15.3,73,--,--,--,--,--,--,--,--,--,--,--,--,--,--,--,--,--,--,--,55,44,--,--,--,--,--,--,--,--,--,--,--,--,--,--,--,--,--,--,--,--,--,--,--,--,--,--,--,--,--,--,--,--,--,--
2026/5/19 20:20,--,--,--,--,22.3,10.8,22.3,48,--,--,--,--,14.9,10.5,14.9,75,--,--,--,--,--,--,--,--,--,--,--,--,--,--,--,--,--,--,--,55,44,--,--,--,--,--,--,--,--,--,--,--,--,--,--,--,--,--,--,--,--,--,--,--,--,--,--,--,--,--,--,--,--,--,--
2026/5/19 20:35,--,--,--,--,22.3,10.8,22.3,48,--,--,--,--,14.5,10.3,14.5,76,--,--,--,--,--,--,--,--,--,--,--,--,--,--,--,--,--,--,--,55,44,--,--,--,--,--,--,--,--,--,--,--,--,--,--,--,--,--,--,--,--,--,--,--,--,--,--,--,--,--,--,--,--,--,--
2026/5/19 20:50,--,--,--,--,22.3,10.8,22.3,48,--,--,--,--,14.2,10.4,14.2,78,--,--,--,--,--,--,--,--,--,--,--,--,--,--,--,--,--,--,--,55,44,--,--,--,--,--,--,--,--,--,--,--,--,--,--,--,--,--,--,--,--,--,--,--,--,--,--,--,--,--,--,--,--,--,--
2026/5/19 21:05,--,--,--,--,22.2,10.7,22.2,48,--,--,--,--,13.8,10.2,13.8,79,--,--,--,--,--,--,--,--,--,--,--,--,--,--,--,--,--,--,--,55,44,--,--,--,--,--,--,--,--,--,--,--,--,--,--,--,--,--,--,--,--,--,--,--,--,--,--,--,--,--,--,--,--,--,--
2026/5/19 21:20,--,--,--,--,22.2,10.7,22.2,48,--,--,--,--,13.5,10.3,13.5,81,--,--,--,--,--,--,--,--,--,--,--,--,--,--,--,--,--,--,--,55,44,--,--,--,--,--,--,--,--,--,--,--,--,--,--,--,--,--,--,--,--,--,--,--,--,--,--,--,--,--,--,--,--,--,--
2026/5/19 21:35,--,--,--,--,22.2,11.0,22.2,49,--,--,--,--,13.2,10.4,13.2,83,--,--,--,--,--,--,--,--,--,--,--,--,--,--,--,--,--,--,--,55,44,--,--,--,--,--,--,--,--,--,--,--,--,--,--,--,--,--,--,--,--,--,--,--,--,--,--,--,--,--,--,--,--,--,--
2026/5/19 21:50,--,--,--,--,22.2,10.7,22.2,48,--,--,--,--,13.0,10.4,13.0,84,--,--,--,--,--,--,--,--,--,--,--,--,--,--,--,--,--,--,--,55,44,--,--,--,--,--,--,--,--,--,--,--,--,--,--,--,--,--,--,--,--,--,--,--,--,--,--,--,--,--,--,--,--,--,--
2026/5/19 22:05,--,--,--,--,22.2,11.0,22.2,49,--,--,--,--,12.9,10.4,12.9,85,--,--,--,--,--,--,--,--,--,--,--,--,--,--,--,--,--,--,--,55,44,--,--,--,--,--,--,--,--,--,--,--,--,--,--,--,--,--,--,--,--,--,--,--,--,--,--,--,--,--,--,--,--,--,--
2026/5/19 22:20,--,--,--,--,22.2,11.0,22.2,49,--,--,--,--,12.8,10.5,12.8,86,--,--,--,--,--,--,--,--,--,--,--,--,--,--,--,--,--,--,--,55,44,--,--,--,--,--,--,--,--,--,--,--,--,--,--,--,--,--,--,--,--,--,--,--,--,--,--,--,--,--,--,--,--,--,--
2026/5/19 22:35,--,--,--,--,22.2,11.0,22.2,49,--,--,--,--,12.7,10.6,12.7,87,--,--,--,--,--,--,--,--,--,--,--,--,--,--,--,--,--,--,--,55,44,--,--,--,--,--,--,--,--,--,--,--,--,--,--,--,--,--,--,--,--,--,--,--,--,--,--,--,--,--,--,--,--,--,--
2026/5/19 22:50,--,--,--,--,22.1,10.9,22.1,49,--,--,--,--,12.6,10.6,12.6,88,--,--,--,--,--,--,--,--,--,--,--,--,--,--,--,--,--,--,--,55,44,--,--,--,--,--,--,--,--,--,--,--,--,--,--,--,--,--,--,--,--,--,--,--,--,--,--,--,--,--,--,--,--,--,--
2026/5/19 23:05,--,--,--,--,22.1,10.9,22.1,49,--,--,--,--,12.5,10.5,12.5,88,--,--,--,--,--,--,--,--,--,--,--,--,--,--,--,--,--,--,--,55,44,--,--,--,--,--,--,--,--,--,--,--,--,--,--,--,--,--,--,--,--,--,--,--,--,--,--,--,--,--,--,--,--,--,--
2026/5/19 23:20,--,--,--,--,22.1,10.9,22.1,49,--,--,--,--,12.5,10.7,12.5,89,--,--,--,--,--,--,--,--,--,--,--,--,--,--,--,--,--,--,--,55,44,--,--,--,--,--,--,--,--,--,--,--,--,--,--,--,--,--,--,--,--,--,--,--,--,--,--,--,--,--,--,--,--,--,--
2026/5/19 23:35,--,--,--,--,22.1,10.9,22.1,49,--,--,--,--,12.3,10.5,12.3,89,--,--,--,--,--,--,--,--,--,--,--,--,--,--,--,--,--,--,--,55,44,--,--,--,--,--,--,--,--,--,--,--,--,--,--,--,--,--,--,--,--,--,--,--,--,--,--,--,--,--,--,--,--,--,--
2026/5/19 23:50,--,--,--,--,22.1,10.9,22.1,49,--,--,--,--,12.0,10.2,12.0,89,--,--,--,--,--,--,--,--,--,--,--,--,--,--,--,--,--,--,--,55,44,--,--,--,--,--,--,--,--,--,--,--,--,--,--,--,--,--,--,--,--,--,--,--,--,--,--,--,--,--,--,--,--,--,--
2026/5/20 0:00,--,--,--,--,22.1,10.9,22.1,49,--,--,--,--,12.0,10.4,12.0,90,--,--,--,--,--,--,--,--,--,--,--,--,--,--,--,--,--,--,--,55,44,--,--,--,--,--,--,--,--,--,--,--,--,--,--,--,--,--,--,--,--,--,--,--,--,--,--,--,--,--,--,--,--,--,--
2026/5/20 0:05,--,--,--,--,22.1,10.9,22.1,49,--,--,--,--,12.0,10.4,12.0,90,--,--,--,--,--,--,--,--,--,--,--,--,--,--,--,--,--,--,--,55,44,--,--,--,--,--,--,--,--,--,--,--,--,--,--,--,--,--,--,--,--,--,--,--,--,--,--,--,--,--,--,--,--,--,--
2026/5/20 0:20,--,--,--,--,22.1,10.9,22.1,49,--,--,--,--,12.2,10.6,12.2,90,--,--,--,--,--,--,--,--,--,--,--,--,--,--,--,--,--,--,--,55,44,--,--,--,--,--,--,--,--,--,--,--,--,--,--,--,--,--,--,--,--,--,--,--,--,--,--,--,--,--,--,--,--,--,--
2026/5/20 0:35,--,--,--,--,22.0,10.8,22.0,49,--,--,--,--,12.3,10.7,12.3,90,--,--,--,--,--,--,--,--,--,--,--,--,--,--,--,--,--,--,--,55,44,--,--,--,--,--,--,--,--,--,--,--,--,--,--,--,--,--,--,--,--,--,--,--,--,--,--,--,--,--,--,--,--,--,--
2026/5/20 0:50,--,--,--,--,22.0,10.8,22.0,49,--,--,--,--,12.1,10.5,12.1,90,--,--,--,--,--,--,--,--,--,--,--,--,--,--,--,--,--,--,--,55,44,--,--,--,--,--,--,--,--,--,--,--,--,--,--,--,--,--,--,--,--,--,--,--,--,--,--,--,--,--,--,--,--,--,--
2026/5/20 1:05,--,--,--,--,22.0,10.8,22.0,49,--,--,--,--,11.9,10.3,11.9,90,--,--,--,--,--,--,--,--,--,--,--,--,--,--,--,--,--,--,--,55,44,--,--,--,--,--,--,--,--,--,--,--,--,--,--,--,--,--,--,--,--,--,--,--,--,--,--,--,--,--,--,--,--,--,--
2026/5/20 1:20,--,--,--,--,22.0,10.8,22.0,49,--,--,--,--,12.1,10.7,12.1,91,--,--,--,--,--,--,--,--,--,--,--,--,--,--,--,--,--,--,--,55,44,--,--,--,--,--,--,--,--,--,--,--,--,--,--,--,--,--,--,--,--,--,--,--,--,--,--,--,--,--,--,--,--,--,--
2026/5/20 1:35,--,--,--,--,21.9,10.7,21.9,49,--,--,--,--,12.2,10.8,12.2,91,--,--,--,--,--,--,--,--,--,--,--,--,--,--,--,--,--,--,--,55,44,--,--,--,--,--,--,--,--,--,--,--,--,--,--,--,--,--,--,--,--,--,--,--,--,--,--,--,--,--,--,--,--,--,--
2026/5/20 1:50,--,--,--,--,22.0,10.8,22.0,49,--,--,--,--,12.4,11.0,12.4,91,--,--,--,--,--,--,--,--,--,--,--,--,--,--,--,--,--,--,--,55,44,--,--,--,--,--,--,--,--,--,--,--,--,--,--,--,--,--,--,--,--,--,--,--,--,--,--,--,--,--,--,--,--,--,--
2026/5/20 2:05,--,--,--,--,22.0,10.8,22.0,49,--,--,--,--,12.3,10.7,12.3,90,--,--,--,--,--,--,--,--,--,--,--,--,--,--,--,--,--,--,--,55,44,--,--,--,--,--,--,--,--,--,--,--,--,--,--,--,--,--,--,--,--,--,--,--,--,--,--,--,--,--,--,--,--,--,--
2026/5/20 2:20,--,--,--,--,21.9,10.7,21.9,49,--,--,--,--,12.1,10.5,12.1,90,--,--,--,--,--,--,--,--,--,--,--,--,--,--,--,--,--,--,--,55,44,--,--,--,--,--,--,--,--,--,--,--,--,--,--,--,--,--,--,--,--,--,--,--,--,--,--,--,--,--,--,--,--,--,--
2026/5/20 2:35,--,--,--,--,21.9,10.7,21.9,49,--,--,--,--,12.2,10.8,12.2,91,--,--,--,--,--,--,--,--,--,--,--,--,--,--,--,--,--,--,--,55,44,--,--,--,--,--,--,--,--,--,--,--,--,--,--,--,--,--,--,--,--,--,--,--,--,--,--,--,--,--,--,--,--,--,--
2026/5/20 2:50,--,--,--,--,21.9,10.7,21.9,49,--,--,--,--,12.4,10.8,12.4,90,--,--,--,--,--,--,--,--,--,--,--,--,--,--,--,--,--,--,--,55,44,--,--,--,--,--,--,--,--,--,--,--,--,--,--,--,--,--,--,--,--,--,--,--,--,--,--,--,--,--,--,--,--,--,--
2026/5/20 3:05,--,--,--,--,21.9,10.7,21.9,49,--,--,--,--,12.4,10.8,12.4,90,--,--,--,--,--,--,--,--,--,--,--,--,--,--,--,--,--,--,--,55,44,--,--,--,--,--,--,--,--,--,--,--,--,--,--,--,--,--,--,--,--,--,--,--,--,--,--,--,--,--,--,--,--,--,--
2026/5/20 3:20,--,--,--,--,21.9,10.7,21.9,49,--,--,--,--,12.3,10.7,12.3,90,--,--,--,--,--,--,--,--,--,--,--,--,--,--,--,--,--,--,--,55,44,--,--,--,--,--,--,--,--,--,--,--,--,--,--,--,--,--,--,--,--,--,--,--,--,--,--,--,--,--,--,--,--,--,--
2026/5/20 3:35,--,--,--,--,21.9,10.7,21.9,49,--,--,--,--,12.3,10.7,12.3,90,--,--,--,--,--,--,--,--,--,--,--,--,--,--,--,--,--,--,--,55,44,--,--,--,--,--,--,--,--,--,--,--,--,--,--,--,--,--,--,--,--,--,--,--,--,--,--,--,--,--,--,--,--,--,--
2026/5/20 3:50,--,--,--,--,21.9,10.7,21.9,49,--,--,--,--,12.4,10.8,12.4,90,--,--,--,--,--,--,--,--,--,--,--,--,--,--,--,--,--,--,--,55,44,--,--,--,--,--,--,--,--,--,--,--,--,--,--,--,--,--,--,--,--,--,--,--,--,--,--,--,--,--,--,--,--,--,--
2026/5/20 4:05,--,--,--,--,21.8,10.6,21.8,49,--,--,--,--,12.4,10.8,12.4,90,--,--,--,--,--,--,--,--,--,--,--,--,--,--,--,--,--,--,--,55,44,--,--,--,--,--,--,--,--,--,--,--,--,--,--,--,--,--,--,--,--,--,--,--,--,--,--,--,--,--,--,--,--,--,--
2026/5/20 4:20,--,--,--,--,21.8,10.6,21.8,49,--,--,--,--,12.3,10.7,12.3,90,--,--,--,--,--,--,--,--,--,--,--,--,--,--,--,--,--,--,--,55,44,--,--,--,--,--,--,--,--,--,--,--,--,--,--,--,--,--,--,--,--,--,--,--,--,--,--,--,--,--,--,--,--,--,--
2026/5/20 4:35,--,--,--,--,21.8,10.6,21.8,49,--,--,--,--,12.2,10.6,12.2,90,--,--,--,--,--,--,--,--,--,--,--,--,--,--,--,--,--,--,--,55,44,--,--,--,--,--,--,--,--,--,--,--,--,--,--,--,--,--,--,--,--,--,--,--,--,--,--,--,--,--,--,--,--,--,--
2026/5/20 4:50,--,--,--,--,21.8,10.6,21.8,49,--,--,--,--,12.1,10.5,12.1,90,--,--,--,--,--,--,--,--,--,--,--,--,--,--,--,--,--,--,--,55,44,--,--,--,--,--,--,--,--,--,--,--,--,--,--,--,--,--,--,--,--,--,--,--,--,--,--,--,--,--,--,--,--,--,--
2026/5/20 5:05,--,--,--,--,21.8,10.6,21.8,49,--,--,--,--,11.8,10.4,11.8,91,--,--,--,--,--,--,--,--,--,--,--,--,--,--,--,--,--,--,--,55,44,--,--,--,--,--,--,--,--,--,--,--,--,--,--,--,--,--,--,--,--,--,--,--,--,--,--,--,--,--,--,--,--,--,--
2026/5/20 5:20,--,--,--,--,21.8,10.6,21.8,49,--,--,--,--,11.9,10.5,11.9,91,--,--,--,--,--,--,--,--,--,--,--,--,--,--,--,--,--,--,--,55,44,--,--,--,--,--,--,--,--,--,--,--,--,--,--,--,--,--,--,--,--,--,--,--,--,--,--,--,--,--,--,--,--,--,--
2026/5/20 5:35,--,--,--,--,21.8,10.6,21.8,49,--,--,--,--,11.9,10.5,11.9,91,--,--,--,--,--,--,--,--,--,--,--,--,--,--,--,--,--,--,--,55,44,--,--,--,--,--,--,--,--,--,--,--,--,--,--,--,--,--,--,--,--,--,--,--,--,--,--,--,--,--,--,--,--,--,--
2026/5/20 5:50,--,--,--,--,21.8,10.9,21.8,50,--,--,--,--,12.0,10.6,12.0,91,--,--,--,--,--,--,--,--,--,--,--,--,--,--,--,--,--,--,--,55,44,--,--,--,--,--,--,--,--,--,--,--,--,--,--,--,--,--,--,--,--,--,--,--,--,--,--,--,--,--,--,--,--,--,--
2026/5/20 6:05,--,--,--,--,21.8,10.9,21.8,50,--,--,--,--,12.1,10.9,12.1,92,--,--,--,--,--,--,--,--,--,--,--,--,--,--,--,--,--,--,--,55,44,--,--,--,--,--,--,--,--,--,--,--,--,--,--,--,--,--,--,--,--,--,--,--,--,--,--,--,--,--,--,--,--,--,--
2026/5/20 6:20,--,--,--,--,21.8,10.9,21.8,50,--,--,--,--,12.6,11.2,12.6,91,--,--,--,--,--,--,--,--,--,--,--,--,--,--,--,--,--,--,--,55,44,--,--,--,--,--,--,--,--,--,--,--,--,--,--,--,--,--,--,--,--,--,--,--,--,--,--,--,--,--,--,--,--,--,--
2026/5/20 6:35,--,--,--,--,21.9,11.0,21.9,50,--,--,--,--,13.0,11.6,13.0,91,--,--,--,--,--,--,--,--,--,--,--,--,--,--,--,--,--,--,--,55,44,--,--,--,--,--,--,--,--,--,--,--,--,--,--,--,--,--,--,--,--,--,--,--,--,--,--,--,--,--,--,--,--,--,--
2026/5/20 6:50,--,--,--,--,21.9,11.0,21.9,50,--,--,--,--,13.2,11.6,13.2,90,--,--,--,--,--,--,--,--,--,--,--,--,--,--,--,--,--,--,--,55,44,--,--,--,--,--,--,--,--,--,--,--,--,--,--,--,--,--,--,--,--,--,--,--,--,--,--,--,--,--,--,--,--,--,--
2026/5/20 7:05,--,--,--,--,21.8,11.2,21.8,51,--,--,--,--,13.1,11.5,13.1,90,--,--,--,--,--,--,--,--,--,--,--,--,--,--,--,--,--,--,--,55,44,--,--,--,--,--,--,--,--,--,--,--,--,--,--,--,--,--,--,--,--,--,--,--,--,--,--,--,--,--,--,--,--,--,--
2026/5/20 7:20,--,--,--,--,21.8,11.2,21.8,51,--,--,--,--,13.1,11.5,13.1,90,--,--,--,--,--,--,--,--,--,--,--,--,--,--,--,--,--,--,--,55,44,--,--,--,--,--,--,--,--,--,--,--,--,--,--,--,--,--,--,--,--,--,--,--,--,--,--,--,--,--,--,--,--,--,--
2026/5/20 7:35,--,--,--,--,21.8,11.2,21.8,51,--,--,--,--,13.0,11.6,13.0,91,--,--,--,--,--,--,--,--,--,--,--,--,--,--,--,--,--,--,--,55,44,--,--,--,--,--,--,--,--,--,--,--,--,--,--,--,--,--,--,--,--,--,--,--,--,--,--,--,--,--,--,--,--,--,--
2026/5/20 7:50,--,--,--,--,21.8,10.9,21.8,50,--,--,--,--,13.7,12.3,13.7,91,--,--,--,--,--,--,--,--,--,--,--,--,--,--,--,--,--,--,--,55,44,--,--,--,--,--,--,--,--,--,--,--,--,--,--,--,--,--,--,--,--,--,--,--,--,--,--,--,--,--,--,--,--,--,--
2026/5/20 8:05,--,--,--,--,21.8,11.2,21.8,51,--,--,--,--,14.2,12.6,14.2,90,--,--,--,--,--,--,--,--,--,--,--,--,--,--,--,--,--,--,--,55,44,--,--,--,--,--,--,--,--,--,--,--,--,--,--,--,--,--,--,--,--,--,--,--,--,--,--,--,--,--,--,--,--,--,--
2026/5/20 8:20,--,--,--,--,21.9,11.3,21.9,51,--,--,--,--,14.3,12.5,14.3,89,--,--,--,--,--,--,--,--,--,--,--,--,--,--,--,--,--,--,--,55,44,--,--,--,--,--,--,--,--,--,--,--,--,--,--,--,--,--,--,--,--,--,--,--,--,--,--,--,--,--,--,--,--,--,--
2026/5/20 8:35,--,--,--,--,21.9,11.3,21.9,51,--,--,--,--,14.4,12.6,14.4,89,--,--,--,--,--,--,--,--,--,--,--,--,--,--,--,--,--,--,--,55,44,--,--,--,--,--,--,--,--,--,--,--,--,--,--,--,--,--,--,--,--,--,--,--,--,--,--,--,--,--,--,--,--,--,--
2026/5/20 8:50,--,--,--,--,21.8,11.2,21.8,51,--,--,--,--,14.6,12.8,14.6,89,--,--,--,--,--,--,--,--,--,--,--,--,--,--,--,--,--,--,--,55,44,--,--,--,--,--,--,--,--,--,--,--,--,--,--,--,--,--,--,--,--,--,--,--,--,--,--,--,--,--,--,--,--,--,--
2026/5/20 9:05,--,--,--,--,21.9,11.3,21.9,51,--,--,--,--,15.7,13.7,15.7,88,--,--,--,--,--,--,--,--,--,--,--,--,--,--,--,--,--,--,--,55,44,--,--,--,--,--,--,--,--,--,--,--,--,--,--,--,--,--,--,--,--,--,--,--,--,--,--,--,--,--,--,--,--,--,--
2026/5/20 9:20,--,--,--,--,21.9,11.3,21.9,51,--,--,--,--,17.1,14.6,17.1,85,--,--,--,--,--,--,--,--,--,--,--,--,--,--,--,--,--,--,--,55,44,--,--,--,--,--,--,--,--,--,--,--,--,--,--,--,--,--,--,--,--,--,--,--,--,--,--,--,--,--,--,--,--,--,--
2026/5/20 9:35,--,--,--,--,21.9,11.3,21.9,51,--,--,--,--,18.0,14.9,18.0,82,--,--,--,--,--,--,--,--,--,--,--,--,--,--,--,--,--,--,--,55,44,--,--,--,--,--,--,--,--,--,--,--,--,--,--,--,--,--,--,--,--,--,--,--,--,--,--,--,--,--,--,--,--,--,--
2026/5/20 9:50,--,--,--,--,21.9,11.3,21.9,51,--,--,--,--,18.3,14.8,18.3,80,--,--,--,--,--,--,--,--,--,--,--,--,--,--,--,--,--,--,--,55,44,--,--,--,--,--,--,--,--,--,--,--,--,--,--,--,--,--,--,--,--,--,--,--,--,--,--,--,--,--,--,--,--,--,--
2026/5/20 10:05,--,--,--,--,21.9,11.3,21.9,51,--,--,--,--,18.9,15.2,18.9,79,--,--,--,--,--,--,--,--,--,--,--,--,--,--,--,--,--,--,--,55,44,--,--,--,--,--,--,--,--,--,--,--,--,--,--,--,--,--,--,--,--,--,--,--,--,--,--,--,--,--,--,--,--,--,--
2026/5/20 10:20,--,--,--,--,21.9,11.3,21.9,51,--,--,--,--,19.2,15.3,19.2,78,--,--,--,--,--,--,--,--,--,--,--,--,--,--,--,--,--,--,--,55,44,--,--,--,--,--,--,--,--,--,--,--,--,--,--,--,--,--,--,--,--,--,--,--,--,--,--,--,--,--,--,--,--,--,--
2026/5/20 10:35,--,--,--,--,22.0,11.4,22.0,51,--,--,--,--,20.2,15.7,20.2,75,--,--,--,--,--,--,--,--,--,--,--,--,--,--,--,--,--,--,--,55,44,--,--,--,--,--,--,--,--,--,--,--,--,--,--,--,--,--,--,--,--,--,--,--,--,--,--,--,--,--,--,--,--,--,--
2026/5/20 10:50,--,--,--,--,22.0,11.4,22.0,51,--,--,--,--,21.9,16.9,21.9,73,--,--,--,--,--,--,--,--,--,--,--,--,--,--,--,--,--,--,--,55,44,--,--,--,--,--,--,--,--,--,--,--,--,--,--,--,--,--,--,--,--,--,--,--,--,--,--,--,--,--,--,--,--,--,--
2026/5/20 11:05,--,--,--,--,22.0,11.4,22.0,51,--,--,--,--,21.3,15.4,21.3,69,--,--,--,--,--,--,--,--,--,--,--,--,--,--,--,--,--,--,--,55,44,--,--,--,--,--,--,--,--,--,--,--,--,--,--,--,--,--,--,--,--,--,--,--,--,--,--,--,--,--,--,--,--,--,--
2026/5/20 11:20,--,--,--,--,22.0,11.4,22.0,51,--,--,--,--,21.1,15.7,21.1,71,--,--,--,--,--,--,--,--,--,--,--,--,--,--,--,--,--,--,--,55,44,--,--,--,--,--,--,--,--,--,--,--,--,--,--,--,--,--,--,--,--,--,--,--,--,--,--,--,--,--,--,--,--,--,--
2026/5/20 11:35,--,--,--,--,22.1,11.5,22.1,51,--,--,--,--,23.5,16.8,23.5,66,--,--,--,--,--,--,--,--,--,--,--,--,--,--,--,--,--,--,--,55,44,--,--,--,--,--,--,--,--,--,--,--,--,--,--,--,--,--,--,--,--,--,--,--,--,--,--,--,--,--,--,--,--,--,--
2026/5/20 11:50,--,--,--,--,22.0,11.4,22.0,51,--,--,--,--,20.0,14.2,20.0,69,--,--,--,--,--,--,--,--,--,--,--,--,--,--,--,--,--,--,--,55,44,--,--,--,--,--,--,--,--,--,--,--,--,--,--,--,--,--,--,--,--,--,--,--,--,--,--,--,--,--,--,--,--,--,--
2026/5/20 12:05,--,--,--,--,22.1,11.8,22.1,52,--,--,--,--,19.5,15.0,19.5,75,--,--,--,--,--,--,--,--,--,--,--,--,--,--,--,--,--,--,--,55,44,--,--,--,--,--,--,--,--,--,--,--,--,--,--,--,--,--,--,--,--,--,--,--,--,--,--,--,--,--,--,--,--,--,--
2026/5/20 12:20,--,--,--,--,22.1,11.8,22.1,52,--,--,--,--,21.2,16.2,21.2,73,--,--,--,--,--,--,--,--,--,--,--,--,--,--,--,--,--,--,--,55,44,--,--,--,--,--,--,--,--,--,--,--,--,--,--,--,--,--,--,--,--,--,--,--,--,--,--,--,--,--,--,--,--,--,--
2026/5/20 12:35,--,--,--,--,22.1,11.8,22.1,52,--,--,--,--,21.8,15.6,21.8,68,--,--,--,--,--,--,--,--,--,--,--,--,--,--,--,--,--,--,--,55,44,--,--,--,--,--,--,--,--,--,--,--,--,--,--,--,--,--,--,--,--,--,--,--,--,--,--,--,--,--,--,--,--,--,--
2026/5/20 12:50,--,--,--,--,22.2,11.9,22.2,52,--,--,--,--,19.6,13.8,19.6,69,--,--,--,--,--,--,--,--,--,--,--,--,--,--,--,--,--,--,--,55,44,--,--,--,--,--,--,--,--,--,--,--,--,--,--,--,--,--,--,--,--,--,--,--,--,--,--,--,--,--,--,--,--,--,--
2026/5/20 13:05,--,--,--,--,22.3,12.3,22.3,53,--,--,--,--,23.1,16.4,23.1,66,--,--,--,--,--,--,--,--,--,--,--,--,--,--,--,--,--,--,--,55,44,--,--,--,--,--,--,--,--,--,--,--,--,--,--,--,--,--,--,--,--,--,--,--,--,--,--,--,--,--,--,--,--,--,--
2026/5/20 13:20,--,--,--,--,22.4,12.4,22.4,53,--,--,--,--,23.2,17.2,23.2,69,--,--,--,--,--,--,--,--,--,--,--,--,--,--,--,--,--,--,--,55,44,--,--,--,--,--,--,--,--,--,--,--,--,--,--,--,--,--,--,--,--,--,--,--,--,--,--,--,--,--,--,--,--,--,--
2026/5/20 13:35,--,--,--,--,22.4,12.4,22.4,53,--,--,--,--,30.4,19.5,31.9,52,--,--,--,--,--,--,--,--,--,--,--,--,--,--,--,--,--,--,--,55,44,--,--,--,--,--,--,--,--,--,--,--,--,--,--,--,--,--,--,--,--,--,--,--,--,--,--,--,--,--,--,--,--,--,--
2026/5/20 13:50,--,--,--,--,22.4,12.7,22.4,54,--,--,--,--,26.3,15.4,26.3,51,--,--,--,--,--,--,--,--,--,--,--,--,--,--,--,--,--,--,--,55,44,--,--,--,--,--,--,--,--,--,--,--,--,--,--,--,--,--,--,--,--,--,--,--,--,--,--,--,--,--,--,--,--,--,--
2026/5/20 14:05,--,--,--,--,22.5,12.7,22.5,54,--,--,--,--,26.3,14.4,26.3,48,--,--,--,--,--,--,--,--,--,--,--,--,--,--,--,--,--,--,--,55,44,--,--,--,--,--,--,--,--,--,--,--,--,--,--,--,--,--,--,--,--,--,--,--,--,--,--,--,--,--,--,--,--,--,--
2026/5/20 14:20,--,--,--,--,22.5,12.7,22.5,54,--,--,--,--,23.7,14.1,23.7,55,--,--,--,--,--,--,--,--,--,--,--,--,--,--,--,--,--,--,--,55,44,--,--,--,--,--,--,--,--,--,--,--,--,--,--,--,--,--,--,--,--,--,--,--,--,--,--,--,--,--,--,--,--,--,--
2026/5/20 14:35,--,--,--,--,22.5,12.5,22.5,53,--,--,--,--,27.1,15.8,27.5,50,--,--,--,--,--,--,--,--,--,--,--,--,--,--,--,--,--,--,--,55,44,--,--,--,--,--,--,--,--,--,--,--,--,--,--,--,--,--,--,--,--,--,--,--,--,--,--,--,--,--,--,--,--,--,--
2026/5/20 14:50,--,--,--,--,22.5,12.5,22.5,53,--,--,--,--,24.8,14.0,24.8,51,--,--,--,--,--,--,--,--,--,--,--,--,--,--,--,--,--,--,--,55,44,--,--,--,--,--,--,--,--,--,--,--,--,--,--,--,--,--,--,--,--,--,--,--,--,--,--,--,--,--,--,--,--,--,--
2026/5/20 15:05,--,--,--,--,22.5,12.5,22.5,53,--,--,--,--,22.7,13.5,22.7,56,--,--,--,--,--,--,--,--,--,--,--,--,--,--,--,--,--,--,--,55,44,--,--,--,--,--,--,--,--,--,--,--,--,--,--,--,--,--,--,--,--,--,--,--,--,--,--,--,--,--,--,--,--,--,--
2026/5/20 15:20,--,--,--,--,22.5,12.5,22.5,53,--,--,--,--,27.9,18.3,28.8,56,--,--,--,--,--,--,--,--,--,--,--,--,--,--,--,--,--,--,--,55,44,--,--,--,--,--,--,--,--,--,--,--,--,--,--,--,--,--,--,--,--,--,--,--,--,--,--,--,--,--,--,--,--,--,--
2026/5/20 15:35,--,--,--,--,22.6,12.6,22.6,53,--,--,--,--,30.8,18.9,32.1,49,--,--,--,--,--,--,--,--,--,--,--,--,--,--,--,--,--,--,--,55,44,--,--,--,--,--,--,--,--,--,--,--,--,--,--,--,--,--,--,--,--,--,--,--,--,--,--,--,--,--,--,--,--,--,--
2026/5/20 15:50,--,--,--,--,22.6,12.8,22.6,54,--,--,--,--,34.6,19.9,37.1,42,--,--,--,--,--,--,--,--,--,--,--,--,--,--,--,--,--,--,--,55,44,--,--,--,--,--,--,--,--,--,--,--,--,--,--,--,--,--,--,--,--,--,--,--,--,--,--,--,--,--,--,--,--,--,--
2026/5/20 16:05,--,--,--,--,22.7,12.9,22.7,54,--,--,--,--,31.4,17.3,31.9,43,--,--,--,--,--,--,--,--,--,--,--,--,--,--,--,--,--,--,--,55,44,--,--,--,--,--,--,--,--,--,--,--,--,--,--,--,--,--,--,--,--,--,--,--,--,--,--,--,--,--,--,--,--,--,--
2026/5/20 16:20,--,--,--,--,22.7,12.9,22.7,54,--,--,--,--,32.3,16.6,32.5,39,--,--,--,--,--,--,--,--,--,--,--,--,--,--,--,--,--,--,--,55,44,--,--,--,--,--,--,--,--,--,--,--,--,--,--,--,--,--,--,--,--,--,--,--,--,--,--,--,--,--,--,--,--,--,--
2026/5/20 16:35,--,--,--,--,22.8,13.0,22.8,54,--,--,--,--,24.4,12.4,24.4,47,--,--,--,--,--,--,--,--,--,--,--,--,--,--,--,--,--,--,--,55,44,--,--,--,--,--,--,--,--,--,--,--,--,--,--,--,--,--,--,--,--,--,--,--,--,--,--,--,--,--,--,--,--,--,--
2026/5/20 16:50,--,--,--,--,22.7,12.9,22.7,54,--,--,--,--,23.7,13.3,23.7,52,--,--,--,--,--,--,--,--,--,--,--,--,--,--,--,--,--,--,--,55,44,--,--,--,--,--,--,--,--,--,--,--,--,--,--,--,--,--,--,--,--,--,--,--,--,--,--,--,--,--,--,--,--,--,--
2026/5/20 17:05,--,--,--,--,22.7,12.7,22.7,53,--,--,--,--,24.7,13.3,24.7,49,--,--,--,--,--,--,--,--,--,--,--,--,--,--,--,--,--,--,--,55,44,--,--,--,--,--,--,--,--,--,--,--,--,--,--,--,--,--,--,--,--,--,--,--,--,--,--,--,--,--,--,--,--,--,--
2026/5/20 17:20,--,--,--,--,22.7,12.7,22.7,53,--,--,--,--,23.1,12.7,23.1,52,--,--,--,--,--,--,--,--,--,--,--,--,--,--,--,--,--,--,--,55,44,--,--,--,--,--,--,--,--,--,--,--,--,--,--,--,--,--,--,--,--,--,--,--,--,--,--,--,--,--,--,--,--,--,--
2026/5/20 17:35,--,--,--,--,22.7,12.7,22.7,53,--,--,--,--,20.3,11.5,20.3,57,--,--,--,--,--,--,--,--,--,--,--,--,--,--,--,--,--,--,--,55,44,--,--,--,--,--,--,--,--,--,--,--,--,--,--,--,--,--,--,--,--,--,--,--,--,--,--,--,--,--,--,--,--,--,--
2026/5/20 17:50,--,--,--,--,22.7,12.7,22.7,53,--,--,--,--,21.8,12.9,21.8,57,--,--,--,--,--,--,--,--,--,--,--,--,--,--,--,--,--,--,--,55,44,--,--,--,--,--,--,--,--,--,--,--,--,--,--,--,--,--,--,--,--,--,--,--,--,--,--,--,--,--,--,--,--,--,--
2026/5/20 18:05,--,--,--,--,22.7,12.7,22.7,53,--,--,--,--,22.2,13.3,22.2,57,--,--,--,--,--,--,--,--,--,--,--,--,--,--,--,--,--,--,--,55,44,--,--,--,--,--,--,--,--,--,--,--,--,--,--,--,--,--,--,--,--,--,--,--,--,--,--,--,--,--,--,--,--,--,--
2026/5/20 18:20,--,--,--,--,22.7,12.7,22.7,53,--,--,--,--,21.9,12.5,21.9,55,--,--,--,--,--,--,--,--,--,--,--,--,--,--,--,--,--,--,--,55,44,--,--,--,--,--,--,--,--,--,--,--,--,--,--,--,--,--,--,--,--,--,--,--,--,--,--,--,--,--,--,--,--,--,--
2026/5/20 18:35,--,--,--,--,22.7,12.7,22.7,53,--,--,--,--,21.3,12.2,21.3,56,--,--,--,--,--,--,--,--,--,--,--,--,--,--,--,--,--,--,--,55,44,--,--,--,--,--,--,--,--,--,--,--,--,--,--,--,--,--,--,--,--,--,--,--,--,--,--,--,--,--,--,--,--,--,--
2026/5/20 18:50,--,--,--,--,22.7,12.7,22.7,53,--,--,--,--,21.4,12.3,21.4,56,--,--,--,--,--,--,--,--,--,--,--,--,--,--,--,--,--,--,--,55,44,--,--,--,--,--,--,--,--,--,--,--,--,--,--,--,--,--,--,--,--,--,--,--,--,--,--,--,--,--,--,--,--,--,--
2026/5/20 19:05,--,--,--,--,22.7,12.7,22.7,53,--,--,--,--,19.7,11.5,19.7,59,--,--,--,--,--,--,--,--,--,--,--,--,--,--,--,--,--,--,--,55,44,--,--,--,--,--,--,--,--,--,--,--,--,--,--,--,--,--,--,--,--,--,--,--,--,--,--,--,--,--,--,--,--,--,--
2026/5/20 19:20,--,--,--,--,22.7,12.7,22.7,53,--,--,--,--,18.7,11.0,18.7,61,--,--,--,--,--,--,--,--,--,--,--,--,--,--,--,--,--,--,--,55,44,--,--,--,--,--,--,--,--,--,--,--,--,--,--,--,--,--,--,--,--,--,--,--,--,--,--,--,--,--,--,--,--,--,--
2026/5/20 19:35,--,--,--,--,22.6,12.6,22.6,53,--,--,--,--,18.9,11.5,18.9,62,--,--,--,--,--,--,--,--,--,--,--,--,--,--,--,--,--,--,--,55,44,--,--,--,--,--,--,--,--,--,--,--,--,--,--,--,--,--,--,--,--,--,--,--,--,--,--,--,--,--,--,--,--,--,--
2026/5/20 19:50,--,--,--,--,22.6,12.6,22.6,53,--,--,--,--,18.9,11.5,18.9,62,--,--,--,--,--,--,--,--,--,--,--,--,--,--,--,--,--,--,--,55,44,--,--,--,--,--,--,--,--,--,--,--,--,--,--,--,--,--,--,--,--,--,--,--,--,--,--,--,--,--,--,--,--,--,--
2026/5/20 20:05,--,--,--,--,22.6,12.6,22.6,53,--,--,--,--,18.4,11.3,18.4,63,--,--,--,--,--,--,--,--,--,--,--,--,--,--,--,--,--,--,--,55,44,--,--,--,--,--,--,--,--,--,--,--,--,--,--,--,--,--,--,--,--,--,--,--,--,--,--,--,--,--,--,--,--,--,--
2026/5/20 20:20,--,--,--,--,22.6,12.6,22.6,53,--,--,--,--,17.6,10.7,17.6,64,--,--,--,--,--,--,--,--,--,--,--,--,--,--,--,--,--,--,--,55,44,--,--,--,--,--,--,--,--,--,--,--,--,--,--,--,--,--,--,--,--,--,--,--,--,--,--,--,--,--,--,--,--,--,--
2026/5/20 20:35,--,--,--,--,22.5,12.5,22.5,53,--,--,--,--,17.1,10.9,17.1,67,--,--,--,--,--,--,--,--,--,--,--,--,--,--,--,--,--,--,--,55,44,--,--,--,--,--,--,--,--,--,--,--,--,--,--,--,--,--,--,--,--,--,--,--,--,--,--,--,--,--,--,--,--,--,--
2026/5/20 20:50,--,--,--,--,22.5,12.5,22.5,53,--,--,--,--,15.9,10.5,15.9,70,--,--,--,--,--,--,--,--,--,--,--,--,--,--,--,--,--,--,--,55,44,--,--,--,--,--,--,--,--,--,--,--,--,--,--,--,--,--,--,--,--,--,--,--,--,--,--,--,--,--,--,--,--,--,--
2026/5/20 21:05,--,--,--,--,22.5,12.5,22.5,53,--,--,--,--,15.4,10.6,15.4,73,--,--,--,--,--,--,--,--,--,--,--,--,--,--,--,--,--,--,--,55,44,--,--,--,--,--,--,--,--,--,--,--,--,--,--,--,--,--,--,--,--,--,--,--,--,--,--,--,--,--,--,--,--,--,--
2026/5/20 21:20,--,--,--,--,22.5,12.5,22.5,53,--,--,--,--,14.6,10.2,14.6,75,--,--,--,--,--,--,--,--,--,--,--,--,--,--,--,--,--,--,--,55,44,--,--,--,--,--,--,--,--,--,--,--,--,--,--,--,--,--,--,--,--,--,--,--,--,--,--,--,--,--,--,--,--,--,--
2026/5/20 21:35,--,--,--,--,22.4,12.1,22.4,52,--,--,--,--,14.3,10.1,14.3,76,--,--,--,--,--,--,--,--,--,--,--,--,--,--,--,--,--,--,--,55,44,--,--,--,--,--,--,--,--,--,--,--,--,--,--,--,--,--,--,--,--,--,--,--,--,--,--,--,--,--,--,--,--,--,--
2026/5/20 21:50,--,--,--,--,22.4,12.1,22.4,52,--,--,--,--,13.8,9.8,13.8,77,--,--,--,--,--,--,--,--,--,--,--,--,--,--,--,--,--,--,--,55,44,--,--,--,--,--,--,--,--,--,--,--,--,--,--,--,--,--,--,--,--,--,--,--,--,--,--,--,--,--,--,--,--,--,--
2026/5/20 22:05,--,--,--,--,22.3,12.0,22.3,52,--,--,--,--,13.4,9.8,13.4,79,--,--,--,--,--,--,--,--,--,--,--,--,--,--,--,--,--,--,--,55,44,--,--,--,--,--,--,--,--,--,--,--,--,--,--,--,--,--,--,--,--,--,--,--,--,--,--,--,--,--,--,--,--,--,--
2026/5/20 22:20,--,--,--,--,22.3,12.0,22.3,52,--,--,--,--,13.2,10.0,13.2,81,--,--,--,--,--,--,--,--,--,--,--,--,--,--,--,--,--,--,--,55,44,--,--,--,--,--,--,--,--,--,--,--,--,--,--,--,--,--,--,--,--,--,--,--,--,--,--,--,--,--,--,--,--,--,--
2026/5/20 22:35,--,--,--,--,22.2,11.9,22.2,52,--,--,--,--,13.4,10.4,13.4,82,--,--,--,--,--,--,--,--,--,--,--,--,--,--,--,--,--,--,--,55,44,--,--,--,--,--,--,--,--,--,--,--,--,--,--,--,--,--,--,--,--,--,--,--,--,--,--,--,--,--,--,--,--,--,--
2026/5/20 22:50,--,--,--,--,22.2,11.9,22.2,52,--,--,--,--,13.5,10.5,13.5,82,--,--,--,--,--,--,--,--,--,--,--,--,--,--,--,--,--,--,--,55,44,--,--,--,--,--,--,--,--,--,--,--,--,--,--,--,--,--,--,--,--,--,--,--,--,--,--,--,--,--,--,--,--,--,--
2026/5/20 23:05,--,--,--,--,22.2,11.9,22.2,52,--,--,--,--,13.6,10.6,13.6,82,--,--,--,--,--,--,--,--,--,--,--,--,--,--,--,--,--,--,--,55,44,--,--,--,--,--,--,--,--,--,--,--,--,--,--,--,--,--,--,--,--,--,--,--,--,--,--,--,--,--,--,--,--,--,--
2026/5/20 23:20,--,--,--,--,22.1,11.8,22.1,52,--,--,--,--,13.7,10.7,13.7,82,--,--,--,--,--,--,--,--,--,--,--,--,--,--,--,--,--,--,--,55,44,--,--,--,--,--,--,--,--,--,--,--,--,--,--,--,--,--,--,--,--,--,--,--,--,--,--,--,--,--,--,--,--,--,--
2026/5/20 23:35,--,--,--,--,22.1,11.8,22.1,52,--,--,--,--,13.7,10.9,13.7,83,--,--,--,--,--,--,--,--,--,--,--,--,--,--,--,--,--,--,--,55,44,--,--,--,--,--,--,--,--,--,--,--,--,--,--,--,--,--,--,--,--,--,--,--,--,--,--,--,--,--,--,--,--,--,--
2026/5/20 23:50,--,--,--,--,22.1,11.8,22.1,52,--,--,--,--,13.8,11.0,13.8,83,--,--,--,--,--,--,--,--,--,--,--,--,--,--,--,--,--,--,--,55,44,--,--,--,--,--,--,--,--,--,--,--,--,--,--,--,--,--,--,--,--,--,--,--,--,--,--,--,--,--,--,--,--,--,--
2026/5/20 23:59,--,--,--,--,22.0,11.7,22.0,52,--,--,--,--,13.8,11.0,13.8,83,--,--,--,--,--,--,--,--,--,--,--,--,--,--,--,--,--,--,--,55,44,--,--,--,--,--,--,--,--,--,--,--,--,--,--,--,--,--,--,--,--,--,--,--,--,--,--,--,--,--,--,--,--,--,--
2026/5/21 0:00,--,--,--,--,22.0,11.7,22.0,52,--,--,--,--,13.8,11.0,13.8,83,--,--,--,--,--,--,--,--,--,--,--,--,--,--,--,--,--,--,--,55,44,--,--,--,--,--,--,--,--,--,--,--,--,--,--,--,--,--,--,--,--,--,--,--,--,--,--,--,--,--,--,--,--,--,--
2026/5/21 0:05,--,--,--,--,22.0,11.7,22.0,52,--,--,--,--,13.8,11.0,13.8,83,--,--,--,--,--,--,--,--,--,--,--,--,--,--,--,--,--,--,--,55,44,--,--,--,--,--,--,--,--,--,--,--,--,--,--,--,--,--,--,--,--,--,--,--,--,--,--,--,--,--,--,--,--,--,--
2026/5/21 0:20,--,--,--,--,22.0,11.7,22.0,52,--,--,--,--,14.0,11.3,14.0,84,--,--,--,--,--,--,--,--,--,--,--,--,--,--,--,--,--,--,--,55,44,--,--,--,--,--,--,--,--,--,--,--,--,--,--,--,--,--,--,--,--,--,--,--,--,--,--,--,--,--,--,--,--,--,--
2026/5/21 0:35,--,--,--,--,22.0,11.7,22.0,52,--,--,--,--,14.2,11.4,14.2,83,--,--,--,--,--,--,--,--,--,--,--,--,--,--,--,--,--,--,--,55,44,--,--,--,--,--,--,--,--,--,--,--,--,--,--,--,--,--,--,--,--,--,--,--,--,--,--,--,--,--,--,--,--,--,--
2026/5/21 0:50,--,--,--,--,22.0,11.7,22.0,52,--,--,--,--,14.3,11.5,14.3,83,--,--,--,--,--,--,--,--,--,--,--,--,--,--,--,--,--,--,--,55,44,--,--,--,--,--,--,--,--,--,--,--,--,--,--,--,--,--,--,--,--,--,--,--,--,--,--,--,--,--,--,--,--,--,--
2026/5/21 1:05,--,--,--,--,21.9,11.6,21.9,52,--,--,--,--,14.3,11.5,14.3,83,--,--,--,--,--,--,--,--,--,--,--,--,--,--,--,--,--,--,--,55,44,--,--,--,--,--,--,--,--,--,--,--,--,--,--,--,--,--,--,--,--,--,--,--,--,--,--,--,--,--,--,--,--,--,--
2026/5/21 1:20,--,--,--,--,21.9,11.6,21.9,52,--,--,--,--,13.9,11.1,13.9,83,--,--,--,--,--,--,--,--,--,--,--,--,--,--,--,--,--,--,--,55,44,--,--,--,--,--,--,--,--,--,--,--,--,--,--,--,--,--,--,--,--,--,--,--,--,--,--,--,--,--,--,--,--,--,--
2026/5/21 1:35,--,--,--,--,21.9,11.6,21.9,52,--,--,--,--,13.6,11.1,13.6,85,--,--,--,--,--,--,--,--,--,--,--,--,--,--,--,--,--,--,--,55,44,--,--,--,--,--,--,--,--,--,--,--,--,--,--,--,--,--,--,--,--,--,--,--,--,--,--,--,--,--,--,--,--,--,--
2026/5/21 1:50,--,--,--,--,21.9,11.6,21.9,52,--,--,--,--,14.0,11.5,14.0,85,--,--,--,--,--,--,--,--,--,--,--,--,--,--,--,--,--,--,--,55,44,--,--,--,--,--,--,--,--,--,--,--,--,--,--,--,--,--,--,--,--,--,--,--,--,--,--,--,--,--,--,--,--,--,--
2026/5/21 2:05,--,--,--,--,21.9,11.6,21.9,52,--,--,--,--,14.1,11.4,14.1,84,--,--,--,--,--,--,--,--,--,--,--,--,--,--,--,--,--,--,--,55,44,--,--,--,--,--,--,--,--,--,--,--,--,--,--,--,--,--,--,--,--,--,--,--,--,--,--,--,--,--,--,--,--,--,--
2026/5/21 2:20,--,--,--,--,21.9,11.6,21.9,52,--,--,--,--,14.0,11.5,14.0,85,--,--,--,--,--,--,--,--,--,--,--,--,--,--,--,--,--,--,--,55,44,--,--,--,--,--,--,--,--,--,--,--,--,--,--,--,--,--,--,--,--,--,--,--,--,--,--,--,--,--,--,--,--,--,--
2026/5/21 2:35,--,--,--,--,21.8,11.5,21.8,52,--,--,--,--,14.0,11.3,14.0,84,--,--,--,--,--,--,--,--,--,--,--,--,--,--,--,--,--,--,--,55,44,--,--,--,--,--,--,--,--,--,--,--,--,--,--,--,--,--,--,--,--,--,--,--,--,--,--,--,--,--,--,--,--,--,--
2026/5/21 2:50,--,--,--,--,21.8,11.5,21.8,52,--,--,--,--,13.9,11.2,13.9,84,--,--,--,--,--,--,--,--,--,--,--,--,--,--,--,--,--,--,--,55,44,--,--,--,--,--,--,--,--,--,--,--,--,--,--,--,--,--,--,--,--,--,--,--,--,--,--,--,--,--,--,--,--,--,--
2026/5/21 3:05,--,--,--,--,21.8,11.5,21.8,52,--,--,--,--,13.9,11.1,13.9,83,--,--,--,--,--,--,--,--,--,--,--,--,--,--,--,--,--,--,--,55,44,--,--,--,--,--,--,--,--,--,--,--,--,--,--,--,--,--,--,--,--,--,--,--,--,--,--,--,--,--,--,--,--,--,--
2026/5/21 3:20,--,--,--,--,21.8,11.5,21.8,52,--,--,--,--,13.8,11.0,13.8,83,--,--,--,--,--,--,--,--,--,--,--,--,--,--,--,--,--,--,--,55,44,--,--,--,--,--,--,--,--,--,--,--,--,--,--,--,--,--,--,--,--,--,--,--,--,--,--,--,--,--,--,--,--,--,--
2026/5/21 3:35,--,--,--,--,21.8,11.5,21.8,52,--,--,--,--,13.8,11.0,13.8,83,--,--,--,--,--,--,--,--,--,--,--,--,--,--,--,--,--,--,--,55,44,--,--,--,--,--,--,--,--,--,--,--,--,--,--,--,--,--,--,--,--,--,--,--,--,--,--,--,--,--,--,--,--,--,--
2026/5/21 3:50,--,--,--,--,21.8,11.5,21.8,52,--,--,--,--,13.6,10.9,13.6,84,--,--,--,--,--,--,--,--,--,--,--,--,--,--,--,--,--,--,--,55,44,--,--,--,--,--,--,--,--,--,--,--,--,--,--,--,--,--,--,--,--,--,--,--,--,--,--,--,--,--,--,--,--,--,--
2026/5/21 4:05,--,--,--,--,21.8,11.5,21.8,52,--,--,--,--,13.4,10.7,13.4,84,--,--,--,--,--,--,--,--,--,--,--,--,--,--,--,--,--,--,--,55,44,--,--,--,--,--,--,--,--,--,--,--,--,--,--,--,--,--,--,--,--,--,--,--,--,--,--,--,--,--,--,--,--,--,--
2026/5/21 4:20,--,--,--,--,21.8,11.5,21.8,52,--,--,--,--,13.2,10.7,13.2,85,--,--,--,--,--,--,--,--,--,--,--,--,--,--,--,--,--,--,--,55,44,--,--,--,--,--,--,--,--,--,--,--,--,--,--,--,--,--,--,--,--,--,--,--,--,--,--,--,--,--,--,--,--,--,--
2026/5/21 4:35,--,--,--,--,21.7,11.4,21.7,52,--,--,--,--,13.0,10.7,13.0,86,--,--,--,--,--,--,--,--,--,--,--,--,--,--,--,--,--,--,--,55,44,--,--,--,--,--,--,--,--,--,--,--,--,--,--,--,--,--,--,--,--,--,--,--,--,--,--,--,--,--,--,--,--,--,--
2026/5/21 4:50,--,--,--,--,21.7,11.4,21.7,52,--,--,--,--,12.9,10.6,12.9,86,--,--,--,--,--,--,--,--,--,--,--,--,--,--,--,--,--,--,--,55,44,--,--,--,--,--,--,--,--,--,--,--,--,--,--,--,--,--,--,--,--,--,--,--,--,--,--,--,--,--,--,--,--,--,--
2026/5/21 5:05,--,--,--,--,21.7,11.4,21.7,52,--,--,--,--,12.5,10.4,12.5,87,--,--,--,--,--,--,--,--,--,--,--,--,--,--,--,--,--,--,--,55,44,--,--,--,--,--,--,--,--,--,--,--,--,--,--,--,--,--,--,--,--,--,--,--,--,--,--,--,--,--,--,--,--,--,--
2026/5/21 5:20,--,--,--,--,21.7,11.4,21.7,52,--,--,--,--,12.3,10.2,12.3,87,--,--,--,--,--,--,--,--,--,--,--,--,--,--,--,--,--,--,--,55,44,--,--,--,--,--,--,--,--,--,--,--,--,--,--,--,--,--,--,--,--,--,--,--,--,--,--,--,--,--,--,--,--,--,--
2026/5/21 5:35,--,--,--,--,21.7,11.4,21.7,52,--,--,--,--,11.9,9.9,11.9,88,--,--,--,--,--,--,--,--,--,--,--,--,--,--,--,--,--,--,--,55,44,--,--,--,--,--,--,--,--,--,--,--,--,--,--,--,--,--,--,--,--,--,--,--,--,--,--,--,--,--,--,--,--,--,--
2026/5/21 5:50,--,--,--,--,21.8,11.5,21.8,52,--,--,--,--,11.4,9.4,11.4,88,--,--,--,--,--,--,--,--,--,--,--,--,--,--,--,--,--,--,--,55,44,--,--,--,--,--,--,--,--,--,--,--,--,--,--,--,--,--,--,--,--,--,--,--,--,--,--,--,--,--,--,--,--,--,--
2026/5/21 6:05,--,--,--,--,21.7,11.4,21.7,52,--,--,--,--,11.4,9.6,11.4,89,--,--,--,--,--,--,--,--,--,--,--,--,--,--,--,--,--,--,--,55,44,--,--,--,--,--,--,--,--,--,--,--,--,--,--,--,--,--,--,--,--,--,--,--,--,--,--,--,--,--,--,--,--,--,--
2026/5/21 6:20,--,--,--,--,21.7,11.4,21.7,52,--,--,--,--,11.6,9.8,11.6,89,--,--,--,--,--,--,--,--,--,--,--,--,--,--,--,--,--,--,--,55,44,--,--,--,--,--,--,--,--,--,--,--,--,--,--,--,--,--,--,--,--,--,--,--,--,--,--,--,--,--,--,--,--,--,--
2026/5/21 6:35,--,--,--,--,21.8,11.5,21.8,52,--,--,--,--,11.8,10.0,11.8,89,--,--,--,--,--,--,--,--,--,--,--,--,--,--,--,--,--,--,--,55,44,--,--,--,--,--,--,--,--,--,--,--,--,--,--,--,--,--,--,--,--,--,--,--,--,--,--,--,--,--,--,--,--,--,--
2026/5/21 6:50,--,--,--,--,21.8,11.5,21.8,52,--,--,--,--,12.7,10.9,12.7,89,--,--,--,--,--,--,--,--,--,--,--,--,--,--,--,--,--,--,--,55,44,--,--,--,--,--,--,--,--,--,--,--,--,--,--,--,--,--,--,--,--,--,--,--,--,--,--,--,--,--,--,--,--,--,--
2026/5/21 7:05,--,--,--,--,21.8,11.5,21.8,52,--,--,--,--,13.5,11.4,13.5,87,--,--,--,--,--,--,--,--,--,--,--,--,--,--,--,--,--,--,--,55,44,--,--,--,--,--,--,--,--,--,--,--,--,--,--,--,--,--,--,--,--,--,--,--,--,--,--,--,--,--,--,--,--,--,--
2026/5/21 7:20,--,--,--,--,21.9,11.6,21.9,52,--,--,--,--,14.3,11.8,14.3,85,--,--,--,--,--,--,--,--,--,--,--,--,--,--,--,--,--,--,--,55,44,--,--,--,--,--,--,--,--,--,--,--,--,--,--,--,--,--,--,--,--,--,--,--,--,--,--,--,--,--,--,--,--,--,--
2026/5/21 7:35,--,--,--,--,21.9,11.6,21.9,52,--,--,--,--,15.0,12.1,15.0,83,--,--,--,--,--,--,--,--,--,--,--,--,--,--,--,--,--,--,--,55,44,--,--,--,--,--,--,--,--,--,--,--,--,--,--,--,--,--,--,--,--,--,--,--,--,--,--,--,--,--,--,--,--,--,--
2026/5/21 7:50,--,--,--,--,22.0,12.0,22.0,53,--,--,--,--,15.7,12.3,15.7,80,--,--,--,--,--,--,--,--,--,--,--,--,--,--,--,--,--,--,--,55,44,--,--,--,--,--,--,--,--,--,--,--,--,--,--,--,--,--,--,--,--,--,--,--,--,--,--,--,--,--,--,--,--,--,--
2026/5/21 8:05,--,--,--,--,22.1,11.8,22.1,52,--,--,--,--,16.6,12.5,16.6,77,--,--,--,--,--,--,--,--,--,--,--,--,--,--,--,--,--,--,--,55,44,--,--,--,--,--,--,--,--,--,--,--,--,--,--,--,--,--,--,--,--,--,--,--,--,--,--,--,--,--,--,--,--,--,--
2026/5/21 8:20,--,--,--,--,22.1,11.8,22.1,52,--,--,--,--,17.5,12.9,17.5,74,--,--,--,--,--,--,--,--,--,--,--,--,--,--,--,--,--,--,--,55,44,--,--,--,--,--,--,--,--,--,--,--,--,--,--,--,--,--,--,--,--,--,--,--,--,--,--,--,--,--,--,--,--,--,--
2026/5/21 8:35,--,--,--,--,22.2,11.9,22.2,52,--,--,--,--,17.9,12.8,17.9,72,--,--,--,--,--,--,--,--,--,--,--,--,--,--,--,--,--,--,--,55,44,--,--,--,--,--,--,--,--,--,--,--,--,--,--,--,--,--,--,--,--,--,--,--,--,--,--,--,--,--,--,--,--,--,--
2026/5/21 8:50,--,--,--,--,22.2,11.9,22.2,52,--,--,--,--,18.1,12.6,18.1,70,--,--,--,--,--,--,--,--,--,--,--,--,--,--,--,--,--,--,--,55,44,--,--,--,--,--,--,--,--,--,--,--,--,--,--,--,--,--,--,--,--,--,--,--,--,--,--,--,--,--,--,--,--,--,--
2026/5/21 9:05,--,--,--,--,22.2,11.9,22.2,52,--,--,--,--,17.9,12.4,17.9,70,--,--,--,--,--,--,--,--,--,--,--,--,--,--,--,--,--,--,--,55,44,--,--,--,--,--,--,--,--,--,--,--,--,--,--,--,--,--,--,--,--,--,--,--,--,--,--,--,--,--,--,--,--,--,--
2026/5/21 9:20,--,--,--,--,22.3,12.0,22.3,52,--,--,--,--,19.3,13.5,19.3,69,--,--,--,--,--,--,--,--,--,--,--,--,--,--,--,--,--,--,--,55,44,--,--,--,--,--,--,--,--,--,--,--,--,--,--,--,--,--,--,--,--,--,--,--,--,--,--,--,--,--,--,--,--,--,--
2026/5/21 9:35,--,--,--,--,22.3,12.0,22.3,52,--,--,--,--,21.2,14.6,21.2,66,--,--,--,--,--,--,--,--,--,--,--,--,--,--,--,--,--,--,--,55,44,--,--,--,--,--,--,--,--,--,--,--,--,--,--,--,--,--,--,--,--,--,--,--,--,--,--,--,--,--,--,--,--,--,--
2026/5/21 9:50,--,--,--,--,22.4,12.1,22.4,52,--,--,--,--,23.8,15.6,23.8,60,--,--,--,--,--,--,--,--,--,--,--,--,--,--,--,--,--,--,--,55,44,--,--,--,--,--,--,--,--,--,--,--,--,--,--,--,--,--,--,--,--,--,--,--,--,--,--,--,--,--,--,--,--,--,--
2026/5/21 10:05,--,--,--,--,22.5,12.2,22.5,52,--,--,--,--,26.6,16.0,26.6,52,--,--,--,--,--,--,--,--,--,--,--,--,--,--,--,--,--,--,--,55,44,--,--,--,--,--,--,--,--,--,--,--,--,--,--,--,--,--,--,--,--,--,--,--,--,--,--,--,--,--,--,--,--,--,--
2026/5/21 10:20,--,--,--,--,22.5,12.2,22.5,52,--,--,--,--,28.9,17.8,29.6,51,--,--,--,--,--,--,--,--,--,--,--,--,--,--,--,--,--,--,--,55,44,--,--,--,--,--,--,--,--,--,--,--,--,--,--,--,--,--,--,--,--,--,--,--,--,--,--,--,--,--,--,--,--,--,--
2026/5/21 10:35,--,--,--,--,22.5,12.2,22.5,52,--,--,--,--,29.9,17.4,30.4,47,--,--,--,--,--,--,--,--,--,--,--,--,--,--,--,--,--,--,--,55,44,--,--,--,--,--,--,--,--,--,--,--,--,--,--,--,--,--,--,--,--,--,--,--,--,--,--,--,--,--,--,--,--,--,--
2026/5/21 10:50,--,--,--,--,22.6,12.3,22.6,52,--,--,--,--,32.1,18.4,33.2,44,--,--,--,--,--,--,--,--,--,--,--,--,--,--,--,--,--,--,--,55,44,--,--,--,--,--,--,--,--,--,--,--,--,--,--,--,--,--,--,--,--,--,--,--,--,--,--,--,--,--,--,--,--,--,--
2026/5/21 11:05,--,--,--,--,22.6,12.3,22.6,52,--,--,--,--,31.8,17.7,32.5,43,--,--,--,--,--,--,--,--,--,--,--,--,--,--,--,--,--,--,--,55,44,--,--,--,--,--,--,--,--,--,--,--,--,--,--,--,--,--,--,--,--,--,--,--,--,--,--,--,--,--,--,--,--,--,--
2026/5/21 11:20,--,--,--,--,22.7,12.4,22.7,52,--,--,--,--,33.3,17.9,34.2,40,--,--,--,--,--,--,--,--,--,--,--,--,--,--,--,--,--,--,--,55,44,--,--,--,--,--,--,--,--,--,--,--,--,--,--,--,--,--,--,--,--,--,--,--,--,--,--,--,--,--,--,--,--,--,--
2026/5/21 11:35,--,--,--,--,22.7,12.4,22.7,52,--,--,--,--,33.9,18.4,35.2,40,--,--,--,--,--,--,--,--,--,--,--,--,--,--,--,--,--,--,--,55,44,--,--,--,--,--,--,--,--,--,--,--,--,--,--,--,--,--,--,--,--,--,--,--,--,--,--,--,--,--,--,--,--,--,--
2026/5/21 11:50,--,--,--,--,22.8,12.5,22.8,52,--,--,--,--,34.4,18.5,35.8,39,--,--,--,--,--,--,--,--,--,--,--,--,--,--,--,--,--,--,--,55,44,--,--,--,--,--,--,--,--,--,--,--,--,--,--,--,--,--,--,--,--,--,--,--,--,--,--,--,--,--,--,--,--,--,--
2026/5/21 12:05,--,--,--,--,22.8,12.5,22.8,52,--,--,--,--,34.2,17.9,35.3,38,--,--,--,--,--,--,--,--,--,--,--,--,--,--,--,--,--,--,--,55,44,--,--,--,--,--,--,--,--,--,--,--,--,--,--,--,--,--,--,--,--,--,--,--,--,--,--,--,--,--,--,--,--,--,--
2026/5/21 12:20,--,--,--,--,22.8,12.5,22.8,52,--,--,--,--,31.8,16.2,31.8,39,--,--,--,--,--,--,--,--,--,--,--,--,--,--,--,--,--,--,--,55,44,--,--,--,--,--,--,--,--,--,--,--,--,--,--,--,--,--,--,--,--,--,--,--,--,--,--,--,--,--,--,--,--,--,--
2026/5/21 12:35,--,--,--,--,22.8,12.5,22.8,52,--,--,--,--,32.1,16.8,32.4,40,--,--,--,--,--,--,--,--,--,--,--,--,--,--,--,--,--,--,--,55,44,--,--,--,--,--,--,--,--,--,--,--,--,--,--,--,--,--,--,--,--,--,--,--,--,--,--,--,--,--,--,--,--,--,--
2026/5/21 12:50,--,--,--,--,22.9,12.8,22.9,53,--,--,--,--,34.5,18.6,36.0,39,--,--,--,--,--,--,--,--,--,--,--,--,--,--,--,--,--,--,--,55,44,--,--,--,--,--,--,--,--,--,--,--,--,--,--,--,--,--,--,--,--,--,--,--,--,--,--,--,--,--,--,--,--,--,--
2026/5/21 13:05,--,--,--,--,22.9,12.8,22.9,53,--,--,--,--,35.7,18.4,37.3,36,--,--,--,--,--,--,--,--,--,--,--,--,--,--,--,--,--,--,--,55,44,--,--,--,--,--,--,--,--,--,--,--,--,--,--,--,--,--,--,--,--,--,--,--,--,--,--,--,--,--,--,--,--,--,--
2026/5/21 13:20,--,--,--,--,22.9,12.3,22.9,51,--,--,--,--,37.5,16.5,37.5,29,--,--,--,--,--,--,--,--,--,--,--,--,--,--,--,--,--,--,--,55,44,--,--,--,--,--,--,--,--,--,--,--,--,--,--,--,--,--,--,--,--,--,--,--,--,--,--,--,--,--,--,--,--,--,--
2026/5/21 13:35,--,--,--,--,22.8,11.9,22.8,50,--,--,--,--,34.5,16.9,35.0,35,--,--,--,--,--,--,--,--,--,--,--,--,--,--,--,--,--,--,--,55,44,--,--,--,--,--,--,--,--,--,--,--,--,--,--,--,--,--,--,--,--,--,--,--,--,--,--,--,--,--,--,--,--,--,--
2026/5/21 13:50,--,--,--,--,22.7,11.8,22.7,50,--,--,--,--,35.9,16.7,35.9,32,--,--,--,--,--,--,--,--,--,--,--,--,--,--,--,--,--,--,--,55,44,--,--,--,--,--,--,--,--,--,--,--,--,--,--,--,--,--,--,--,--,--,--,--,--,--,--,--,--,--,--,--,--,--,--
2026/5/21 14:05,--,--,--,--,22.7,11.8,22.7,50,--,--,--,--,37.1,17.2,37.1,31,--,--,--,--,--,--,--,--,--,--,--,--,--,--,--,--,--,--,--,55,44,--,--,--,--,--,--,--,--,--,--,--,--,--,--,--,--,--,--,--,--,--,--,--,--,--,--,--,--,--,--,--,--,--,--
2026/5/21 14:20,--,--,--,--,22.7,11.8,22.7,50,--,--,--,--,35.9,15.7,35.9,30,--,--,--,--,--,--,--,--,--,--,--,--,--,--,--,--,--,--,--,55,44,--,--,--,--,--,--,--,--,--,--,--,--,--,--,--,--,--,--,--,--,--,--,--,--,--,--,--,--,--,--,--,--,--,--
2026/5/21 14:35,--,--,--,--,22.7,11.8,22.7,50,--,--,--,--,35.3,15.7,35.3,31,--,--,--,--,--,--,--,--,--,--,--,--,--,--,--,--,--,--,--,55,44,--,--,--,--,--,--,--,--,--,--,--,--,--,--,--,--,--,--,--,--,--,--,--,--,--,--,--,--,--,--,--,--,--,--
2026/5/21 14:50,--,--,--,--,22.7,11.8,22.7,50,--,--,--,--,33.7,15.7,33.7,34,--,--,--,--,--,--,--,--,--,--,--,--,--,--,--,--,--,--,--,55,44,--,--,--,--,--,--,--,--,--,--,--,--,--,--,--,--,--,--,--,--,--,--,--,--,--,--,--,--,--,--,--,--,--,--
2026/5/21 15:05,--,--,--,--,22.8,11.9,22.8,50,--,--,--,--,36.2,16.4,36.2,31,--,--,--,--,--,--,--,--,--,--,--,--,--,--,--,--,--,--,--,55,44,--,--,--,--,--,--,--,--,--,--,--,--,--,--,--,--,--,--,--,--,--,--,--,--,--,--,--,--,--,--,--,--,--,--
2026/5/21 15:20,--,--,--,--,22.7,11.5,22.7,49,--,--,--,--,35.5,14.8,35.5,29,--,--,--,--,--,--,--,--,--,--,--,--,--,--,--,--,--,--,--,55,44,--,--,--,--,--,--,--,--,--,--,--,--,--,--,--,--,--,--,--,--,--,--,--,--,--,--,--,--,--,--,--,--,--,--
2026/5/21 15:35,--,--,--,--,22.7,11.5,22.7,49,--,--,--,--,36.5,15.1,36.5,28,--,--,--,--,--,--,--,--,--,--,--,--,--,--,--,--,--,--,--,55,44,--,--,--,--,--,--,--,--,--,--,--,--,--,--,--,--,--,--,--,--,--,--,--,--,--,--,--,--,--,--,--,--,--,--
2026/5/21 15:50,--,--,--,--,22.7,11.5,22.7,49,--,--,--,--,34.3,14.3,34.3,30,--,--,--,--,--,--,--,--,--,--,--,--,--,--,--,--,--,--,--,55,44,--,--,--,--,--,--,--,--,--,--,--,--,--,--,--,--,--,--,--,--,--,--,--,--,--,--,--,--,--,--,--,--,--,--
2026/5/21 16:05,--,--,--,--,22.7,11.5,22.7,49,--,--,--,--,32.3,14.9,31.8,35,--,--,--,--,--,--,--,--,--,--,--,--,--,--,--,--,--,--,--,55,44,--,--,--,--,--,--,--,--,--,--,--,--,--,--,--,--,--,--,--,--,--,--,--,--,--,--,--,--,--,--,--,--,--,--
2026/5/21 16:20,--,--,--,--,22.7,11.8,22.7,50,--,--,--,--,31.9,14.6,31.3,35,--,--,--,--,--,--,--,--,--,--,--,--,--,--,--,--,--,--,--,55,44,--,--,--,--,--,--,--,--,--,--,--,--,--,--,--,--,--,--,--,--,--,--,--,--,--,--,--,--,--,--,--,--,--,--
2026/5/21 16:35,--,--,--,--,22.8,12.2,22.8,51,--,--,--,--,33.1,14.7,33.1,33,--,--,--,--,--,--,--,--,--,--,--,--,--,--,--,--,--,--,--,55,44,--,--,--,--,--,--,--,--,--,--,--,--,--,--,--,--,--,--,--,--,--,--,--,--,--,--,--,--,--,--,--,--,--,--
2026/5/21 16:50,--,--,--,--,23.0,12.4,23.0,51,--,--,--,--,32.1,14.3,32.1,34,--,--,--,--,--,--,--,--,--,--,--,--,--,--,--,--,--,--,--,55,44,--,--,--,--,--,--,--,--,--,--,--,--,--,--,--,--,--,--,--,--,--,--,--,--,--,--,--,--,--,--,--,--,--,--
2026/5/21 17:05,--,--,--,--,23.1,12.4,23.1,51,--,--,--,--,31.2,15.2,30.9,38,--,--,--,--,--,--,--,--,--,--,--,--,--,--,--,--,--,--,--,55,44,--,--,--,--,--,--,--,--,--,--,--,--,--,--,--,--,--,--,--,--,--,--,--,--,--,--,--,--,--,--,--,--,--,--
2026/5/21 17:20,--,--,--,--,23.1,11.8,23.1,49,--,--,--,--,31.6,16.0,31.6,39,--,--,--,--,--,--,--,--,--,--,--,--,--,--,--,--,--,--,--,55,44,--,--,--,--,--,--,--,--,--,--,--,--,--,--,--,--,--,--,--,--,--,--,--,--,--,--,--,--,--,--,--,--,--,--
2026/5/21 17:35,--,--,--,--,23.1,11.8,23.1,49,--,--,--,--,30.3,14.0,29.6,37,--,--,--,--,--,--,--,--,--,--,--,--,--,--,--,--,--,--,--,55,44,--,--,--,--,--,--,--,--,--,--,--,--,--,--,--,--,--,--,--,--,--,--,--,--,--,--,--,--,--,--,--,--,--,--
2026/5/21 17:50,--,--,--,--,23.1,11.8,23.1,49,--,--,--,--,29.7,13.5,29.1,37,--,--,--,--,--,--,--,--,--,--,--,--,--,--,--,--,--,--,--,55,44,--,--,--,--,--,--,--,--,--,--,--,--,--,--,--,--,--,--,--,--,--,--,--,--,--,--,--,--,--,--,--,--,--,--
2026/5/21 18:05,--,--,--,--,23.3,12.0,23.3,49,--,--,--,--,28.0,13.2,27.7,40,--,--,--,--,--,--,--,--,--,--,--,--,--,--,--,--,--,--,--,55,44,--,--,--,--,--,--,--,--,--,--,--,--,--,--,--,--,--,--,--,--,--,--,--,--,--,--,--,--,--,--,--,--,--,--
2026/5/21 18:20,--,--,--,--,23.3,11.7,23.3,48,--,--,--,--,28.3,14.2,28.1,42,--,--,--,--,--,--,--,--,--,--,--,--,--,--,--,--,--,--,--,55,44,--,--,--,--,--,--,--,--,--,--,--,--,--,--,--,--,--,--,--,--,--,--,--,--,--,--,--,--,--,--,--,--,--,--
2026/5/21 18:35,--,--,--,--,23.3,12.0,23.3,49,--,--,--,--,26.4,12.8,26.4,43,--,--,--,--,--,--,--,--,--,--,--,--,--,--,--,--,--,--,--,55,44,--,--,--,--,--,--,--,--,--,--,--,--,--,--,--,--,--,--,--,--,--,--,--,--,--,--,--,--,--,--,--,--,--,--
2026/5/21 18:50,--,--,--,--,23.3,12.0,23.3,49,--,--,--,--,24.5,11.8,24.5,45,--,--,--,--,--,--,--,--,--,--,--,--,--,--,--,--,--,--,--,55,44,--,--,--,--,--,--,--,--,--,--,--,--,--,--,--,--,--,--,--,--,--,--,--,--,--,--,--,--,--,--,--,--,--,--
2026/5/21 19:05,--,--,--,--,23.4,12.1,23.4,49,--,--,--,--,23.2,11.6,23.2,48,--,--,--,--,--,--,--,--,--,--,--,--,--,--,--,--,--,--,--,55,44,--,--,--,--,--,--,--,--,--,--,--,--,--,--,--,--,--,--,--,--,--,--,--,--,--,--,--,--,--,--,--,--,--,--
2026/5/21 19:20,--,--,--,--,23.3,12.0,23.3,49,--,--,--,--,22.3,11.7,22.3,51,--,--,--,--,--,--,--,--,--,--,--,--,--,--,--,--,--,--,--,55,44,--,--,--,--,--,--,--,--,--,--,--,--,--,--,--,--,--,--,--,--,--,--,--,--,--,--,--,--,--,--,--,--,--,--
2026/5/21 19:35,--,--,--,--,23.3,12.0,23.3,49,--,--,--,--,21.7,11.4,21.7,52,--,--,--,--,--,--,--,--,--,--,--,--,--,--,--,--,--,--,--,55,44,--,--,--,--,--,--,--,--,--,--,--,--,--,--,--,--,--,--,--,--,--,--,--,--,--,--,--,--,--,--,--,--,--,--
2026/5/21 19:50,--,--,--,--,23.3,12.0,23.3,49,--,--,--,--,21.1,11.7,21.1,55,--,--,--,--,--,--,--,--,--,--,--,--,--,--,--,--,--,--,--,55,44,--,--,--,--,--,--,--,--,--,--,--,--,--,--,--,--,--,--,--,--,--,--,--,--,--,--,--,--,--,--,--,--,--,--
2026/5/21 20:05,--,--,--,--,23.2,11.9,23.2,49,--,--,--,--,20.5,12.0,20.5,58,--,--,--,--,--,--,--,--,--,--,--,--,--,--,--,--,--,--,--,55,44,--,--,--,--,--,--,--,--,--,--,--,--,--,--,--,--,--,--,--,--,--,--,--,--,--,--,--,--,--,--,--,--,--,--
2026/5/21 20:20,--,--,--,--,23.1,11.8,23.1,49,--,--,--,--,19.4,12.2,19.4,63,--,--,--,--,--,--,--,--,--,--,--,--,--,--,--,--,--,--,--,55,44,--,--,--,--,--,--,--,--,--,--,--,--,--,--,--,--,--,--,--,--,--,--,--,--,--,--,--,--,--,--,--,--,--,--
2026/5/21 20:35,--,--,--,--,23.1,11.8,23.1,49,--,--,--,--,18.1,11.9,18.1,67,--,--,--,--,--,--,--,--,--,--,--,--,--,--,--,--,--,--,--,55,44,--,--,--,--,--,--,--,--,--,--,--,--,--,--,--,--,--,--,--,--,--,--,--,--,--,--,--,--,--,--,--,--,--,--
2026/5/21 20:50,--,--,--,--,23.0,12.0,23.0,50,--,--,--,--,16.8,11.3,16.8,70,--,--,--,--,--,--,--,--,--,--,--,--,--,--,--,--,--,--,--,55,44,--,--,--,--,--,--,--,--,--,--,--,--,--,--,--,--,--,--,--,--,--,--,--,--,--,--,--,--,--,--,--,--,--,--
2026/5/21 21:05,--,--,--,--,23.0,12.0,23.0,50,--,--,--,--,15.9,10.8,15.9,72,--,--,--,--,--,--,--,--,--,--,--,--,--,--,--,--,--,--,--,55,44,--,--,--,--,--,--,--,--,--,--,--,--,--,--,--,--,--,--,--,--,--,--,--,--,--,--,--,--,--,--,--,--,--,--
2026/5/21 21:20,--,--,--,--,23.0,12.0,23.0,50,--,--,--,--,15.2,10.6,15.2,74,--,--,--,--,--,--,--,--,--,--,--,--,--,--,--,--,--,--,--,55,44,--,--,--,--,--,--,--,--,--,--,--,--,--,--,--,--,--,--,--,--,--,--,--,--,--,--,--,--,--,--,--,--,--,--
2026/5/21 21:35,--,--,--,--,23.0,12.0,23.0,50,--,--,--,--,14.4,10.0,14.4,75,--,--,--,--,--,--,--,--,--,--,--,--,--,--,--,--,--,--,--,55,44,--,--,--,--,--,--,--,--,--,--,--,--,--,--,--,--,--,--,--,--,--,--,--,--,--,--,--,--,--,--,--,--,--,--
2026/5/21 21:50,--,--,--,--,22.9,12.3,22.9,51,--,--,--,--,13.9,9.9,13.9,77,--,--,--,--,--,--,--,--,--,--,--,--,--,--,--,--,--,--,--,55,44,--,--,--,--,--,--,--,--,--,--,--,--,--,--,--,--,--,--,--,--,--,--,--,--,--,--,--,--,--,--,--,--,--,--
2026/5/21 22:05,--,--,--,--,22.9,12.3,22.9,51,--,--,--,--,13.4,9.8,13.4,79,--,--,--,--,--,--,--,--,--,--,--,--,--,--,--,--,--,--,--,55,44,--,--,--,--,--,--,--,--,--,--,--,--,--,--,--,--,--,--,--,--,--,--,--,--,--,--,--,--,--,--,--,--,--,--
2026/5/21 22:20,--,--,--,--,22.9,11.9,22.9,50,--,--,--,--,13.1,9.7,13.1,80,--,--,--,--,--,--,--,--,--,--,--,--,--,--,--,--,--,--,--,55,44,--,--,--,--,--,--,--,--,--,--,--,--,--,--,--,--,--,--,--,--,--,--,--,--,--,--,--,--,--,--,--,--,--,--
2026/5/21 22:35,--,--,--,--,22.8,11.9,22.8,50,--,--,--,--,12.8,9.6,12.8,81,--,--,--,--,--,--,--,--,--,--,--,--,--,--,--,--,--,--,--,55,44,--,--,--,--,--,--,--,--,--,--,--,--,--,--,--,--,--,--,--,--,--,--,--,--,--,--,--,--,--,--,--,--,--,--
2026/5/21 22:50,--,--,--,--,22.8,11.9,22.8,50,--,--,--,--,12.7,9.5,12.7,81,--,--,--,--,--,--,--,--,--,--,--,--,--,--,--,--,--,--,--,55,44,--,--,--,--,--,--,--,--,--,--,--,--,--,--,--,--,--,--,--,--,--,--,--,--,--,--,--,--,--,--,--,--,--,--
2026/5/21 23:05,--,--,--,--,22.7,11.8,22.7,50,--,--,--,--,12.5,9.3,12.5,81,--,--,--,--,--,--,--,--,--,--,--,--,--,--,--,--,--,--,--,55,44,--,--,--,--,--,--,--,--,--,--,--,--,--,--,--,--,--,--,--,--,--,--,--,--,--,--,--,--,--,--,--,--,--,--
2026/5/21 23:20,--,--,--,--,22.7,11.8,22.7,50,--,--,--,--,12.4,9.6,12.4,83,--,--,--,--,--,--,--,--,--,--,--,--,--,--,--,--,--,--,--,55,44,--,--,--,--,--,--,--,--,--,--,--,--,--,--,--,--,--,--,--,--,--,--,--,--,--,--,--,--,--,--,--,--,--,--
2026/5/21 23:35,--,--,--,--,22.7,11.8,22.7,50,--,--,--,--,12.5,9.5,12.5,82,--,--,--,--,--,--,--,--,--,--,--,--,--,--,--,--,--,--,--,55,44,--,--,--,--,--,--,--,--,--,--,--,--,--,--,--,--,--,--,--,--,--,--,--,--,--,--,--,--,--,--,--,--,--,--
2026/5/21 23:50,--,--,--,--,22.6,11.7,22.6,50,--,--,--,--,12.6,9.6,12.6,82,--,--,--,--,--,--,--,--,--,--,--,--,--,--,--,--,--,--,--,55,44,--,--,--,--,--,--,--,--,--,--,--,--,--,--,--,--,--,--,--,--,--,--,--,--,--,--,--,--,--,--,--,--,--,--
2026/5/22 0:00,--,--,--,--,22.6,11.7,22.6,50,--,--,--,--,12.4,9.4,12.4,82,--,--,--,--,--,--,--,--,--,--,--,--,--,--,--,--,--,--,--,55,44,--,--,--,--,--,--,--,--,--,--,--,--,--,--,--,--,--,--,--,--,--,--,--,--,--,--,--,--,--,--,--,--,--,--
2026/5/22 0:05,--,--,--,--,22.6,11.7,22.6,50,--,--,--,--,12.4,9.4,12.4,82,--,--,--,--,--,--,--,--,--,--,--,--,--,--,--,--,--,--,--,55,44,--,--,--,--,--,--,--,--,--,--,--,--,--,--,--,--,--,--,--,--,--,--,--,--,--,--,--,--,--,--,--,--,--,--
2026/5/22 0:20,--,--,--,--,22.6,11.7,22.6,50,--,--,--,--,12.2,9.2,12.2,82,--,--,--,--,--,--,--,--,--,--,--,--,--,--,--,--,--,--,--,55,44,--,--,--,--,--,--,--,--,--,--,--,--,--,--,--,--,--,--,--,--,--,--,--,--,--,--,--,--,--,--,--,--,--,--
2026/5/22 0:35,--,--,--,--,22.6,11.7,22.6,50,--,--,--,--,12.0,9.2,12.0,83,--,--,--,--,--,--,--,--,--,--,--,--,--,--,--,--,--,--,--,55,44,--,--,--,--,--,--,--,--,--,--,--,--,--,--,--,--,--,--,--,--,--,--,--,--,--,--,--,--,--,--,--,--,--,--
2026/5/22 0:50,--,--,--,--,22.6,11.7,22.6,50,--,--,--,--,11.8,9.2,11.8,84,--,--,--,--,--,--,--,--,--,--,--,--,--,--,--,--,--,--,--,55,44,--,--,--,--,--,--,--,--,--,--,--,--,--,--,--,--,--,--,--,--,--,--,--,--,--,--,--,--,--,--,--,--,--,--
2026/5/22 1:05,--,--,--,--,22.5,11.6,22.5,50,--,--,--,--,11.6,9.2,11.6,85,--,--,--,--,--,--,--,--,--,--,--,--,--,--,--,--,--,--,--,55,44,--,--,--,--,--,--,--,--,--,--,--,--,--,--,--,--,--,--,--,--,--,--,--,--,--,--,--,--,--,--,--,--,--,--
2026/5/22 1:20,--,--,--,--,22.5,11.6,22.5,50,--,--,--,--,11.5,9.3,11.5,86,--,--,--,--,--,--,--,--,--,--,--,--,--,--,--,--,--,--,--,55,44,--,--,--,--,--,--,--,--,--,--,--,--,--,--,--,--,--,--,--,--,--,--,--,--,--,--,--,--,--,--,--,--,--,--
2026/5/22 1:35,--,--,--,--,22.5,11.6,22.5,50,--,--,--,--,11.4,9.3,11.4,87,--,--,--,--,--,--,--,--,--,--,--,--,--,--,--,--,--,--,--,55,44,--,--,--,--,--,--,--,--,--,--,--,--,--,--,--,--,--,--,--,--,--,--,--,--,--,--,--,--,--,--,--,--,--,--
2026/5/22 1:50,--,--,--,--,22.5,11.6,22.5,50,--,--,--,--,11.5,9.4,11.5,87,--,--,--,--,--,--,--,--,--,--,--,--,--,--,--,--,--,--,--,55,44,--,--,--,--,--,--,--,--,--,--,--,--,--,--,--,--,--,--,--,--,--,--,--,--,--,--,--,--,--,--,--,--,--,--
2026/5/22 2:05,--,--,--,--,22.5,11.6,22.5,50,--,--,--,--,11.8,9.7,11.8,87,--,--,--,--,--,--,--,--,--,--,--,--,--,--,--,--,--,--,--,55,44,--,--,--,--,--,--,--,--,--,--,--,--,--,--,--,--,--,--,--,--,--,--,--,--,--,--,--,--,--,--,--,--,--,--
2026/5/22 2:20,--,--,--,--,22.4,11.5,22.4,50,--,--,--,--,11.8,9.7,11.8,87,--,--,--,--,--,--,--,--,--,--,--,--,--,--,--,--,--,--,--,55,44,--,--,--,--,--,--,--,--,--,--,--,--,--,--,--,--,--,--,--,--,--,--,--,--,--,--,--,--,--,--,--,--,--,--
2026/5/22 2:35,--,--,--,--,22.4,11.5,22.4,50,--,--,--,--,11.5,9.4,11.5,87,--,--,--,--,--,--,--,--,--,--,--,--,--,--,--,--,--,--,--,55,44,--,--,--,--,--,--,--,--,--,--,--,--,--,--,--,--,--,--,--,--,--,--,--,--,--,--,--,--,--,--,--,--,--,--
2026/5/22 2:50,--,--,--,--,22.4,11.5,22.4,50,--,--,--,--,11.1,9.0,11.1,87,--,--,--,--,--,--,--,--,--,--,--,--,--,--,--,--,--,--,--,55,44,--,--,--,--,--,--,--,--,--,--,--,--,--,--,--,--,--,--,--,--,--,--,--,--,--,--,--,--,--,--,--,--,--,--
2026/5/22 3:05,--,--,--,--,22.4,11.5,22.4,50,--,--,--,--,10.9,8.9,10.9,88,--,--,--,--,--,--,--,--,--,--,--,--,--,--,--,--,--,--,--,55,44,--,--,--,--,--,--,--,--,--,--,--,--,--,--,--,--,--,--,--,--,--,--,--,--,--,--,--,--,--,--,--,--,--,--
2026/5/22 3:20,--,--,--,--,22.4,11.5,22.4,50,--,--,--,--,10.8,8.8,10.8,88,--,--,--,--,--,--,--,--,--,--,--,--,--,--,--,--,--,--,--,55,44,--,--,--,--,--,--,--,--,--,--,--,--,--,--,--,--,--,--,--,--,--,--,--,--,--,--,--,--,--,--,--,--,--,--
2026/5/22 3:35,--,--,--,--,22.4,11.5,22.4,50,--,--,--,--,10.6,8.8,10.6,89,--,--,--,--,--,--,--,--,--,--,--,--,--,--,--,--,--,--,--,55,44,--,--,--,--,--,--,--,--,--,--,--,--,--,--,--,--,--,--,--,--,--,--,--,--,--,--,--,--,--,--,--,--,--,--
2026/5/22 3:50,--,--,--,--,22.3,11.4,22.3,50,--,--,--,--,10.3,8.5,10.3,89,--,--,--,--,--,--,--,--,--,--,--,--,--,--,--,--,--,--,--,55,44,--,--,--,--,--,--,--,--,--,--,--,--,--,--,--,--,--,--,--,--,--,--,--,--,--,--,--,--,--,--,--,--,--,--
2026/5/22 4:05,--,--,--,--,22.3,11.4,22.3,50,--,--,--,--,10.1,8.3,10.1,89,--,--,--,--,--,--,--,--,--,--,--,--,--,--,--,--,--,--,--,55,44,--,--,--,--,--,--,--,--,--,--,--,--,--,--,--,--,--,--,--,--,--,--,--,--,--,--,--,--,--,--,--,--,--,--
2026/5/22 4:20,--,--,--,--,22.3,11.4,22.3,50,--,--,--,--,9.7,8.1,9.7,90,--,--,--,--,--,--,--,--,--,--,--,--,--,--,--,--,--,--,--,55,44,--,--,--,--,--,--,--,--,--,--,--,--,--,--,--,--,--,--,--,--,--,--,--,--,--,--,--,--,--,--,--,--,--,--
2026/5/22 4:35,--,--,--,--,22.3,11.4,22.3,50,--,--,--,--,9.6,8.0,9.6,90,--,--,--,--,--,--,--,--,--,--,--,--,--,--,--,--,--,--,--,55,44,--,--,--,--,--,--,--,--,--,--,--,--,--,--,--,--,--,--,--,--,--,--,--,--,--,--,--,--,--,--,--,--,--,--
2026/5/22 4:50,--,--,--,--,22.3,11.4,22.3,50,--,--,--,--,9.5,7.9,9.5,90,--,--,--,--,--,--,--,--,--,--,--,--,--,--,--,--,--,--,--,55,44,--,--,--,--,--,--,--,--,--,--,--,--,--,--,--,--,--,--,--,--,--,--,--,--,--,--,--,--,--,--,--,--,--,--
2026/5/22 5:05,--,--,--,--,22.3,11.4,22.3,50,--,--,--,--,9.2,7.6,9.2,90,--,--,--,--,--,--,--,--,--,--,--,--,--,--,--,--,--,--,--,55,44,--,--,--,--,--,--,--,--,--,--,--,--,--,--,--,--,--,--,--,--,--,--,--,--,--,--,--,--,--,--,--,--,--,--
2026/5/22 5:20,--,--,--,--,22.2,11.3,22.2,50,--,--,--,--,8.9,7.3,8.9,90,--,--,--,--,--,--,--,--,--,--,--,--,--,--,--,--,--,--,--,55,44,--,--,--,--,--,--,--,--,--,--,--,--,--,--,--,--,--,--,--,--,--,--,--,--,--,--,--,--,--,--,--,--,--,--
2026/5/22 5:35,--,--,--,--,22.1,10.9,22.1,49,--,--,--,--,9.1,7.8,9.1,91,--,--,--,--,--,--,--,--,--,--,--,--,--,--,--,--,--,--,--,55,44,--,--,--,--,--,--,--,--,--,--,--,--,--,--,--,--,--,--,--,--,--,--,--,--,--,--,--,--,--,--,--,--,--,--
2026/5/22 5:50,--,--,--,--,22.1,10.9,22.1,49,--,--,--,--,9.1,7.8,9.1,91,--,--,--,--,--,--,--,--,--,--,--,--,--,--,--,--,--,--,--,55,44,--,--,--,--,--,--,--,--,--,--,--,--,--,--,--,--,--,--,--,--,--,--,--,--,--,--,--,--,--,--,--,--,--,--
2026/5/22 6:05,--,--,--,--,22.1,11.2,22.1,50,--,--,--,--,9.3,8.0,9.3,91,--,--,--,--,--,--,--,--,--,--,--,--,--,--,--,--,--,--,--,55,44,--,--,--,--,--,--,--,--,--,--,--,--,--,--,--,--,--,--,--,--,--,--,--,--,--,--,--,--,--,--,--,--,--,--
2026/5/22 6:20,--,--,--,--,22.1,11.2,22.1,50,--,--,--,--,9.7,8.3,9.7,91,--,--,--,--,--,--,--,--,--,--,--,--,--,--,--,--,--,--,--,55,44,--,--,--,--,--,--,--,--,--,--,--,--,--,--,--,--,--,--,--,--,--,--,--,--,--,--,--,--,--,--,--,--,--,--
2026/5/22 6:35,--,--,--,--,22.2,11.3,22.2,50,--,--,--,--,10.3,8.9,10.3,91,--,--,--,--,--,--,--,--,--,--,--,--,--,--,--,--,--,--,--,55,44,--,--,--,--,--,--,--,--,--,--,--,--,--,--,--,--,--,--,--,--,--,--,--,--,--,--,--,--,--,--,--,--,--,--
2026/5/22 6:50,--,--,--,--,22.2,11.6,22.2,51,--,--,--,--,11.3,9.9,11.3,91,--,--,--,--,--,--,--,--,--,--,--,--,--,--,--,--,--,--,--,55,44,--,--,--,--,--,--,--,--,--,--,--,--,--,--,--,--,--,--,--,--,--,--,--,--,--,--,--,--,--,--,--,--,--,--
2026/5/22 7:05,--,--,--,--,22.3,11.7,22.3,51,--,--,--,--,12.4,10.8,12.4,90,--,--,--,--,--,--,--,--,--,--,--,--,--,--,--,--,--,--,--,55,44,--,--,--,--,--,--,--,--,--,--,--,--,--,--,--,--,--,--,--,--,--,--,--,--,--,--,--,--,--,--,--,--,--,--
2026/5/22 7:20,--,--,--,--,22.3,11.7,22.3,51,--,--,--,--,13.2,11.2,13.2,88,--,--,--,--,--,--,--,--,--,--,--,--,--,--,--,--,--,--,--,55,44,--,--,--,--,--,--,--,--,--,--,--,--,--,--,--,--,--,--,--,--,--,--,--,--,--,--,--,--,--,--,--,--,--,--
2026/5/22 7:35,--,--,--,--,22.3,11.7,22.3,51,--,--,--,--,14.2,11.7,14.2,85,--,--,--,--,--,--,--,--,--,--,--,--,--,--,--,--,--,--,--,55,44,--,--,--,--,--,--,--,--,--,--,--,--,--,--,--,--,--,--,--,--,--,--,--,--,--,--,--,--,--,--,--,--,--,--
2026/5/22 7:50,--,--,--,--,22.3,11.7,22.3,51,--,--,--,--,15.2,12.3,15.2,83,--,--,--,--,--,--,--,--,--,--,--,--,--,--,--,--,--,--,--,55,44,--,--,--,--,--,--,--,--,--,--,--,--,--,--,--,--,--,--,--,--,--,--,--,--,--,--,--,--,--,--,--,--,--,--
2026/5/22 8:05,--,--,--,--,22.3,11.7,22.3,51,--,--,--,--,16.0,12.6,16.0,80,--,--,--,--,--,--,--,--,--,--,--,--,--,--,--,--,--,--,--,55,44,--,--,--,--,--,--,--,--,--,--,--,--,--,--,--,--,--,--,--,--,--,--,--,--,--,--,--,--,--,--,--,--,--,--
2026/5/22 8:20,--,--,--,--,22.3,11.7,22.3,51,--,--,--,--,17.4,13.3,17.4,77,--,--,--,--,--,--,--,--,--,--,--,--,--,--,--,--,--,--,--,55,44,--,--,--,--,--,--,--,--,--,--,--,--,--,--,--,--,--,--,--,--,--,--,--,--,--,--,--,--,--,--,--,--,--,--
2026/5/22 8:35,--,--,--,--,22.3,11.7,22.3,51,--,--,--,--,17.7,13.0,17.7,74,--,--,--,--,--,--,--,--,--,--,--,--,--,--,--,--,--,--,--,55,44,--,--,--,--,--,--,--,--,--,--,--,--,--,--,--,--,--,--,--,--,--,--,--,--,--,--,--,--,--,--,--,--,--,--
2026/5/22 8:50,--,--,--,--,22.4,11.8,22.4,51,--,--,--,--,17.5,12.9,17.5,74,--,--,--,--,--,--,--,--,--,--,--,--,--,--,--,--,--,--,--,55,44,--,--,--,--,--,--,--,--,--,--,--,--,--,--,--,--,--,--,--,--,--,--,--,--,--,--,--,--,--,--,--,--,--,--
2026/5/22 9:05,--,--,--,--,22.4,11.8,22.4,51,--,--,--,--,18.3,13.6,18.3,74,--,--,--,--,--,--,--,--,--,--,--,--,--,--,--,--,--,--,--,55,44,--,--,--,--,--,--,--,--,--,--,--,--,--,--,--,--,--,--,--,--,--,--,--,--,--,--,--,--,--,--,--,--,--,--
2026/5/22 9:20,--,--,--,--,22.4,11.8,22.4,51,--,--,--,--,20.2,14.6,20.2,70,--,--,--,--,--,--,--,--,--,--,--,--,--,--,--,--,--,--,--,55,44,--,--,--,--,--,--,--,--,--,--,--,--,--,--,--,--,--,--,--,--,--,--,--,--,--,--,--,--,--,--,--,--,--,--
2026/5/22 9:35,--,--,--,--,22.4,11.8,22.4,51,--,--,--,--,21.3,14.9,21.3,67,--,--,--,--,--,--,--,--,--,--,--,--,--,--,--,--,--,--,--,55,44,--,--,--,--,--,--,--,--,--,--,--,--,--,--,--,--,--,--,--,--,--,--,--,--,--,--,--,--,--,--,--,--,--,--
2026/5/22 9:50,--,--,--,--,22.5,11.9,22.5,51,--,--,--,--,23.6,16.2,23.6,63,--,--,--,--,--,--,--,--,--,--,--,--,--,--,--,--,--,--,--,55,44,--,--,--,--,--,--,--,--,--,--,--,--,--,--,--,--,--,--,--,--,--,--,--,--,--,--,--,--,--,--,--,--,--,--
2026/5/22 10:05,--,--,--,--,22.5,11.9,22.5,51,--,--,--,--,28.1,17.0,28.7,51,--,--,--,--,--,--,--,--,--,--,--,--,--,--,--,--,--,--,--,55,44,--,--,--,--,--,--,--,--,--,--,--,--,--,--,--,--,--,--,--,--,--,--,--,--,--,--,--,--,--,--,--,--,--,--
2026/5/22 10:20,--,--,--,--,22.6,12.0,22.6,51,--,--,--,--,29.9,17.7,30.6,48,--,--,--,--,--,--,--,--,--,--,--,--,--,--,--,--,--,--,--,55,44,--,--,--,--,--,--,--,--,--,--,--,--,--,--,--,--,--,--,--,--,--,--,--,--,--,--,--,--,--,--,--,--,--,--
2026/5/22 10:35,--,--,--,--,22.6,12.0,22.6,51,--,--,--,--,31.2,18.2,32.2,46,--,--,--,--,--,--,--,--,--,--,--,--,--,--,--,--,--,--,--,55,44,--,--,--,--,--,--,--,--,--,--,--,--,--,--,--,--,--,--,--,--,--,--,--,--,--,--,--,--,--,--,--,--,--,--
2026/5/22 10:50,--,--,--,--,22.6,12.0,22.6,51,--,--,--,--,32.1,17.6,32.8,42,--,--,--,--,--,--,--,--,--,--,--,--,--,--,--,--,--,--,--,55,44,--,--,--,--,--,--,--,--,--,--,--,--,--,--,--,--,--,--,--,--,--,--,--,--,--,--,--,--,--,--,--,--,--,--
2026/5/22 11:05,--,--,--,--,22.6,12.0,22.6,51,--,--,--,--,33.0,18.0,34.0,41,--,--,--,--,--,--,--,--,--,--,--,--,--,--,--,--,--,--,--,55,44,--,--,--,--,--,--,--,--,--,--,--,--,--,--,--,--,--,--,--,--,--,--,--,--,--,--,--,--,--,--,--,--,--,--
2026/5/22 11:20,--,--,--,--,22.7,12.1,22.7,51,--,--,--,--,34.2,19.1,36.1,41,--,--,--,--,--,--,--,--,--,--,--,--,--,--,--,--,--,--,--,55,44,--,--,--,--,--,--,--,--,--,--,--,--,--,--,--,--,--,--,--,--,--,--,--,--,--,--,--,--,--,--,--,--,--,--
2026/5/22 11:35,--,--,--,--,22.7,12.1,22.7,51,--,--,--,--,34.4,18.9,36.1,40,--,--,--,--,--,--,--,--,--,--,--,--,--,--,--,--,--,--,--,55,44,--,--,--,--,--,--,--,--,--,--,--,--,--,--,--,--,--,--,--,--,--,--,--,--,--,--,--,--,--,--,--,--,--,--
2026/5/22 11:50,--,--,--,--,22.7,12.1,22.7,51,--,--,--,--,34.9,18.5,36.4,38,--,--,--,--,--,--,--,--,--,--,--,--,--,--,--,--,--,--,--,55,44,--,--,--,--,--,--,--,--,--,--,--,--,--,--,--,--,--,--,--,--,--,--,--,--,--,--,--,--,--,--,--,--,--,--
2026/5/22 12:05,--,--,--,--,22.8,12.2,22.8,51,--,--,--,--,34.7,17.0,35.3,35,--,--,--,--,--,--,--,--,--,--,--,--,--,--,--,--,--,--,--,55,44,--,--,--,--,--,--,--,--,--,--,--,--,--,--,--,--,--,--,--,--,--,--,--,--,--,--,--,--,--,--,--,--,--,--
2026/5/22 12:20,--,--,--,--,22.8,12.2,22.8,51,--,--,--,--,34.9,17.2,35.6,35,--,--,--,--,--,--,--,--,--,--,--,--,--,--,--,--,--,--,--,55,44,--,--,--,--,--,--,--,--,--,--,--,--,--,--,--,--,--,--,--,--,--,--,--,--,--,--,--,--,--,--,--,--,--,--
2026/5/22 12:35,--,--,--,--,22.8,12.5,22.8,52,--,--,--,--,36.5,19.9,39.4,38,--,--,--,--,--,--,--,--,--,--,--,--,--,--,--,--,--,--,--,55,44,--,--,--,--,--,--,--,--,--,--,--,--,--,--,--,--,--,--,--,--,--,--,--,--,--,--,--,--,--,--,--,--,--,--
2026/5/22 12:50,--,--,--,--,22.8,12.2,22.8,51,--,--,--,--,35.6,19.1,37.7,38,--,--,--,--,--,--,--,--,--,--,--,--,--,--,--,--,--,--,--,55,44,--,--,--,--,--,--,--,--,--,--,--,--,--,--,--,--,--,--,--,--,--,--,--,--,--,--,--,--,--,--,--,--,--,--
2026/5/22 13:05,--,--,--,--,22.8,12.2,22.8,51,--,--,--,--,38.8,18.7,38.8,31,--,--,--,--,--,--,--,--,--,--,--,--,--,--,--,--,--,--,--,55,44,--,--,--,--,--,--,--,--,--,--,--,--,--,--,--,--,--,--,--,--,--,--,--,--,--,--,--,--,--,--,--,--,--,--
2026/5/22 13:20,--,--,--,--,22.8,12.2,22.8,51,--,--,--,--,37.7,17.2,37.7,30,--,--,--,--,--,--,--,--,--,--,--,--,--,--,--,--,--,--,--,55,44,--,--,--,--,--,--,--,--,--,--,--,--,--,--,--,--,--,--,--,--,--,--,--,--,--,--,--,--,--,--,--,--,--,--
2026/5/22 13:35,--,--,--,--,22.9,12.3,22.9,51,--,--,--,--,38.2,18.2,38.2,31,--,--,--,--,--,--,--,--,--,--,--,--,--,--,--,--,--,--,--,55,44,--,--,--,--,--,--,--,--,--,--,--,--,--,--,--,--,--,--,--,--,--,--,--,--,--,--,--,--,--,--,--,--,--,--
2026/5/22 13:50,--,--,--,--,22.9,12.3,22.9,51,--,--,--,--,40.6,20.2,40.6,31,--,--,--,--,--,--,--,--,--,--,--,--,--,--,--,--,--,--,--,55,44,--,--,--,--,--,--,--,--,--,--,--,--,--,--,--,--,--,--,--,--,--,--,--,--,--,--,--,--,--,--,--,--,--,--
2026/5/22 14:05,--,--,--,--,22.9,12.3,22.9,51,--,--,--,--,41.3,20.3,41.3,30,--,--,--,--,--,--,--,--,--,--,--,--,--,--,--,--,--,--,--,55,44,--,--,--,--,--,--,--,--,--,--,--,--,--,--,--,--,--,--,--,--,--,--,--,--,--,--,--,--,--,--,--,--,--,--
2026/5/22 14:20,--,--,--,--,23.0,12.4,23.0,51,--,--,--,--,42.4,19.5,42.4,27,--,--,--,--,--,--,--,--,--,--,--,--,--,--,--,--,--,--,--,55,44,--,--,--,--,--,--,--,--,--,--,--,--,--,--,--,--,--,--,--,--,--,--,--,--,--,--,--,--,--,--,--,--,--,--
2026/5/22 14:35,--,--,--,--,23.0,12.6,23.0,52,--,--,--,--,44.1,21.0,44.1,27,--,--,--,--,--,--,--,--,--,--,--,--,--,--,--,--,--,--,--,55,44,--,--,--,--,--,--,--,--,--,--,--,--,--,--,--,--,--,--,--,--,--,--,--,--,--,--,--,--,--,--,--,--,--,--
2026/5/22 14:50,--,--,--,--,23.0,12.6,23.0,52,--,--,--,--,43.7,19.4,43.7,25,--,--,--,--,--,--,--,--,--,--,--,--,--,--,--,--,--,--,--,55,44,--,--,--,--,--,--,--,--,--,--,--,--,--,--,--,--,--,--,--,--,--,--,--,--,--,--,--,--,--,--,--,--,--,--
2026/5/22 15:05,--,--,--,--,23.1,12.7,23.1,52,--,--,--,--,44.7,20.9,44.7,26,--,--,--,--,--,--,--,--,--,--,--,--,--,--,--,--,--,--,--,55,44,--,--,--,--,--,--,--,--,--,--,--,--,--,--,--,--,--,--,--,--,--,--,--,--,--,--,--,--,--,--,--,--,--,--
2026/5/22 15:20,--,--,--,--,23.1,13.0,23.1,53,--,--,--,--,43.5,18.6,43.5,24,--,--,--,--,--,--,--,--,--,--,--,--,--,--,--,--,--,--,--,55,44,--,--,--,--,--,--,--,--,--,--,--,--,--,--,--,--,--,--,--,--,--,--,--,--,--,--,--,--,--,--,--,--,--,--
2026/5/22 15:35,--,--,--,--,23.2,13.1,23.2,53,--,--,--,--,43.1,19.5,43.1,26,--,--,--,--,--,--,--,--,--,--,--,--,--,--,--,--,--,--,--,55,44,--,--,--,--,--,--,--,--,--,--,--,--,--,--,--,--,--,--,--,--,--,--,--,--,--,--,--,--,--,--,--,--,--,--
2026/5/22 15:50,--,--,--,--,23.2,13.1,23.2,53,--,--,--,--,45.0,21.1,45.0,26,--,--,--,--,--,--,--,--,--,--,--,--,--,--,--,--,--,--,--,55,44,--,--,--,--,--,--,--,--,--,--,--,--,--,--,--,--,--,--,--,--,--,--,--,--,--,--,--,--,--,--,--,--,--,--
2026/5/22 16:05,--,--,--,--,23.2,13.1,23.2,53,--,--,--,--,44.1,19.1,44.1,24,--,--,--,--,--,--,--,--,--,--,--,--,--,--,--,--,--,--,--,55,44,--,--,--,--,--,--,--,--,--,--,--,--,--,--,--,--,--,--,--,--,--,--,--,--,--,--,--,--,--,--,--,--,--,--
2026/5/22 16:20,--,--,--,--,23.3,13.2,23.3,53,--,--,--,--,42.6,18.5,42.6,25,--,--,--,--,--,--,--,--,--,--,--,--,--,--,--,--,--,--,--,55,44,--,--,--,--,--,--,--,--,--,--,--,--,--,--,--,--,--,--,--,--,--,--,--,--,--,--,--,--,--,--,--,--,--,--
2026/5/22 16:35,--,--,--,--,23.5,13.7,23.5,54,--,--,--,--,42.4,19.5,42.4,27,--,--,--,--,--,--,--,--,--,--,--,--,--,--,--,--,--,--,--,55,44,--,--,--,--,--,--,--,--,--,--,--,--,--,--,--,--,--,--,--,--,--,--,--,--,--,--,--,--,--,--,--,--,--,--
2026/5/22 16:50,--,--,--,--,23.6,13.8,23.6,54,--,--,--,--,41.6,17.6,41.6,25,--,--,--,--,--,--,--,--,--,--,--,--,--,--,--,--,--,--,--,55,44,--,--,--,--,--,--,--,--,--,--,--,--,--,--,--,--,--,--,--,--,--,--,--,--,--,--,--,--,--,--,--,--,--,--
2026/5/22 17:05,--,--,--,--,23.7,13.0,23.7,51,--,--,--,--,39.5,17.7,39.5,28,--,--,--,--,--,--,--,--,--,--,--,--,--,--,--,--,--,--,--,55,44,--,--,--,--,--,--,--,--,--,--,--,--,--,--,--,--,--,--,--,--,--,--,--,--,--,--,--,--,--,--,--,--,--,--
2026/5/22 17:20,--,--,--,--,23.7,12.4,23.7,49,--,--,--,--,36.8,15.9,36.8,29,--,--,--,--,--,--,--,--,--,--,--,--,--,--,--,--,--,--,--,55,44,--,--,--,--,--,--,--,--,--,--,--,--,--,--,--,--,--,--,--,--,--,--,--,--,--,--,--,--,--,--,--,--,--,--
2026/5/22 17:35,--,--,--,--,23.7,13.0,23.7,51,--,--,--,--,36.0,15.7,36.0,30,--,--,--,--,--,--,--,--,--,--,--,--,--,--,--,--,--,--,--,55,44,--,--,--,--,--,--,--,--,--,--,--,--,--,--,--,--,--,--,--,--,--,--,--,--,--,--,--,--,--,--,--,--,--,--
2026/5/22 17:50,--,--,--,--,23.7,13.0,23.7,51,--,--,--,--,34.6,16.0,34.6,33,--,--,--,--,--,--,--,--,--,--,--,--,--,--,--,--,--,--,--,55,44,--,--,--,--,--,--,--,--,--,--,--,--,--,--,--,--,--,--,--,--,--,--,--,--,--,--,--,--,--,--,--,--,--,--
2026/5/22 18:05,--,--,--,--,23.6,12.9,23.6,51,--,--,--,--,33.9,15.4,33.9,33,--,--,--,--,--,--,--,--,--,--,--,--,--,--,--,--,--,--,--,55,44,--,--,--,--,--,--,--,--,--,--,--,--,--,--,--,--,--,--,--,--,--,--,--,--,--,--,--,--,--,--,--,--,--,--
2026/5/22 18:20,--,--,--,--,23.6,13.2,23.6,52,--,--,--,--,32.9,14.6,32.9,33,--,--,--,--,--,--,--,--,--,--,--,--,--,--,--,--,--,--,--,55,44,--,--,--,--,--,--,--,--,--,--,--,--,--,--,--,--,--,--,--,--,--,--,--,--,--,--,--,--,--,--,--,--,--,--
2026/5/22 18:35,--,--,--,--,23.7,12.4,23.7,49,--,--,--,--,31.3,14.5,30.7,36,--,--,--,--,--,--,--,--,--,--,--,--,--,--,--,--,--,--,--,55,44,--,--,--,--,--,--,--,--,--,--,--,--,--,--,--,--,--,--,--,--,--,--,--,--,--,--,--,--,--,--,--,--,--,--
2026/5/22 18:50,--,--,--,--,23.7,13.0,23.7,51,--,--,--,--,29.5,14.1,29.0,39,--,--,--,--,--,--,--,--,--,--,--,--,--,--,--,--,--,--,--,55,44,--,--,--,--,--,--,--,--,--,--,--,--,--,--,--,--,--,--,--,--,--,--,--,--,--,--,--,--,--,--,--,--,--,--
2026/5/22 19:05,--,--,--,--,23.7,13.0,23.7,51,--,--,--,--,28.4,13.2,27.9,39,--,--,--,--,--,--,--,--,--,--,--,--,--,--,--,--,--,--,--,55,44,--,--,--,--,--,--,--,--,--,--,--,--,--,--,--,--,--,--,--,--,--,--,--,--,--,--,--,--,--,--,--,--,--,--
2026/5/22 19:20,--,--,--,--,23.6,12.9,23.6,51,--,--,--,--,27.4,12.6,27.1,40,--,--,--,--,--,--,--,--,--,--,--,--,--,--,--,--,--,--,--,55,44,--,--,--,--,--,--,--,--,--,--,--,--,--,--,--,--,--,--,--,--,--,--,--,--,--,--,--,--,--,--,--,--,--,--
2026/5/22 19:35,--,--,--,--,23.6,12.9,23.6,51,--,--,--,--,26.7,12.8,26.7,42,--,--,--,--,--,--,--,--,--,--,--,--,--,--,--,--,--,--,--,55,44,--,--,--,--,--,--,--,--,--,--,--,--,--,--,--,--,--,--,--,--,--,--,--,--,--,--,--,--,--,--,--,--,--,--
2026/5/22 20:04,--,--,--,--,23.6,12.6,23.6,50,--,--,--,--,25.6,12.8,25.6,45,--,--,--,--,--,--,--,--,--,--,--,--,--,--,--,--,--,--,--,--,--,--,--,--,--,--,--,--,--,--,--,--,--,--,--,--,--,--,--,--,--,--,--,--,--,--,--,--,--,--,--,--,--,--,--
2026/5/22 20:19,--,--,--,--,23.6,12.6,23.6,50,--,--,--,--,24.9,13.5,24.9,49,--,--,--,--,--,--,--,--,--,--,--,--,--,--,--,--,--,--,--,--,--,--,--,--,--,--,--,--,--,--,--,--,--,--,--,--,--,--,--,--,--,--,--,--,--,--,--,--,--,--,--,--,--,--,--
2026/5/22 20:34,--,--,--,--,23.6,12.6,23.6,50,--,--,--,--,24.0,14.4,24.0,55,--,--,--,--,--,--,--,--,--,--,--,--,--,--,--,--,--,--,--,--,--,--,--,--,--,--,--,--,--,--,--,--,--,--,--,--,--,--,--,--,--,--,--,--,--,--,--,--,--,--,--,--,--,--,--
2026/5/22 20:49,--,--,--,--,23.5,12.8,23.5,51,--,--,--,--,22.3,14.2,22.3,60,--,--,--,--,--,--,--,--,--,--,--,--,--,--,--,--,--,--,--,--,--,--,--,--,--,--,--,--,--,--,--,--,--,--,--,--,--,--,--,--,--,--,--,--,--,--,--,--,--,--,--,--,--,--,--
2026/5/22 21:04,--,--,--,--,23.4,13.0,23.4,52,--,--,--,--,20.7,13.7,20.7,64,--,--,--,--,--,--,--,--,--,--,--,--,--,--,--,--,--,--,--,--,--,--,--,--,--,--,--,--,--,--,--,--,--,--,--,--,--,--,--,--,--,--,--,--,--,--,--,--,--,--,--,--,--,--,--
2026/5/22 21:19,--,--,--,--,23.4,13.0,23.4,52,--,--,--,--,19.3,13.2,19.3,68,--,--,--,--,--,--,--,--,--,--,--,--,--,--,--,--,--,--,--,--,--,--,--,--,--,--,--,--,--,--,--,--,--,--,--,--,--,--,--,--,--,--,--,--,--,--,--,--,--,--,--,--,--,--,--
2026/5/22 21:34,--,--,--,--,23.3,12.9,23.3,52,--,--,--,--,18.2,12.9,18.2,71,--,--,--,--,--,--,--,--,--,--,--,--,--,--,--,--,--,--,--,--,--,--,--,--,--,--,--,--,--,--,--,--,--,--,--,--,--,--,--,--,--,--,--,--,--,--,--,--,--,--,--,--,--,--,--
2026/5/22 21:49,--,--,--,--,23.3,12.9,23.3,52,--,--,--,--,17.3,12.7,17.3,74,--,--,--,--,--,--,--,--,--,--,--,--,--,--,--,--,--,--,--,--,--,--,--,--,--,--,--,--,--,--,--,--,--,--,--,--,--,--,--,--,--,--,--,--,--,--,--,--,--,--,--,--,--,--,--
2026/5/22 22:04,--,--,--,--,23.3,12.9,23.3,52,--,--,--,--,16.9,12.5,16.9,75,--,--,--,--,--,--,--,--,--,--,--,--,--,--,--,--,--,--,--,--,--,--,--,--,--,--,--,--,--,--,--,--,--,--,--,--,--,--,--,--,--,--,--,--,--,--,--,--,--,--,--,--,--,--,--
2026/5/22 22:19,--,--,--,--,23.2,12.8,23.2,52,--,--,--,--,16.9,12.0,16.9,73,--,--,--,--,--,--,--,--,--,--,--,--,--,--,--,--,--,--,--,--,--,--,--,--,--,--,--,--,--,--,--,--,--,--,--,--,--,--,--,--,--,--,--,--,--,--,--,--,--,--,--,--,--,--,--
2026/5/22 22:34,--,--,--,--,23.2,12.8,23.2,52,--,--,--,--,16.8,11.9,16.8,73,--,--,--,--,--,--,--,--,--,--,--,--,--,--,--,--,--,--,--,--,--,--,--,--,--,--,--,--,--,--,--,--,--,--,--,--,--,--,--,--,--,--,--,--,--,--,--,--,--,--,--,--,--,--,--
2026/5/22 22:49,--,--,--,--,23.2,12.8,23.2,52,--,--,--,--,16.5,11.7,16.5,73,--,--,--,--,--,--,--,--,--,--,--,--,--,--,--,--,--,--,--,--,--,--,--,--,--,--,--,--,--,--,--,--,--,--,--,--,--,--,--,--,--,--,--,--,--,--,--,--,--,--,--,--,--,--,--
2026/5/22 23:04,--,--,--,--,23.2,12.8,23.2,52,--,--,--,--,16.1,11.7,16.1,75,--,--,--,--,--,--,--,--,--,--,--,--,--,--,--,--,--,--,--,--,--,--,--,--,--,--,--,--,--,--,--,--,--,--,--,--,--,--,--,--,--,--,--,--,--,--,--,--,--,--,--,--,--,--,--
2026/5/22 23:19,--,--,--,--,23.2,12.8,23.2,52,--,--,--,--,15.7,11.7,15.7,77,--,--,--,--,--,--,--,--,--,--,--,--,--,--,--,--,--,--,--,--,--,--,--,--,--,--,--,--,--,--,--,--,--,--,--,--,--,--,--,--,--,--,--,--,--,--,--,--,--,--,--,--,--,--,--
2026/5/22 23:34,--,--,--,--,23.1,12.7,23.1,52,--,--,--,--,15.9,11.7,15.9,76,--,--,--,--,--,--,--,--,--,--,--,--,--,--,--,--,--,--,--,--,--,--,--,--,--,--,--,--,--,--,--,--,--,--,--,--,--,--,--,--,--,--,--,--,--,--,--,--,--,--,--,--,--,--,--
2026/5/22 23:49,--,--,--,--,23.1,12.7,23.1,52,--,--,--,--,15.8,11.6,15.8,76,--,--,--,--,--,--,--,--,--,--,--,--,--,--,--,--,--,--,--,--,--,--,--,--,--,--,--,--,--,--,--,--,--,--,--,--,--,--,--,--,--,--,--,--,--,--,--,--,--,--,--,--,--,--,--
2026/5/23 0:00,--,--,--,--,23.1,12.7,23.1,52,--,--,--,--,15.6,11.6,15.6,77,--,--,--,--,--,--,--,--,--,--,--,--,--,--,--,--,--,--,--,--,--,--,--,--,--,--,--,--,--,--,--,--,--,--,--,--,--,--,--,--,--,--,--,--,--,--,--,--,--,--,--,--,--,--,--
2026/5/23 0:04,--,--,--,--,23.1,12.7,23.1,52,--,--,--,--,15.6,11.6,15.6,77,--,--,--,--,--,--,--,--,--,--,--,--,--,--,--,--,--,--,--,--,--,--,--,--,--,--,--,--,--,--,--,--,--,--,--,--,--,--,--,--,--,--,--,--,--,--,--,--,--,--,--,--,--,--,--
2026/5/23 0:19,--,--,--,--,23.1,12.7,23.1,52,--,--,--,--,15.4,11.4,15.4,77,--,--,--,--,--,--,--,--,--,--,--,--,--,--,--,--,--,--,--,--,--,--,--,--,--,--,--,--,--,--,--,--,--,--,--,--,--,--,--,--,--,--,--,--,--,--,--,--,--,--,--,--,--,--,--
2026/5/23 0:34,--,--,--,--,23.1,12.7,23.1,52,--,--,--,--,15.2,11.2,15.2,77,--,--,--,--,--,--,--,--,--,--,--,--,--,--,--,--,--,--,--,--,--,--,--,--,--,--,--,--,--,--,--,--,--,--,--,--,--,--,--,--,--,--,--,--,--,--,--,--,--,--,--,--,--,--,--
2026/5/23 0:49,--,--,--,--,23.0,12.6,23.0,52,--,--,--,--,15.0,11.2,15.0,78,--,--,--,--,--,--,--,--,--,--,--,--,--,--,--,--,--,--,--,--,--,--,--,--,--,--,--,--,--,--,--,--,--,--,--,--,--,--,--,--,--,--,--,--,--,--,--,--,--,--,--,--,--,--,--
2026/5/23 1:04,--,--,--,--,23.0,12.6,23.0,52,--,--,--,--,15.3,11.3,15.3,77,--,--,--,--,--,--,--,--,--,--,--,--,--,--,--,--,--,--,--,--,--,--,--,--,--,--,--,--,--,--,--,--,--,--,--,--,--,--,--,--,--,--,--,--,--,--,--,--,--,--,--,--,--,--,--
2026/5/23 1:19,--,--,--,--,23.0,12.6,23.0,52,--,--,--,--,14.7,11.1,14.7,79,--,--,--,--,--,--,--,--,--,--,--,--,--,--,--,--,--,--,--,--,--,--,--,--,--,--,--,--,--,--,--,--,--,--,--,--,--,--,--,--,--,--,--,--,--,--,--,--,--,--,--,--,--,--,--
2026/5/23 1:34,--,--,--,--,23.0,12.6,23.0,52,--,--,--,--,14.0,10.6,14.0,80,--,--,--,--,--,--,--,--,--,--,--,--,--,--,--,--,--,--,--,--,--,--,--,--,--,--,--,--,--,--,--,--,--,--,--,--,--,--,--,--,--,--,--,--,--,--,--,--,--,--,--,--,--,--,--
2026/5/23 1:49,--,--,--,--,23.0,12.6,23.0,52,--,--,--,--,13.5,10.5,13.5,82,--,--,--,--,--,--,--,--,--,--,--,--,--,--,--,--,--,--,--,--,--,--,--,--,--,--,--,--,--,--,--,--,--,--,--,--,--,--,--,--,--,--,--,--,--,--,--,--,--,--,--,--,--,--,--
2026/5/23 2:04,--,--,--,--,23.0,12.6,23.0,52,--,--,--,--,13.3,10.5,13.3,83,--,--,--,--,--,--,--,--,--,--,--,--,--,--,--,--,--,--,--,--,--,--,--,--,--,--,--,--,--,--,--,--,--,--,--,--,--,--,--,--,--,--,--,--,--,--,--,--,--,--,--,--,--,--,--
2026/5/23 2:19,--,--,--,--,23.0,12.6,23.0,52,--,--,--,--,13.1,10.6,13.1,85,--,--,--,--,--,--,--,--,--,--,--,--,--,--,--,--,--,--,--,--,--,--,--,--,--,--,--,--,--,--,--,--,--,--,--,--,--,--,--,--,--,--,--,--,--,--,--,--,--,--,--,--,--,--,--
2026/5/23 2:34,--,--,--,--,22.9,12.5,22.9,52,--,--,--,--,13.1,10.6,13.1,85,--,--,--,--,--,--,--,--,--,--,--,--,--,--,--,--,--,--,--,--,--,--,--,--,--,--,--,--,--,--,--,--,--,--,--,--,--,--,--,--,--,--,--,--,--,--,--,--,--,--,--,--,--,--,--
2026/5/23 2:49,--,--,--,--,22.9,12.5,22.9,52,--,--,--,--,13.1,10.4,13.1,84,--,--,--,--,--,--,--,--,--,--,--,--,--,--,--,--,--,--,--,--,--,--,--,--,--,--,--,--,--,--,--,--,--,--,--,--,--,--,--,--,--,--,--,--,--,--,--,--,--,--,--,--,--,--,--
2026/5/23 3:04,--,--,--,--,22.9,12.5,22.9,52,--,--,--,--,12.9,10.3,12.9,84,--,--,--,--,--,--,--,--,--,--,--,--,--,--,--,--,--,--,--,--,--,--,--,--,--,--,--,--,--,--,--,--,--,--,--,--,--,--,--,--,--,--,--,--,--,--,--,--,--,--,--,--,--,--,--
2026/5/23 3:19,--,--,--,--,22.9,12.5,22.9,52,--,--,--,--,12.6,10.3,12.6,86,--,--,--,--,--,--,--,--,--,--,--,--,--,--,--,--,--,--,--,--,--,--,--,--,--,--,--,--,--,--,--,--,--,--,--,--,--,--,--,--,--,--,--,--,--,--,--,--,--,--,--,--,--,--,--
2026/5/23 3:34,--,--,--,--,22.9,12.5,22.9,52,--,--,--,--,12.3,10.0,12.3,86,--,--,--,--,--,--,--,--,--,--,--,--,--,--,--,--,--,--,--,--,--,--,--,--,--,--,--,--,--,--,--,--,--,--,--,--,--,--,--,--,--,--,--,--,--,--,--,--,--,--,--,--,--,--,--
2026/5/23 3:49,--,--,--,--,22.9,12.5,22.9,52,--,--,--,--,12.1,10.0,12.1,87,--,--,--,--,--,--,--,--,--,--,--,--,--,--,--,--,--,--,--,--,--,--,--,--,--,--,--,--,--,--,--,--,--,--,--,--,--,--,--,--,--,--,--,--,--,--,--,--,--,--,--,--,--,--,--
2026/5/23 4:04,--,--,--,--,22.9,12.5,22.9,52,--,--,--,--,11.9,9.9,11.9,88,--,--,--,--,--,--,--,--,--,--,--,--,--,--,--,--,--,--,--,--,--,--,--,--,--,--,--,--,--,--,--,--,--,--,--,--,--,--,--,--,--,--,--,--,--,--,--,--,--,--,--,--,--,--,--
2026/5/23 4:19,--,--,--,--,22.9,12.5,22.9,52,--,--,--,--,11.8,9.8,11.8,88,--,--,--,--,--,--,--,--,--,--,--,--,--,--,--,--,--,--,--,--,--,--,--,--,--,--,--,--,--,--,--,--,--,--,--,--,--,--,--,--,--,--,--,--,--,--,--,--,--,--,--,--,--,--,--
2026/5/23 4:34,--,--,--,--,22.9,12.5,22.9,52,--,--,--,--,11.7,9.9,11.7,89,--,--,--,--,--,--,--,--,--,--,--,--,--,--,--,--,--,--,--,--,--,--,--,--,--,--,--,--,--,--,--,--,--,--,--,--,--,--,--,--,--,--,--,--,--,--,--,--,--,--,--,--,--,--,--
2026/5/23 4:49,--,--,--,--,22.8,12.5,22.8,52,--,--,--,--,11.6,9.8,11.6,89,--,--,--,--,--,--,--,--,--,--,--,--,--,--,--,--,--,--,--,--,--,--,--,--,--,--,--,--,--,--,--,--,--,--,--,--,--,--,--,--,--,--,--,--,--,--,--,--,--,--,--,--,--,--,--
2026/5/23 5:04,--,--,--,--,22.8,12.5,22.8,52,--,--,--,--,11.4,9.6,11.4,89,--,--,--,--,--,--,--,--,--,--,--,--,--,--,--,--,--,--,--,--,--,--,--,--,--,--,--,--,--,--,--,--,--,--,--,--,--,--,--,--,--,--,--,--,--,--,--,--,--,--,--,--,--,--,--
2026/5/23 5:19,--,--,--,--,22.8,12.5,22.8,52,--,--,--,--,11.3,9.5,11.3,89,--,--,--,--,--,--,--,--,--,--,--,--,--,--,--,--,--,--,--,--,--,--,--,--,--,--,--,--,--,--,--,--,--,--,--,--,--,--,--,--,--,--,--,--,--,--,--,--,--,--,--,--,--,--,--
2026/5/23 5:34,--,--,--,--,22.8,12.5,22.8,52,--,--,--,--,11.3,9.5,11.3,89,--,--,--,--,--,--,--,--,--,--,--,--,--,--,--,--,--,--,--,--,--,--,--,--,--,--,--,--,--,--,--,--,--,--,--,--,--,--,--,--,--,--,--,--,--,--,--,--,--,--,--,--,--,--,--
2026/5/23 5:49,--,--,--,--,22.8,12.5,22.8,52,--,--,--,--,11.4,9.8,11.4,90,--,--,--,--,--,--,--,--,--,--,--,--,--,--,--,--,--,--,--,--,--,--,--,--,--,--,--,--,--,--,--,--,--,--,--,--,--,--,--,--,--,--,--,--,--,--,--,--,--,--,--,--,--,--,--
2026/5/23 6:04,--,--,--,--,22.8,12.5,22.8,52,--,--,--,--,11.6,10.0,11.6,90,--,--,--,--,--,--,--,--,--,--,--,--,--,--,--,--,--,--,--,--,--,--,--,--,--,--,--,--,--,--,--,--,--,--,--,--,--,--,--,--,--,--,--,--,--,--,--,--,--,--,--,--,--,--,--
2026/5/23 6:19,--,--,--,--,22.6,12.0,22.6,51,--,--,--,--,12.0,10.4,12.0,90,--,--,--,--,--,--,--,--,--,--,--,--,--,--,--,--,--,--,--,--,--,--,--,--,--,--,--,--,--,--,--,--,--,--,--,--,--,--,--,--,--,--,--,--,--,--,--,--,--,--,--,--,--,--,--
2026/5/23 6:34,--,--,--,--,22.4,11.8,22.4,51,--,--,--,--,12.5,10.7,12.5,89,--,--,--,--,--,--,--,--,--,--,--,--,--,--,--,--,--,--,--,--,--,--,--,--,--,--,--,--,--,--,--,--,--,--,--,--,--,--,--,--,--,--,--,--,--,--,--,--,--,--,--,--,--,--,--
2026/5/23 6:49,--,--,--,--,22.4,11.5,22.4,50,--,--,--,--,13.7,11.7,13.7,88,--,--,--,--,--,--,--,--,--,--,--,--,--,--,--,--,--,--,--,--,--,--,--,--,--,--,--,--,--,--,--,--,--,--,--,--,--,--,--,--,--,--,--,--,--,--,--,--,--,--,--,--,--,--,--
2026/5/23 7:04,--,--,--,--,22.0,11.4,22.0,51,--,--,--,--,15.1,12.8,15.1,86,--,--,--,--,--,--,--,--,--,--,--,--,--,--,--,--,--,--,--,--,--,--,--,--,--,--,--,--,--,--,--,--,--,--,--,--,--,--,--,--,--,--,--,--,--,--,--,--,--,--,--,--,--,--,--
2026/5/23 7:19,--,--,--,--,21.6,11.3,21.6,52,--,--,--,--,16.4,13.7,16.4,84,--,--,--,--,--,--,--,--,--,--,--,--,--,--,--,--,--,--,--,--,--,--,--,--,--,--,--,--,--,--,--,--,--,--,--,--,--,--,--,--,--,--,--,--,--,--,--,--,--,--,--,--,--,--,--
2026/5/23 7:34,--,--,--,--,21.6,11.9,21.6,54,--,--,--,--,17.6,14.3,17.6,81,--,--,--,--,--,--,--,--,--,--,--,--,--,--,--,--,--,--,--,--,--,--,--,--,--,--,--,--,--,--,--,--,--,--,--,--,--,--,--,--,--,--,--,--,--,--,--,--,--,--,--,--,--,--,--
2026/5/23 7:49,--,--,--,--,21.9,11.9,21.9,53,--,--,--,--,18.4,14.1,18.4,76,--,--,--,--,--,--,--,--,--,--,--,--,--,--,--,--,--,--,--,--,--,--,--,--,--,--,--,--,--,--,--,--,--,--,--,--,--,--,--,--,--,--,--,--,--,--,--,--,--,--,--,--,--,--,--
2026/5/23 8:04,--,--,--,--,22.0,12.0,22.0,53,--,--,--,--,19.7,14.7,19.7,73,--,--,--,--,--,--,--,--,--,--,--,--,--,--,--,--,--,--,--,--,--,--,--,--,--,--,--,--,--,--,--,--,--,--,--,--,--,--,--,--,--,--,--,--,--,--,--,--,--,--,--,--,--,--,--
2026/5/23 8:19,--,--,--,--,22.1,12.1,22.1,53,--,--,--,--,21.5,15.6,21.5,69,--,--,--,--,--,--,--,--,--,--,--,--,--,--,--,--,--,--,--,--,--,--,--,--,--,--,--,--,--,--,--,--,--,--,--,--,--,--,--,--,--,--,--,--,--,--,--,--,--,--,--,--,--,--,--
2026/5/23 8:34,--,--,--,--,22.2,11.9,22.2,52,--,--,--,--,21.9,15.5,21.9,67,--,--,--,--,--,--,--,--,--,--,--,--,--,--,--,--,--,--,--,--,--,--,--,--,--,--,--,--,--,--,--,--,--,--,--,--,--,--,--,--,--,--,--,--,--,--,--,--,--,--,--,--,--,--,--
2026/5/23 8:49,--,--,--,--,22.3,12.0,22.3,52,--,--,--,--,21.7,15.3,21.7,67,--,--,--,--,--,--,--,--,--,--,--,--,--,--,--,--,--,--,--,--,--,--,--,--,--,--,--,--,--,--,--,--,--,--,--,--,--,--,--,--,--,--,--,--,--,--,--,--,--,--,--,--,--,--,--
2026/5/23 9:04,--,--,--,--,22.3,12.0,22.3,52,--,--,--,--,22.4,15.7,22.4,66,--,--,--,--,--,--,--,--,--,--,--,--,--,--,--,--,--,--,--,--,--,--,--,--,--,--,--,--,--,--,--,--,--,--,--,--,--,--,--,--,--,--,--,--,--,--,--,--,--,--,--,--,--,--,--
2026/5/23 9:19,--,--,--,--,22.4,12.1,22.4,52,--,--,--,--,23.8,16.3,23.8,63,--,--,--,--,--,--,--,--,--,--,--,--,--,--,--,--,--,--,--,--,--,--,--,--,--,--,--,--,--,--,--,--,--,--,--,--,--,--,--,--,--,--,--,--,--,--,--,--,--,--,--,--,--,--,--
2026/5/23 9:34,--,--,--,--,22.4,12.1,22.4,52,--,--,--,--,25.2,16.9,25.2,60,--,--,--,--,--,--,--,--,--,--,--,--,--,--,--,--,--,--,--,--,--,--,--,--,--,--,--,--,--,--,--,--,--,--,--,--,--,--,--,--,--,--,--,--,--,--,--,--,--,--,--,--,--,--,--
2026/5/23 9:49,--,--,--,--,22.4,12.1,22.4,52,--,--,--,--,27.3,18.1,28.2,57,--,--,--,--,--,--,--,--,--,--,--,--,--,--,--,--,--,--,--,--,--,--,--,--,--,--,--,--,--,--,--,--,--,--,--,--,--,--,--,--,--,--,--,--,--,--,--,--,--,--,--,--,--,--,--
2026/5/23 10:04,--,--,--,--,22.5,12.2,22.5,52,--,--,--,--,31.9,20.2,34.2,50,--,--,--,--,--,--,--,--,--,--,--,--,--,--,--,--,--,--,--,--,--,--,--,--,--,--,--,--,--,--,--,--,--,--,--,--,--,--,--,--,--,--,--,--,--,--,--,--,--,--,--,--,--,--,--
2026/5/23 10:19,--,--,--,--,22.5,12.2,22.5,52,--,--,--,--,35.4,21.3,39.3,44,--,--,--,--,--,--,--,--,--,--,--,--,--,--,--,--,--,--,--,--,--,--,--,--,--,--,--,--,--,--,--,--,--,--,--,--,--,--,--,--,--,--,--,--,--,--,--,--,--,--,--,--,--,--,--
2026/5/23 10:34,--,--,--,--,22.6,12.3,22.6,52,--,--,--,--,37.3,21.5,41.8,40,--,--,--,--,--,--,--,--,--,--,--,--,--,--,--,--,--,--,--,--,--,--,--,--,--,--,--,--,--,--,--,--,--,--,--,--,--,--,--,--,--,--,--,--,--,--,--,--,--,--,--,--,--,--,--
2026/5/23 10:49,--,--,--,--,22.6,12.3,22.6,52,--,--,--,--,38.3,21.5,43.1,38,--,--,--,--,--,--,--,--,--,--,--,--,--,--,--,--,--,--,--,--,--,--,--,--,--,--,--,--,--,--,--,--,--,--,--,--,--,--,--,--,--,--,--,--,--,--,--,--,--,--,--,--,--,--,--
2026/5/23 11:04,--,--,--,--,22.6,12.3,22.6,52,--,--,--,--,39.2,21.4,44.3,36,--,--,--,--,--,--,--,--,--,--,--,--,--,--,--,--,--,--,--,--,--,--,--,--,--,--,--,--,--,--,--,--,--,--,--,--,--,--,--,--,--,--,--,--,--,--,--,--,--,--,--,--,--,--,--
2026/5/23 11:19,--,--,--,--,22.6,12.3,22.6,52,--,--,--,--,37.5,19.5,40.3,35,--,--,--,--,--,--,--,--,--,--,--,--,--,--,--,--,--,--,--,--,--,--,--,--,--,--,--,--,--,--,--,--,--,--,--,--,--,--,--,--,--,--,--,--,--,--,--,--,--,--,--,--,--,--,--
2026/5/23 11:34,--,--,--,--,22.7,12.4,22.7,52,--,--,--,--,37.5,19.5,40.3,35,--,--,--,--,--,--,--,--,--,--,--,--,--,--,--,--,--,--,--,--,--,--,--,--,--,--,--,--,--,--,--,--,--,--,--,--,--,--,--,--,--,--,--,--,--,--,--,--,--,--,--,--,--,--,--
2026/5/23 11:49,--,--,--,--,22.7,12.4,22.7,52,--,--,--,--,37.9,19.8,41.1,35,--,--,--,--,--,--,--,--,--,--,--,--,--,--,--,--,--,--,--,--,--,--,--,--,--,--,--,--,--,--,--,--,--,--,--,--,--,--,--,--,--,--,--,--,--,--,--,--,--,--,--,--,--,--,--
2026/5/23 12:04,--,--,--,--,22.7,12.4,22.7,52,--,--,--,--,37.9,19.4,37.9,34,--,--,--,--,--,--,--,--,--,--,--,--,--,--,--,--,--,--,--,--,--,--,--,--,--,--,--,--,--,--,--,--,--,--,--,--,--,--,--,--,--,--,--,--,--,--,--,--,--,--,--,--,--,--,--
2026/5/23 12:19,--,--,--,--,22.7,12.4,22.7,52,--,--,--,--,39.0,20.3,39.0,34,--,--,--,--,--,--,--,--,--,--,--,--,--,--,--,--,--,--,--,--,--,--,--,--,--,--,--,--,--,--,--,--,--,--,--,--,--,--,--,--,--,--,--,--,--,--,--,--,--,--,--,--,--,--,--
2026/5/23 12:34,--,--,--,--,22.7,12.4,22.7,52,--,--,--,--,40.1,19.3,40.1,30,--,--,--,--,--,--,--,--,--,--,--,--,--,--,--,--,--,--,--,--,--,--,--,--,--,--,--,--,--,--,--,--,--,--,--,--,--,--,--,--,--,--,--,--,--,--,--,--,--,--,--,--,--,--,--
2026/5/23 12:49,--,--,--,--,22.8,12.5,22.8,52,--,--,--,--,39.9,20.6,39.9,33,--,--,--,--,--,--,--,--,--,--,--,--,--,--,--,--,--,--,--,--,--,--,--,--,--,--,--,--,--,--,--,--,--,--,--,--,--,--,--,--,--,--,--,--,--,--,--,--,--,--,--,--,--,--,--
2026/5/23 13:04,--,--,--,--,22.8,12.5,22.8,52,--,--,--,--,39.9,20.1,39.9,32,--,--,--,--,--,--,--,--,--,--,--,--,--,--,--,--,--,--,--,--,--,--,--,--,--,--,--,--,--,--,--,--,--,--,--,--,--,--,--,--,--,--,--,--,--,--,--,--,--,--,--,--,--,--,--
2026/5/23 13:19,--,--,--,--,22.8,12.5,22.8,52,--,--,--,--,40.9,18.9,40.9,28,--,--,--,--,--,--,--,--,--,--,--,--,--,--,--,--,--,--,--,--,--,--,--,--,--,--,--,--,--,--,--,--,--,--,--,--,--,--,--,--,--,--,--,--,--,--,--,--,--,--,--,--,--,--,--
2026/5/23 13:34,--,--,--,--,22.8,12.5,22.8,52,--,--,--,--,42.8,18.6,42.8,25,--,--,--,--,--,--,--,--,--,--,--,--,--,--,--,--,--,--,--,--,--,--,--,--,--,--,--,--,--,--,--,--,--,--,--,--,--,--,--,--,--,--,--,--,--,--,--,--,--,--,--,--,--,--,--
2026/5/23 13:49,--,--,--,--,22.8,12.5,22.8,52,--,--,--,--,45.0,21.1,45.0,26,--,--,--,--,--,--,--,--,--,--,--,--,--,--,--,--,--,--,--,--,--,--,--,--,--,--,--,--,--,--,--,--,--,--,--,--,--,--,--,--,--,--,--,--,--,--,--,--,--,--,--,--,--,--,--
2026/5/23 14:04,--,--,--,--,22.8,12.5,22.8,52,--,--,--,--,46.0,22.0,46.0,26,--,--,--,--,--,--,--,--,--,--,--,--,--,--,--,--,--,--,--,--,--,--,--,--,--,--,--,--,--,--,--,--,--,--,--,--,--,--,--,--,--,--,--,--,--,--,--,--,--,--,--,--,--,--,--
2026/5/23 14:19,--,--,--,--,22.8,12.5,22.8,52,--,--,--,--,46.7,20.6,46.7,23,--,--,--,--,--,--,--,--,--,--,--,--,--,--,--,--,--,--,--,--,--,--,--,--,--,--,--,--,--,--,--,--,--,--,--,--,--,--,--,--,--,--,--,--,--,--,--,--,--,--,--,--,--,--,--
2026/5/23 14:34,--,--,--,--,22.9,12.5,22.9,52,--,--,--,--,44.8,19.0,44.8,23,--,--,--,--,--,--,--,--,--,--,--,--,--,--,--,--,--,--,--,--,--,--,--,--,--,--,--,--,--,--,--,--,--,--,--,--,--,--,--,--,--,--,--,--,--,--,--,--,--,--,--,--,--,--,--
2026/5/23 14:49,--,--,--,--,22.9,12.5,22.9,52,--,--,--,--,45.8,19.8,45.8,23,--,--,--,--,--,--,--,--,--,--,--,--,--,--,--,--,--,--,--,--,--,--,--,--,--,--,--,--,--,--,--,--,--,--,--,--,--,--,--,--,--,--,--,--,--,--,--,--,--,--,--,--,--,--,--
2026/5/23 15:04,--,--,--,--,22.9,12.5,22.9,52,--,--,--,--,45.4,20.2,45.4,24,--,--,--,--,--,--,--,--,--,--,--,--,--,--,--,--,--,--,--,--,--,--,--,--,--,--,--,--,--,--,--,--,--,--,--,--,--,--,--,--,--,--,--,--,--,--,--,--,--,--,--,--,--,--,--
2026/5/23 15:19,--,--,--,--,22.9,12.5,22.9,52,--,--,--,--,46.8,21.3,46.8,24,--,--,--,--,--,--,--,--,--,--,--,--,--,--,--,--,--,--,--,--,--,--,--,--,--,--,--,--,--,--,--,--,--,--,--,--,--,--,--,--,--,--,--,--,--,--,--,--,--,--,--,--,--,--,--
2026/5/23 15:34,--,--,--,--,22.9,12.5,22.9,52,--,--,--,--,47.2,21.0,47.2,23,--,--,--,--,--,--,--,--,--,--,--,--,--,--,--,--,--,--,--,--,--,--,--,--,--,--,--,--,--,--,--,--,--,--,--,--,--,--,--,--,--,--,--,--,--,--,--,--,--,--,--,--,--,--,--
2026/5/23 15:49,--,--,--,--,22.9,12.5,22.9,52,--,--,--,--,47.3,21.7,47.3,24,--,--,--,--,--,--,--,--,--,--,--,--,--,--,--,--,--,--,--,--,--,--,--,--,--,--,--,--,--,--,--,--,--,--,--,--,--,--,--,--,--,--,--,--,--,--,--,--,--,--,--,--,--,--,--
2026/5/23 16:04,--,--,--,--,23.0,12.6,23.0,52,--,--,--,--,44.2,19.2,44.2,24,--,--,--,--,--,--,--,--,--,--,--,--,--,--,--,--,--,--,--,--,--,--,--,--,--,--,--,--,--,--,--,--,--,--,--,--,--,--,--,--,--,--,--,--,--,--,--,--,--,--,--,--,--,--,--
2026/5/23 16:19,--,--,--,--,23.0,12.6,23.0,52,--,--,--,--,43.7,18.1,43.7,23,--,--,--,--,--,--,--,--,--,--,--,--,--,--,--,--,--,--,--,--,--,--,--,--,--,--,--,--,--,--,--,--,--,--,--,--,--,--,--,--,--,--,--,--,--,--,--,--,--,--,--,--,--,--,--
2026/5/23 16:34,--,--,--,--,23.0,12.6,23.0,52,--,--,--,--,42.8,19.3,42.8,26,--,--,--,--,--,--,--,--,--,--,--,--,--,--,--,--,--,--,--,--,--,--,--,--,--,--,--,--,--,--,--,--,--,--,--,--,--,--,--,--,--,--,--,--,--,--,--,--,--,--,--,--,--,--,--
2026/5/23 16:49,--,--,--,--,23.0,12.6,23.0,52,--,--,--,--,42.7,17.2,42.7,23,--,--,--,--,--,--,--,--,--,--,--,--,--,--,--,--,--,--,--,--,--,--,--,--,--,--,--,--,--,--,--,--,--,--,--,--,--,--,--,--,--,--,--,--,--,--,--,--,--,--,--,--,--,--,--
2026/5/23 17:04,--,--,--,--,23.0,12.6,23.0,52,--,--,--,--,40.8,18.8,40.8,28,--,--,--,--,--,--,--,--,--,--,--,--,--,--,--,--,--,--,--,--,--,--,--,--,--,--,--,--,--,--,--,--,--,--,--,--,--,--,--,--,--,--,--,--,--,--,--,--,--,--,--,--,--,--,--
2026/5/23 17:19,--,--,--,--,23.0,12.6,23.0,52,--,--,--,--,40.1,19.3,40.1,30,--,--,--,--,--,--,--,--,--,--,--,--,--,--,--,--,--,--,--,--,--,--,--,--,--,--,--,--,--,--,--,--,--,--,--,--,--,--,--,--,--,--,--,--,--,--,--,--,--,--,--,--,--,--,--
2026/5/23 17:34,--,--,--,--,23.0,12.6,23.0,52,--,--,--,--,39.6,19.4,39.6,31,--,--,--,--,--,--,--,--,--,--,--,--,--,--,--,--,--,--,--,--,--,--,--,--,--,--,--,--,--,--,--,--,--,--,--,--,--,--,--,--,--,--,--,--,--,--,--,--,--,--,--,--,--,--,--
2026/5/23 17:49,--,--,--,--,23.0,12.6,23.0,52,--,--,--,--,38.4,17.8,38.4,30,--,--,--,--,--,--,--,--,--,--,--,--,--,--,--,--,--,--,--,--,--,--,--,--,--,--,--,--,--,--,--,--,--,--,--,--,--,--,--,--,--,--,--,--,--,--,--,--,--,--,--,--,--,--,--
2026/5/23 18:04,--,--,--,--,23.0,12.6,23.0,52,--,--,--,--,37.8,18.3,37.8,32,--,--,--,--,--,--,--,--,--,--,--,--,--,--,--,--,--,--,--,--,--,--,--,--,--,--,--,--,--,--,--,--,--,--,--,--,--,--,--,--,--,--,--,--,--,--,--,--,--,--,--,--,--,--,--
2026/5/23 18:19,--,--,--,--,23.1,12.7,23.1,52,--,--,--,--,36.9,17.0,36.9,31,--,--,--,--,--,--,--,--,--,--,--,--,--,--,--,--,--,--,--,--,--,--,--,--,--,--,--,--,--,--,--,--,--,--,--,--,--,--,--,--,--,--,--,--,--,--,--,--,--,--,--,--,--,--,--
2026/5/23 18:34,--,--,--,--,23.1,12.7,23.1,52,--,--,--,--,35.4,16.7,35.4,33,--,--,--,--,--,--,--,--,--,--,--,--,--,--,--,--,--,--,--,--,--,--,--,--,--,--,--,--,--,--,--,--,--,--,--,--,--,--,--,--,--,--,--,--,--,--,--,--,--,--,--,--,--,--,--
2026/5/23 18:49,--,--,--,--,23.1,12.7,23.1,52,--,--,--,--,33.1,16.5,33.3,37,--,--,--,--,--,--,--,--,--,--,--,--,--,--,--,--,--,--,--,--,--,--,--,--,--,--,--,--,--,--,--,--,--,--,--,--,--,--,--,--,--,--,--,--,--,--,--,--,--,--,--,--,--,--,--
2026/5/23 19:04,--,--,--,--,23.1,12.7,23.1,52,--,--,--,--,31.4,16.6,31.6,41,--,--,--,--,--,--,--,--,--,--,--,--,--,--,--,--,--,--,--,--,--,--,--,--,--,--,--,--,--,--,--,--,--,--,--,--,--,--,--,--,--,--,--,--,--,--,--,--,--,--,--,--,--,--,--
2026/5/23 19:19,--,--,--,--,23.1,12.7,23.1,52,--,--,--,--,29.8,16.6,30.0,45,--,--,--,--,--,--,--,--,--,--,--,--,--,--,--,--,--,--,--,--,--,--,--,--,--,--,--,--,--,--,--,--,--,--,--,--,--,--,--,--,--,--,--,--,--,--,--,--,--,--,--,--,--,--,--
2026/5/23 19:34,--,--,--,--,23.1,12.7,23.1,52,--,--,--,--,28.4,17.0,28.9,50,--,--,--,--,--,--,--,--,--,--,--,--,--,--,--,--,--,--,--,--,--,--,--,--,--,--,--,--,--,--,--,--,--,--,--,--,--,--,--,--,--,--,--,--,--,--,--,--,--,--,--,--,--,--,--
2026/5/23 19:49,--,--,--,--,23.2,12.8,23.2,52,--,--,--,--,27.2,16.8,27.8,53,--,--,--,--,--,--,--,--,--,--,--,--,--,--,--,--,--,--,--,--,--,--,--,--,--,--,--,--,--,--,--,--,--,--,--,--,--,--,--,--,--,--,--,--,--,--,--,--,--,--,--,--,--,--,--
2026/5/23 20:04,--,--,--,--,23.1,12.7,23.1,52,--,--,--,--,26.0,16.3,26.0,55,--,--,--,--,--,--,--,--,--,--,--,--,--,--,--,--,--,--,--,--,--,--,--,--,--,--,--,--,--,--,--,--,--,--,--,--,--,--,--,--,--,--,--,--,--,--,--,--,--,--,--,--,--,--,--
2026/5/23 20:19,--,--,--,--,23.2,13.1,23.2,53,--,--,--,--,25.0,16.5,25.0,59,--,--,--,--,--,--,--,--,--,--,--,--,--,--,--,--,--,--,--,--,--,--,--,--,--,--,--,--,--,--,--,--,--,--,--,--,--,--,--,--,--,--,--,--,--,--,--,--,--,--,--,--,--,--,--
2026/5/23 20:34,--,--,--,--,23.1,13.0,23.1,53,--,--,--,--,23.9,15.7,23.9,60,--,--,--,--,--,--,--,--,--,--,--,--,--,--,--,--,--,--,--,--,--,--,--,--,--,--,--,--,--,--,--,--,--,--,--,--,--,--,--,--,--,--,--,--,--,--,--,--,--,--,--,--,--,--,--
2026/5/23 20:49,--,--,--,--,23.1,13.0,23.1,53,--,--,--,--,22.8,15.1,22.8,62,--,--,--,--,--,--,--,--,--,--,--,--,--,--,--,--,--,--,--,--,--,--,--,--,--,--,--,--,--,--,--,--,--,--,--,--,--,--,--,--,--,--,--,--,--,--,--,--,--,--,--,--,--,--,--
2026/5/23 21:04,--,--,--,--,23.1,12.7,23.1,52,--,--,--,--,21.8,14.9,21.8,65,--,--,--,--,--,--,--,--,--,--,--,--,--,--,--,--,--,--,--,--,--,--,--,--,--,--,--,--,--,--,--,--,--,--,--,--,--,--,--,--,--,--,--,--,--,--,--,--,--,--,--,--,--,--,--
2026/5/23 21:19,--,--,--,--,23.1,13.0,23.1,53,--,--,--,--,20.9,14.3,20.9,66,--,--,--,--,--,--,--,--,--,--,--,--,--,--,--,--,--,--,--,--,--,--,--,--,--,--,--,--,--,--,--,--,--,--,--,--,--,--,--,--,--,--,--,--,--,--,--,--,--,--,--,--,--,--,--
2026/5/23 21:34,--,--,--,--,23.1,13.0,23.1,53,--,--,--,--,20.1,14.0,20.1,68,--,--,--,--,--,--,--,--,--,--,--,--,--,--,--,--,--,--,--,--,--,--,--,--,--,--,--,--,--,--,--,--,--,--,--,--,--,--,--,--,--,--,--,--,--,--,--,--,--,--,--,--,--,--,--
2026/5/23 21:49,--,--,--,--,23.1,13.0,23.1,53,--,--,--,--,19.5,13.9,19.5,70,--,--,--,--,--,--,--,--,--,--,--,--,--,--,--,--,--,--,--,--,--,--,--,--,--,--,--,--,--,--,--,--,--,--,--,--,--,--,--,--,--,--,--,--,--,--,--,--,--,--,--,--,--,--,--
2026/5/23 22:04,--,--,--,--,23.1,13.0,23.1,53,--,--,--,--,19.2,13.2,19.2,68,--,--,--,--,--,--,--,--,--,--,--,--,--,--,--,--,--,--,--,--,--,--,--,--,--,--,--,--,--,--,--,--,--,--,--,--,--,--,--,--,--,--,--,--,--,--,--,--,--,--,--,--,--,--,--
2026/5/23 22:19,--,--,--,--,23.1,13.0,23.1,53,--,--,--,--,18.9,12.9,18.9,68,--,--,--,--,--,--,--,--,--,--,--,--,--,--,--,--,--,--,--,--,--,--,--,--,--,--,--,--,--,--,--,--,--,--,--,--,--,--,--,--,--,--,--,--,--,--,--,--,--,--,--,--,--,--,--
2026/5/23 22:34,--,--,--,--,23.1,13.0,23.1,53,--,--,--,--,18.5,13.0,18.5,70,--,--,--,--,--,--,--,--,--,--,--,--,--,--,--,--,--,--,--,--,--,--,--,--,--,--,--,--,--,--,--,--,--,--,--,--,--,--,--,--,--,--,--,--,--,--,--,--,--,--,--,--,--,--,--
2026/5/23 22:49,--,--,--,--,23.1,13.0,23.1,53,--,--,--,--,18.4,13.1,18.4,71,--,--,--,--,--,--,--,--,--,--,--,--,--,--,--,--,--,--,--,--,--,--,--,--,--,--,--,--,--,--,--,--,--,--,--,--,--,--,--,--,--,--,--,--,--,--,--,--,--,--,--,--,--,--,--
2026/5/23 23:04,--,--,--,--,23.0,12.9,23.0,53,--,--,--,--,18.4,13.2,18.4,72,--,--,--,--,--,--,--,--,--,--,--,--,--,--,--,--,--,--,--,--,--,--,--,--,--,--,--,--,--,--,--,--,--,--,--,--,--,--,--,--,--,--,--,--,--,--,--,--,--,--,--,--,--,--,--
2026/5/23 23:19,--,--,--,--,23.0,12.9,23.0,53,--,--,--,--,19.9,14.1,19.9,69,--,--,--,--,--,--,--,--,--,--,--,--,--,--,--,--,--,--,--,--,--,--,--,--,--,--,--,--,--,--,--,--,--,--,--,--,--,--,--,--,--,--,--,--,--,--,--,--,--,--,--,--,--,--,--
2026/5/23 23:34,--,--,--,--,23.0,12.9,23.0,53,--,--,--,--,20.0,14.2,20.0,69,--,--,--,--,--,--,--,--,--,--,--,--,--,--,--,--,--,--,--,--,--,--,--,--,--,--,--,--,--,--,--,--,--,--,--,--,--,--,--,--,--,--,--,--,--,--,--,--,--,--,--,--,--,--,--
2026/5/23 23:49,--,--,--,--,23.0,12.9,23.0,53,--,--,--,--,19.7,14.3,19.7,71,--,--,--,--,--,--,--,--,--,--,--,--,--,--,--,--,--,--,--,--,--,--,--,--,--,--,--,--,--,--,--,--,--,--,--,--,--,--,--,--,--,--,--,--,--,--,--,--,--,--,--,--,--,--,--
2026/5/24 0:00,--,--,--,--,23.0,12.9,23.0,53,--,--,--,--,19.7,14.3,19.7,71,--,--,--,--,--,--,--,--,--,--,--,--,--,--,--,--,--,--,--,--,--,--,--,--,--,--,--,--,--,--,--,--,--,--,--,--,--,--,--,--,--,--,--,--,--,--,--,--,--,--,--,--,--,--,--
2026/5/24 0:04,--,--,--,--,23.0,12.9,23.0,53,--,--,--,--,19.7,14.3,19.7,71,--,--,--,--,--,--,--,--,--,--,--,--,--,--,--,--,--,--,--,--,--,--,--,--,--,--,--,--,--,--,--,--,--,--,--,--,--,--,--,--,--,--,--,--,--,--,--,--,--,--,--,--,--,--,--
2026/5/24 0:19,--,--,--,--,23.0,12.9,23.0,53,--,--,--,--,19.5,14.1,19.5,71,--,--,--,--,--,--,--,--,--,--,--,--,--,--,--,--,--,--,--,--,--,--,--,--,--,--,--,--,--,--,--,--,--,--,--,--,--,--,--,--,--,--,--,--,--,--,--,--,--,--,--,--,--,--,--
2026/5/24 0:34,--,--,--,--,23.0,12.9,23.0,53,--,--,--,--,19.0,13.8,19.0,72,--,--,--,--,--,--,--,--,--,--,--,--,--,--,--,--,--,--,--,--,--,--,--,--,--,--,--,--,--,--,--,--,--,--,--,--,--,--,--,--,--,--,--,--,--,--,--,--,--,--,--,--,--,--,--
2026/5/24 0:49,--,--,--,--,23.0,12.9,23.0,53,--,--,--,--,18.8,13.9,18.8,73,--,--,--,--,--,--,--,--,--,--,--,--,--,--,--,--,--,--,--,--,--,--,--,--,--,--,--,--,--,--,--,--,--,--,--,--,--,--,--,--,--,--,--,--,--,--,--,--,--,--,--,--,--,--,--
2026/5/24 1:04,--,--,--,--,23.0,12.9,23.0,53,--,--,--,--,18.5,13.6,18.5,73,--,--,--,--,--,--,--,--,--,--,--,--,--,--,--,--,--,--,--,--,--,--,--,--,--,--,--,--,--,--,--,--,--,--,--,--,--,--,--,--,--,--,--,--,--,--,--,--,--,--,--,--,--,--,--
2026/5/24 1:19,--,--,--,--,23.0,12.9,23.0,53,--,--,--,--,18.2,13.5,18.2,74,--,--,--,--,--,--,--,--,--,--,--,--,--,--,--,--,--,--,--,--,--,--,--,--,--,--,--,--,--,--,--,--,--,--,--,--,--,--,--,--,--,--,--,--,--,--,--,--,--,--,--,--,--,--,--
2026/5/24 1:34,--,--,--,--,23.0,12.9,23.0,53,--,--,--,--,18.4,13.7,18.4,74,--,--,--,--,--,--,--,--,--,--,--,--,--,--,--,--,--,--,--,--,--,--,--,--,--,--,--,--,--,--,--,--,--,--,--,--,--,--,--,--,--,--,--,--,--,--,--,--,--,--,--,--,--,--,--
2026/5/24 1:49,--,--,--,--,23.0,12.9,23.0,53,--,--,--,--,18.3,13.4,18.3,73,--,--,--,--,--,--,--,--,--,--,--,--,--,--,--,--,--,--,--,--,--,--,--,--,--,--,--,--,--,--,--,--,--,--,--,--,--,--,--,--,--,--,--,--,--,--,--,--,--,--,--,--,--,--,--
2026/5/24 2:04,--,--,--,--,23.0,12.9,23.0,53,--,--,--,--,18.4,13.2,18.4,72,--,--,--,--,--,--,--,--,--,--,--,--,--,--,--,--,--,--,--,--,--,--,--,--,--,--,--,--,--,--,--,--,--,--,--,--,--,--,--,--,--,--,--,--,--,--,--,--,--,--,--,--,--,--,--
2026/5/24 2:19,--,--,--,--,23.0,12.9,23.0,53,--,--,--,--,18.1,13.0,18.1,72,--,--,--,--,--,--,--,--,--,--,--,--,--,--,--,--,--,--,--,--,--,--,--,--,--,--,--,--,--,--,--,--,--,--,--,--,--,--,--,--,--,--,--,--,--,--,--,--,--,--,--,--,--,--,--
2026/5/24 2:34,--,--,--,--,23.0,12.9,23.0,53,--,--,--,--,17.9,13.2,17.9,74,--,--,--,--,--,--,--,--,--,--,--,--,--,--,--,--,--,--,--,--,--,--,--,--,--,--,--,--,--,--,--,--,--,--,--,--,--,--,--,--,--,--,--,--,--,--,--,--,--,--,--,--,--,--,--
2026/5/24 2:49,--,--,--,--,23.0,12.9,23.0,53,--,--,--,--,17.5,13.2,17.5,76,--,--,--,--,--,--,--,--,--,--,--,--,--,--,--,--,--,--,--,--,--,--,--,--,--,--,--,--,--,--,--,--,--,--,--,--,--,--,--,--,--,--,--,--,--,--,--,--,--,--,--,--,--,--,--
2026/5/24 3:04,--,--,--,--,23.0,12.9,23.0,53,--,--,--,--,17.2,12.9,17.2,76,--,--,--,--,--,--,--,--,--,--,--,--,--,--,--,--,--,--,--,--,--,--,--,--,--,--,--,--,--,--,--,--,--,--,--,--,--,--,--,--,--,--,--,--,--,--,--,--,--,--,--,--,--,--,--
2026/5/24 3:19,--,--,--,--,22.9,12.8,22.9,53,--,--,--,--,17.1,12.6,17.1,75,--,--,--,--,--,--,--,--,--,--,--,--,--,--,--,--,--,--,--,--,--,--,--,--,--,--,--,--,--,--,--,--,--,--,--,--,--,--,--,--,--,--,--,--,--,--,--,--,--,--,--,--,--,--,--
2026/5/24 3:34,--,--,--,--,23.0,12.9,23.0,53,--,--,--,--,16.6,12.3,16.6,76,--,--,--,--,--,--,--,--,--,--,--,--,--,--,--,--,--,--,--,--,--,--,--,--,--,--,--,--,--,--,--,--,--,--,--,--,--,--,--,--,--,--,--,--,--,--,--,--,--,--,--,--,--,--,--
2026/5/24 3:49,--,--,--,--,22.9,12.8,22.9,53,--,--,--,--,16.3,12.5,16.3,78,--,--,--,--,--,--,--,--,--,--,--,--,--,--,--,--,--,--,--,--,--,--,--,--,--,--,--,--,--,--,--,--,--,--,--,--,--,--,--,--,--,--,--,--,--,--,--,--,--,--,--,--,--,--,--
2026/5/24 4:04,--,--,--,--,22.9,12.8,22.9,53,--,--,--,--,16.3,12.7,16.3,79,--,--,--,--,--,--,--,--,--,--,--,--,--,--,--,--,--,--,--,--,--,--,--,--,--,--,--,--,--,--,--,--,--,--,--,--,--,--,--,--,--,--,--,--,--,--,--,--,--,--,--,--,--,--,--
2026/5/24 4:19,--,--,--,--,22.9,12.8,22.9,53,--,--,--,--,16.4,12.8,16.4,79,--,--,--,--,--,--,--,--,--,--,--,--,--,--,--,--,--,--,--,--,--,--,--,--,--,--,--,--,--,--,--,--,--,--,--,--,--,--,--,--,--,--,--,--,--,--,--,--,--,--,--,--,--,--,--
2026/5/24 4:34,--,--,--,--,22.9,12.8,22.9,53,--,--,--,--,16.4,12.8,16.4,79,--,--,--,--,--,--,--,--,--,--,--,--,--,--,--,--,--,--,--,--,--,--,--,--,--,--,--,--,--,--,--,--,--,--,--,--,--,--,--,--,--,--,--,--,--,--,--,--,--,--,--,--,--,--,--
2026/5/24 4:49,--,--,--,--,22.9,12.8,22.9,53,--,--,--,--,16.3,12.8,16.3,80,--,--,--,--,--,--,--,--,--,--,--,--,--,--,--,--,--,--,--,--,--,--,--,--,--,--,--,--,--,--,--,--,--,--,--,--,--,--,--,--,--,--,--,--,--,--,--,--,--,--,--,--,--,--,--
2026/5/24 5:04,--,--,--,--,22.9,12.8,22.9,53,--,--,--,--,16.2,12.8,16.2,80,--,--,--,--,--,--,--,--,--,--,--,--,--,--,--,--,--,--,--,--,--,--,--,--,--,--,--,--,--,--,--,--,--,--,--,--,--,--,--,--,--,--,--,--,--,--,--,--,--,--,--,--,--,--,--
2026/5/24 5:19,--,--,--,--,22.9,12.8,22.9,53,--,--,--,--,16.1,12.8,16.1,81,--,--,--,--,--,--,--,--,--,--,--,--,--,--,--,--,--,--,--,--,--,--,--,--,--,--,--,--,--,--,--,--,--,--,--,--,--,--,--,--,--,--,--,--,--,--,--,--,--,--,--,--,--,--,--
2026/5/24 5:34,--,--,--,--,22.9,12.8,22.9,53,--,--,--,--,15.9,12.6,15.9,81,--,--,--,--,--,--,--,--,--,--,--,--,--,--,--,--,--,--,--,--,--,--,--,--,--,--,--,--,--,--,--,--,--,--,--,--,--,--,--,--,--,--,--,--,--,--,--,--,--,--,--,--,--,--,--
2026/5/24 5:49,--,--,--,--,22.9,12.5,22.9,52,--,--,--,--,15.7,12.6,15.7,82,--,--,--,--,--,--,--,--,--,--,--,--,--,--,--,--,--,--,--,--,--,--,--,--,--,--,--,--,--,--,--,--,--,--,--,--,--,--,--,--,--,--,--,--,--,--,--,--,--,--,--,--,--,--,--
2026/5/24 6:04,--,--,--,--,22.9,12.5,22.9,52,--,--,--,--,15.8,12.7,15.8,82,--,--,--,--,--,--,--,--,--,--,--,--,--,--,--,--,--,--,--,--,--,--,--,--,--,--,--,--,--,--,--,--,--,--,--,--,--,--,--,--,--,--,--,--,--,--,--,--,--,--,--,--,--,--,--
2026/5/24 6:19,--,--,--,--,22.9,12.5,22.9,52,--,--,--,--,15.9,12.8,15.9,82,--,--,--,--,--,--,--,--,--,--,--,--,--,--,--,--,--,--,--,--,--,--,--,--,--,--,--,--,--,--,--,--,--,--,--,--,--,--,--,--,--,--,--,--,--,--,--,--,--,--,--,--,--,--,--
2026/5/24 6:34,--,--,--,--,22.9,12.5,22.9,52,--,--,--,--,16.3,13.2,16.3,82,--,--,--,--,--,--,--,--,--,--,--,--,--,--,--,--,--,--,--,--,--,--,--,--,--,--,--,--,--,--,--,--,--,--,--,--,--,--,--,--,--,--,--,--,--,--,--,--,--,--,--,--,--,--,--
2026/5/24 6:49,--,--,--,--,22.9,12.5,22.9,52,--,--,--,--,16.8,13.5,16.8,81,--,--,--,--,--,--,--,--,--,--,--,--,--,--,--,--,--,--,--,--,--,--,--,--,--,--,--,--,--,--,--,--,--,--,--,--,--,--,--,--,--,--,--,--,--,--,--,--,--,--,--,--,--,--,--
2026/5/24 7:04,--,--,--,--,22.9,12.5,22.9,52,--,--,--,--,17.6,14.3,17.6,81,--,--,--,--,--,--,--,--,--,--,--,--,--,--,--,--,--,--,--,--,--,--,--,--,--,--,--,--,--,--,--,--,--,--,--,--,--,--,--,--,--,--,--,--,--,--,--,--,--,--,--,--,--,--,--
2026/5/24 7:19,--,--,--,--,22.9,12.5,22.9,52,--,--,--,--,18.4,14.7,18.4,79,--,--,--,--,--,--,--,--,--,--,--,--,--,--,--,--,--,--,--,--,--,--,--,--,--,--,--,--,--,--,--,--,--,--,--,--,--,--,--,--,--,--,--,--,--,--,--,--,--,--,--,--,--,--,--
2026/5/24 7:34,--,--,--,--,22.9,12.5,22.9,52,--,--,--,--,19.6,15.7,19.6,78,--,--,--,--,--,--,--,--,--,--,--,--,--,--,--,--,--,--,--,--,--,--,--,--,--,--,--,--,--,--,--,--,--,--,--,--,--,--,--,--,--,--,--,--,--,--,--,--,--,--,--,--,--,--,--
2026/5/24 7:49,--,--,--,--,22.9,12.5,22.9,52,--,--,--,--,20.8,16.4,20.8,76,--,--,--,--,--,--,--,--,--,--,--,--,--,--,--,--,--,--,--,--,--,--,--,--,--,--,--,--,--,--,--,--,--,--,--,--,--,--,--,--,--,--,--,--,--,--,--,--,--,--,--,--,--,--,--
2026/5/24 8:04,--,--,--,--,22.9,12.5,22.9,52,--,--,--,--,22.2,16.9,22.2,72,--,--,--,--,--,--,--,--,--,--,--,--,--,--,--,--,--,--,--,--,--,--,--,--,--,--,--,--,--,--,--,--,--,--,--,--,--,--,--,--,--,--,--,--,--,--,--,--,--,--,--,--,--,--,--
2026/5/24 8:19,--,--,--,--,22.9,12.5,22.9,52,--,--,--,--,23.6,17.6,23.6,69,--,--,--,--,--,--,--,--,--,--,--,--,--,--,--,--,--,--,--,--,--,--,--,--,--,--,--,--,--,--,--,--,--,--,--,--,--,--,--,--,--,--,--,--,--,--,--,--,--,--,--,--,--,--,--
2026/5/24 8:34,--,--,--,--,22.9,12.8,22.9,53,--,--,--,--,24.0,17.5,24.0,67,--,--,--,--,--,--,--,--,--,--,--,--,--,--,--,--,--,--,--,--,--,--,--,--,--,--,--,--,--,--,--,--,--,--,--,--,--,--,--,--,--,--,--,--,--,--,--,--,--,--,--,--,--,--,--
2026/5/24 8:49,--,--,--,--,22.9,12.8,22.9,53,--,--,--,--,24.2,17.7,24.2,67,--,--,--,--,--,--,--,--,--,--,--,--,--,--,--,--,--,--,--,--,--,--,--,--,--,--,--,--,--,--,--,--,--,--,--,--,--,--,--,--,--,--,--,--,--,--,--,--,--,--,--,--,--,--,--
2026/5/24 9:04,--,--,--,--,22.9,12.8,22.9,53,--,--,--,--,24.9,17.7,24.9,64,--,--,--,--,--,--,--,--,--,--,--,--,--,--,--,--,--,--,--,--,--,--,--,--,--,--,--,--,--,--,--,--,--,--,--,--,--,--,--,--,--,--,--,--,--,--,--,--,--,--,--,--,--,--,--
2026/5/24 9:19,--,--,--,--,22.9,12.8,22.9,53,--,--,--,--,25.4,18.1,25.4,64,--,--,--,--,--,--,--,--,--,--,--,--,--,--,--,--,--,--,--,--,--,--,--,--,--,--,--,--,--,--,--,--,--,--,--,--,--,--,--,--,--,--,--,--,--,--,--,--,--,--,--,--,--,--,--
2026/5/24 9:34,--,--,--,--,22.9,12.8,22.9,53,--,--,--,--,26.5,18.4,26.5,61,--,--,--,--,--,--,--,--,--,--,--,--,--,--,--,--,--,--,--,--,--,--,--,--,--,--,--,--,--,--,--,--,--,--,--,--,--,--,--,--,--,--,--,--,--,--,--,--,--,--,--,--,--,--,--
2026/5/24 9:49,--,--,--,--,23.0,12.6,23.0,52,--,--,--,--,28.3,19.3,29.6,58,--,--,--,--,--,--,--,--,--,--,--,--,--,--,--,--,--,--,--,--,--,--,--,--,--,--,--,--,--,--,--,--,--,--,--,--,--,--,--,--,--,--,--,--,--,--,--,--,--,--,--,--,--,--,--
2026/5/24 10:04,--,--,--,--,23.0,12.6,23.0,52,--,--,--,--,30.7,19.4,32.3,51,--,--,--,--,--,--,--,--,--,--,--,--,--,--,--,--,--,--,--,--,--,--,--,--,--,--,--,--,--,--,--,--,--,--,--,--,--,--,--,--,--,--,--,--,--,--,--,--,--,--,--,--,--,--,--
2026/5/24 10:19,--,--,--,--,23.0,12.9,23.0,53,--,--,--,--,33.7,20.9,36.8,47,--,--,--,--,--,--,--,--,--,--,--,--,--,--,--,--,--,--,--,--,--,--,--,--,--,--,--,--,--,--,--,--,--,--,--,--,--,--,--,--,--,--,--,--,--,--,--,--,--,--,--,--,--,--,--
2026/5/24 10:34,--,--,--,--,23.0,12.6,23.0,52,--,--,--,--,34.7,20.7,37.9,44,--,--,--,--,--,--,--,--,--,--,--,--,--,--,--,--,--,--,--,--,--,--,--,--,--,--,--,--,--,--,--,--,--,--,--,--,--,--,--,--,--,--,--,--,--,--,--,--,--,--,--,--,--,--,--
2026/5/24 10:49,--,--,--,--,23.0,12.6,23.0,52,--,--,--,--,35.5,20.3,38.4,41,--,--,--,--,--,--,--,--,--,--,--,--,--,--,--,--,--,--,--,--,--,--,--,--,--,--,--,--,--,--,--,--,--,--,--,--,--,--,--,--,--,--,--,--,--,--,--,--,--,--,--,--,--,--,--
2026/5/24 11:04,--,--,--,--,23.0,12.6,23.0,52,--,--,--,--,37.5,21.2,41.9,39,--,--,--,--,--,--,--,--,--,--,--,--,--,--,--,--,--,--,--,--,--,--,--,--,--,--,--,--,--,--,--,--,--,--,--,--,--,--,--,--,--,--,--,--,--,--,--,--,--,--,--,--,--,--,--
2026/5/24 11:19,--,--,--,--,23.0,12.6,23.0,52,--,--,--,--,37.6,19.6,40.5,35,--,--,--,--,--,--,--,--,--,--,--,--,--,--,--,--,--,--,--,--,--,--,--,--,--,--,--,--,--,--,--,--,--,--,--,--,--,--,--,--,--,--,--,--,--,--,--,--,--,--,--,--,--,--,--
2026/5/24 11:34,--,--,--,--,23.0,12.9,23.0,53,--,--,--,--,37.1,19.6,39.9,36,--,--,--,--,--,--,--,--,--,--,--,--,--,--,--,--,--,--,--,--,--,--,--,--,--,--,--,--,--,--,--,--,--,--,--,--,--,--,--,--,--,--,--,--,--,--,--,--,--,--,--,--,--,--,--
2026/5/24 11:49,--,--,--,--,23.1,12.7,23.1,52,--,--,--,--,37.4,17.0,37.4,30,--,--,--,--,--,--,--,--,--,--,--,--,--,--,--,--,--,--,--,--,--,--,--,--,--,--,--,--,--,--,--,--,--,--,--,--,--,--,--,--,--,--,--,--,--,--,--,--,--,--,--,--,--,--,--
2026/5/24 12:04,--,--,--,--,23.1,13.0,23.1,53,--,--,--,--,36.2,17.9,36.2,34,--,--,--,--,--,--,--,--,--,--,--,--,--,--,--,--,--,--,--,--,--,--,--,--,--,--,--,--,--,--,--,--,--,--,--,--,--,--,--,--,--,--,--,--,--,--,--,--,--,--,--,--,--,--,--
2026/5/24 12:19,--,--,--,--,23.1,13.0,23.1,53,--,--,--,--,36.5,18.6,38.4,35,--,--,--,--,--,--,--,--,--,--,--,--,--,--,--,--,--,--,--,--,--,--,--,--,--,--,--,--,--,--,--,--,--,--,--,--,--,--,--,--,--,--,--,--,--,--,--,--,--,--,--,--,--,--,--
2026/5/24 12:34,--,--,--,--,23.1,13.0,23.1,53,--,--,--,--,37.6,18.1,37.6,32,--,--,--,--,--,--,--,--,--,--,--,--,--,--,--,--,--,--,--,--,--,--,--,--,--,--,--,--,--,--,--,--,--,--,--,--,--,--,--,--,--,--,--,--,--,--,--,--,--,--,--,--,--,--,--
2026/5/24 12:49,--,--,--,--,23.1,13.0,23.1,53,--,--,--,--,37.4,18.0,37.4,32,--,--,--,--,--,--,--,--,--,--,--,--,--,--,--,--,--,--,--,--,--,--,--,--,--,--,--,--,--,--,--,--,--,--,--,--,--,--,--,--,--,--,--,--,--,--,--,--,--,--,--,--,--,--,--
2026/5/24 13:04,--,--,--,--,23.1,13.0,23.1,53,--,--,--,--,38.3,17.7,38.3,30,--,--,--,--,--,--,--,--,--,--,--,--,--,--,--,--,--,--,--,--,--,--,--,--,--,--,--,--,--,--,--,--,--,--,--,--,--,--,--,--,--,--,--,--,--,--,--,--,--,--,--,--,--,--,--
2026/5/24 13:19,--,--,--,--,23.1,13.0,23.1,53,--,--,--,--,38.3,17.7,38.3,30,--,--,--,--,--,--,--,--,--,--,--,--,--,--,--,--,--,--,--,--,--,--,--,--,--,--,--,--,--,--,--,--,--,--,--,--,--,--,--,--,--,--,--,--,--,--,--,--,--,--,--,--,--,--,--
2026/5/24 13:34,--,--,--,--,23.1,13.0,23.1,53,--,--,--,--,39.5,19.3,39.5,31,--,--,--,--,--,--,--,--,--,--,--,--,--,--,--,--,--,--,--,--,--,--,--,--,--,--,--,--,--,--,--,--,--,--,--,--,--,--,--,--,--,--,--,--,--,--,--,--,--,--,--,--,--,--,--
2026/5/24 13:49,--,--,--,--,23.1,13.0,23.1,53,--,--,--,--,39.3,19.6,39.3,32,--,--,--,--,--,--,--,--,--,--,--,--,--,--,--,--,--,--,--,--,--,--,--,--,--,--,--,--,--,--,--,--,--,--,--,--,--,--,--,--,--,--,--,--,--,--,--,--,--,--,--,--,--,--,--
2026/5/24 14:04,--,--,--,--,23.2,13.1,23.2,53,--,--,--,--,39.4,18.7,39.4,30,--,--,--,--,--,--,--,--,--,--,--,--,--,--,--,--,--,--,--,--,--,--,--,--,--,--,--,--,--,--,--,--,--,--,--,--,--,--,--,--,--,--,--,--,--,--,--,--,--,--,--,--,--,--,--
2026/5/24 14:19,--,--,--,--,23.2,13.1,23.2,53,--,--,--,--,39.8,19.0,39.8,30,--,--,--,--,--,--,--,--,--,--,--,--,--,--,--,--,--,--,--,--,--,--,--,--,--,--,--,--,--,--,--,--,--,--,--,--,--,--,--,--,--,--,--,--,--,--,--,--,--,--,--,--,--,--,--
2026/5/24 14:34,--,--,--,--,23.2,13.1,23.2,53,--,--,--,--,40.8,19.3,40.8,29,--,--,--,--,--,--,--,--,--,--,--,--,--,--,--,--,--,--,--,--,--,--,--,--,--,--,--,--,--,--,--,--,--,--,--,--,--,--,--,--,--,--,--,--,--,--,--,--,--,--,--,--,--,--,--
2026/5/24 14:49,--,--,--,--,23.2,13.1,23.2,53,--,--,--,--,40.4,19.0,40.4,29,--,--,--,--,--,--,--,--,--,--,--,--,--,--,--,--,--,--,--,--,--,--,--,--,--,--,--,--,--,--,--,--,--,--,--,--,--,--,--,--,--,--,--,--,--,--,--,--,--,--,--,--,--,--,--
2026/5/24 15:04,--,--,--,--,23.2,13.1,23.2,53,--,--,--,--,39.7,18.4,39.7,29,--,--,--,--,--,--,--,--,--,--,--,--,--,--,--,--,--,--,--,--,--,--,--,--,--,--,--,--,--,--,--,--,--,--,--,--,--,--,--,--,--,--,--,--,--,--,--,--,--,--,--,--,--,--,--
2026/5/24 15:19,--,--,--,--,23.2,13.1,23.2,53,--,--,--,--,40.6,19.2,40.6,29,--,--,--,--,--,--,--,--,--,--,--,--,--,--,--,--,--,--,--,--,--,--,--,--,--,--,--,--,--,--,--,--,--,--,--,--,--,--,--,--,--,--,--,--,--,--,--,--,--,--,--,--,--,--,--
2026/5/24 15:34,--,--,--,--,23.2,13.1,23.2,53,--,--,--,--,40.0,17.5,40.0,27,--,--,--,--,--,--,--,--,--,--,--,--,--,--,--,--,--,--,--,--,--,--,--,--,--,--,--,--,--,--,--,--,--,--,--,--,--,--,--,--,--,--,--,--,--,--,--,--,--,--,--,--,--,--,--
2026/5/24 15:49,--,--,--,--,23.2,13.1,23.2,53,--,--,--,--,40.2,19.4,40.2,30,--,--,--,--,--,--,--,--,--,--,--,--,--,--,--,--,--,--,--,--,--,--,--,--,--,--,--,--,--,--,--,--,--,--,--,--,--,--,--,--,--,--,--,--,--,--,--,--,--,--,--,--,--,--,--
2026/5/24 16:04,--,--,--,--,23.2,13.1,23.2,53,--,--,--,--,41.1,18.4,41.1,27,--,--,--,--,--,--,--,--,--,--,--,--,--,--,--,--,--,--,--,--,--,--,--,--,--,--,--,--,--,--,--,--,--,--,--,--,--,--,--,--,--,--,--,--,--,--,--,--,--,--,--,--,--,--,--
2026/5/24 16:19,--,--,--,--,23.3,13.2,23.3,53,--,--,--,--,39.3,17.5,39.3,28,--,--,--,--,--,--,--,--,--,--,--,--,--,--,--,--,--,--,--,--,--,--,--,--,--,--,--,--,--,--,--,--,--,--,--,--,--,--,--,--,--,--,--,--,--,--,--,--,--,--,--,--,--,--,--
2026/5/24 16:34,--,--,--,--,23.3,13.2,23.3,53,--,--,--,--,39.3,17.5,39.3,28,--,--,--,--,--,--,--,--,--,--,--,--,--,--,--,--,--,--,--,--,--,--,--,--,--,--,--,--,--,--,--,--,--,--,--,--,--,--,--,--,--,--,--,--,--,--,--,--,--,--,--,--,--,--,--
2026/5/24 16:49,--,--,--,--,23.3,13.2,23.3,53,--,--,--,--,38.7,17.5,38.7,29,--,--,--,--,--,--,--,--,--,--,--,--,--,--,--,--,--,--,--,--,--,--,--,--,--,--,--,--,--,--,--,--,--,--,--,--,--,--,--,--,--,--,--,--,--,--,--,--,--,--,--,--,--,--,--
2026/5/24 17:04,--,--,--,--,23.3,13.2,23.3,53,--,--,--,--,36.8,16.4,36.8,30,--,--,--,--,--,--,--,--,--,--,--,--,--,--,--,--,--,--,--,--,--,--,--,--,--,--,--,--,--,--,--,--,--,--,--,--,--,--,--,--,--,--,--,--,--,--,--,--,--,--,--,--,--,--,--
2026/5/24 17:19,--,--,--,--,23.3,13.2,23.3,53,--,--,--,--,36.3,16.0,36.3,30,--,--,--,--,--,--,--,--,--,--,--,--,--,--,--,--,--,--,--,--,--,--,--,--,--,--,--,--,--,--,--,--,--,--,--,--,--,--,--,--,--,--,--,--,--,--,--,--,--,--,--,--,--,--,--
2026/5/24 17:34,--,--,--,--,23.3,13.2,23.3,53,--,--,--,--,34.4,15.4,34.4,32,--,--,--,--,--,--,--,--,--,--,--,--,--,--,--,--,--,--,--,--,--,--,--,--,--,--,--,--,--,--,--,--,--,--,--,--,--,--,--,--,--,--,--,--,--,--,--,--,--,--,--,--,--,--,--
2026/5/24 17:49,--,--,--,--,23.3,13.2,23.3,53,--,--,--,--,34.1,16.1,34.1,34,--,--,--,--,--,--,--,--,--,--,--,--,--,--,--,--,--,--,--,--,--,--,--,--,--,--,--,--,--,--,--,--,--,--,--,--,--,--,--,--,--,--,--,--,--,--,--,--,--,--,--,--,--,--,--
2026/5/24 18:04,--,--,--,--,23.3,13.2,23.3,53,--,--,--,--,34.3,14.8,34.3,31,--,--,--,--,--,--,--,--,--,--,--,--,--,--,--,--,--,--,--,--,--,--,--,--,--,--,--,--,--,--,--,--,--,--,--,--,--,--,--,--,--,--,--,--,--,--,--,--,--,--,--,--,--,--,--
2026/5/24 18:19,--,--,--,--,23.3,13.2,23.3,53,--,--,--,--,33.9,13.9,33.9,30,--,--,--,--,--,--,--,--,--,--,--,--,--,--,--,--,--,--,--,--,--,--,--,--,--,--,--,--,--,--,--,--,--,--,--,--,--,--,--,--,--,--,--,--,--,--,--,--,--,--,--,--,--,--,--
2026/5/24 18:34,--,--,--,--,23.3,13.2,23.3,53,--,--,--,--,32.7,14.8,32.7,34,--,--,--,--,--,--,--,--,--,--,--,--,--,--,--,--,--,--,--,--,--,--,--,--,--,--,--,--,--,--,--,--,--,--,--,--,--,--,--,--,--,--,--,--,--,--,--,--,--,--,--,--,--,--,--
2026/5/24 18:49,--,--,--,--,23.4,13.3,23.4,53,--,--,--,--,31.0,13.8,30.2,35,--,--,--,--,--,--,--,--,--,--,--,--,--,--,--,--,--,--,--,--,--,--,--,--,--,--,--,--,--,--,--,--,--,--,--,--,--,--,--,--,--,--,--,--,--,--,--,--,--,--,--,--,--,--,--
2026/5/24 19:04,--,--,--,--,23.4,13.3,23.4,53,--,--,--,--,29.6,13.4,28.9,37,--,--,--,--,--,--,--,--,--,--,--,--,--,--,--,--,--,--,--,--,--,--,--,--,--,--,--,--,--,--,--,--,--,--,--,--,--,--,--,--,--,--,--,--,--,--,--,--,--,--,--,--,--,--,--
2026/5/24 19:19,--,--,--,--,23.4,13.3,23.4,53,--,--,--,--,28.2,13.0,27.8,39,--,--,--,--,--,--,--,--,--,--,--,--,--,--,--,--,--,--,--,--,--,--,--,--,--,--,--,--,--,--,--,--,--,--,--,--,--,--,--,--,--,--,--,--,--,--,--,--,--,--,--,--,--,--,--
2026/5/24 19:34,--,--,--,--,23.4,13.3,23.4,53,--,--,--,--,27.3,13.7,27.2,43,--,--,--,--,--,--,--,--,--,--,--,--,--,--,--,--,--,--,--,--,--,--,--,--,--,--,--,--,--,--,--,--,--,--,--,--,--,--,--,--,--,--,--,--,--,--,--,--,--,--,--,--,--,--,--
2026/5/24 19:49,--,--,--,--,23.4,13.3,23.4,53,--,--,--,--,26.0,12.8,26.0,44,--,--,--,--,--,--,--,--,--,--,--,--,--,--,--,--,--,--,--,--,--,--,--,--,--,--,--,--,--,--,--,--,--,--,--,--,--,--,--,--,--,--,--,--,--,--,--,--,--,--,--,--,--,--,--
2026/5/24 20:04,--,--,--,--,23.4,13.3,23.4,53,--,--,--,--,25.0,12.3,25.0,45,--,--,--,--,--,--,--,--,--,--,--,--,--,--,--,--,--,--,--,--,--,--,--,--,--,--,--,--,--,--,--,--,--,--,--,--,--,--,--,--,--,--,--,--,--,--,--,--,--,--,--,--,--,--,--
2026/5/24 20:19,--,--,--,--,23.5,13.4,23.5,53,--,--,--,--,24.0,12.0,24.0,47,--,--,--,--,--,--,--,--,--,--,--,--,--,--,--,--,--,--,--,--,--,--,--,--,--,--,--,--,--,--,--,--,--,--,--,--,--,--,--,--,--,--,--,--,--,--,--,--,--,--,--,--,--,--,--
2026/5/24 20:34,--,--,--,--,23.5,13.4,23.5,53,--,--,--,--,23.3,11.7,23.3,48,--,--,--,--,--,--,--,--,--,--,--,--,--,--,--,--,--,--,--,--,--,--,--,--,--,--,--,--,--,--,--,--,--,--,--,--,--,--,--,--,--,--,--,--,--,--,--,--,--,--,--,--,--,--,--
2026/5/24 20:49,--,--,--,--,23.5,13.4,23.5,53,--,--,--,--,22.6,11.7,22.6,50,--,--,--,--,--,--,--,--,--,--,--,--,--,--,--,--,--,--,--,--,--,--,--,--,--,--,--,--,--,--,--,--,--,--,--,--,--,--,--,--,--,--,--,--,--,--,--,--,--,--,--,--,--,--,--
2026/5/24 21:04,--,--,--,--,23.4,13.3,23.4,53,--,--,--,--,22.0,11.7,22.0,52,--,--,--,--,--,--,--,--,--,--,--,--,--,--,--,--,--,--,--,--,--,--,--,--,--,--,--,--,--,--,--,--,--,--,--,--,--,--,--,--,--,--,--,--,--,--,--,--,--,--,--,--,--,--,--
2026/5/24 21:19,--,--,--,--,23.4,13.3,23.4,53,--,--,--,--,21.3,11.9,21.3,55,--,--,--,--,--,--,--,--,--,--,--,--,--,--,--,--,--,--,--,--,--,--,--,--,--,--,--,--,--,--,--,--,--,--,--,--,--,--,--,--,--,--,--,--,--,--,--,--,--,--,--,--,--,--,--
2026/5/24 21:34,--,--,--,--,23.4,13.3,23.4,53,--,--,--,--,21.0,11.9,21.0,56,--,--,--,--,--,--,--,--,--,--,--,--,--,--,--,--,--,--,--,--,--,--,--,--,--,--,--,--,--,--,--,--,--,--,--,--,--,--,--,--,--,--,--,--,--,--,--,--,--,--,--,--,--,--,--
2026/5/24 21:49,--,--,--,--,23.4,13.3,23.4,53,--,--,--,--,20.6,11.8,20.6,57,--,--,--,--,--,--,--,--,--,--,--,--,--,--,--,--,--,--,--,--,--,--,--,--,--,--,--,--,--,--,--,--,--,--,--,--,--,--,--,--,--,--,--,--,--,--,--,--,--,--,--,--,--,--,--
2026/5/24 22:04,--,--,--,--,23.4,13.3,23.4,53,--,--,--,--,20.3,12.0,20.3,59,--,--,--,--,--,--,--,--,--,--,--,--,--,--,--,--,--,--,--,--,--,--,--,--,--,--,--,--,--,--,--,--,--,--,--,--,--,--,--,--,--,--,--,--,--,--,--,--,--,--,--,--,--,--,--
2026/5/24 22:19,--,--,--,--,23.4,13.3,23.4,53,--,--,--,--,20.2,12.0,20.2,59,--,--,--,--,--,--,--,--,--,--,--,--,--,--,--,--,--,--,--,--,--,--,--,--,--,--,--,--,--,--,--,--,--,--,--,--,--,--,--,--,--,--,--,--,--,--,--,--,--,--,--,--,--,--,--
2026/5/24 22:34,--,--,--,--,23.4,13.3,23.4,53,--,--,--,--,19.0,11.8,19.0,63,--,--,--,--,--,--,--,--,--,--,--,--,--,--,--,--,--,--,--,--,--,--,--,--,--,--,--,--,--,--,--,--,--,--,--,--,--,--,--,--,--,--,--,--,--,--,--,--,--,--,--,--,--,--,--
2026/5/24 22:49,--,--,--,--,23.4,13.3,23.4,53,--,--,--,--,17.8,11.6,17.8,67,--,--,--,--,--,--,--,--,--,--,--,--,--,--,--,--,--,--,--,--,--,--,--,--,--,--,--,--,--,--,--,--,--,--,--,--,--,--,--,--,--,--,--,--,--,--,--,--,--,--,--,--,--,--,--
2026/5/24 23:04,--,--,--,--,23.4,13.3,23.4,53,--,--,--,--,17.3,11.3,17.3,68,--,--,--,--,--,--,--,--,--,--,--,--,--,--,--,--,--,--,--,--,--,--,--,--,--,--,--,--,--,--,--,--,--,--,--,--,--,--,--,--,--,--,--,--,--,--,--,--,--,--,--,--,--,--,--
2026/5/24 23:19,--,--,--,--,23.4,13.3,23.4,53,--,--,--,--,17.0,11.5,17.0,70,--,--,--,--,--,--,--,--,--,--,--,--,--,--,--,--,--,--,--,--,--,--,--,--,--,--,--,--,--,--,--,--,--,--,--,--,--,--,--,--,--,--,--,--,--,--,--,--,--,--,--,--,--,--,--
2026/5/24 23:34,--,--,--,--,23.3,13.2,23.3,53,--,--,--,--,16.5,11.4,16.5,72,--,--,--,--,--,--,--,--,--,--,--,--,--,--,--,--,--,--,--,--,--,--,--,--,--,--,--,--,--,--,--,--,--,--,--,--,--,--,--,--,--,--,--,--,--,--,--,--,--,--,--,--,--,--,--
2026/5/24 23:49,--,--,--,--,23.3,13.2,23.3,53,--,--,--,--,15.9,11.3,15.9,74,--,--,--,--,--,--,--,--,--,--,--,--,--,--,--,--,--,--,--,--,--,--,--,--,--,--,--,--,--,--,--,--,--,--,--,--,--,--,--,--,--,--,--,--,--,--,--,--,--,--,--,--,--,--,--
2026/5/24 23:59,--,--,--,--,23.3,13.2,23.3,53,--,--,--,--,15.7,11.3,15.7,75,--,--,--,--,--,--,--,--,--,--,--,--,--,--,--,--,--,--,--,--,--,--,--,--,--,--,--,--,--,--,--,--,--,--,--,--,--,--,--,--,--,--,--,--,--,--,--,--,--,--,--,--,--,--,--
2026/5/25 0:00,--,--,--,--,23.3,13.2,23.3,53,--,--,--,--,15.7,11.3,15.7,75,--,--,--,--,--,--,--,--,--,--,--,--,--,--,--,--,--,--,--,--,--,--,--,--,--,--,--,--,--,--,--,--,--,--,--,--,--,--,--,--,--,--,--,--,--,--,--,--,--,--,--,--,--,--,--
2026/5/25 0:04,--,--,--,--,23.3,13.2,23.3,53,--,--,--,--,15.6,11.2,15.6,75,--,--,--,--,--,--,--,--,--,--,--,--,--,--,--,--,--,--,--,--,--,--,--,--,--,--,--,--,--,--,--,--,--,--,--,--,--,--,--,--,--,--,--,--,--,--,--,--,--,--,--,--,--,--,--
2026/5/25 0:19,--,--,--,--,23.3,13.2,23.3,53,--,--,--,--,15.4,11.0,15.4,75,--,--,--,--,--,--,--,--,--,--,--,--,--,--,--,--,--,--,--,--,--,--,--,--,--,--,--,--,--,--,--,--,--,--,--,--,--,--,--,--,--,--,--,--,--,--,--,--,--,--,--,--,--,--,--
2026/5/25 0:34,--,--,--,--,23.3,13.2,23.3,53,--,--,--,--,15.2,11.0,15.2,76,--,--,--,--,--,--,--,--,--,--,--,--,--,--,--,--,--,--,--,--,--,--,--,--,--,--,--,--,--,--,--,--,--,--,--,--,--,--,--,--,--,--,--,--,--,--,--,--,--,--,--,--,--,--,--
2026/5/25 0:49,--,--,--,--,23.3,13.2,23.3,53,--,--,--,--,15.1,10.9,15.1,76,--,--,--,--,--,--,--,--,--,--,--,--,--,--,--,--,--,--,--,--,--,--,--,--,--,--,--,--,--,--,--,--,--,--,--,--,--,--,--,--,--,--,--,--,--,--,--,--,--,--,--,--,--,--,--
2026/5/25 1:04,--,--,--,--,23.3,13.2,23.3,53,--,--,--,--,14.7,10.7,14.7,77,--,--,--,--,--,--,--,--,--,--,--,--,--,--,--,--,--,--,--,--,--,--,--,--,--,--,--,--,--,--,--,--,--,--,--,--,--,--,--,--,--,--,--,--,--,--,--,--,--,--,--,--,--,--,--
2026/5/25 1:19,--,--,--,--,23.3,13.2,23.3,53,--,--,--,--,14.2,10.4,14.2,78,--,--,--,--,--,--,--,--,--,--,--,--,--,--,--,--,--,--,--,--,--,--,--,--,--,--,--,--,--,--,--,--,--,--,--,--,--,--,--,--,--,--,--,--,--,--,--,--,--,--,--,--,--,--,--
2026/5/25 1:34,--,--,--,--,23.3,13.2,23.3,53,--,--,--,--,14.0,10.6,14.0,80,--,--,--,--,--,--,--,--,--,--,--,--,--,--,--,--,--,--,--,--,--,--,--,--,--,--,--,--,--,--,--,--,--,--,--,--,--,--,--,--,--,--,--,--,--,--,--,--,--,--,--,--,--,--,--
2026/5/25 1:49,--,--,--,--,23.2,13.1,23.2,53,--,--,--,--,13.9,10.7,13.9,81,--,--,--,--,--,--,--,--,--,--,--,--,--,--,--,--,--,--,--,--,--,--,--,--,--,--,--,--,--,--,--,--,--,--,--,--,--,--,--,--,--,--,--,--,--,--,--,--,--,--,--,--,--,--,--
2026/5/25 2:04,--,--,--,--,23.2,13.1,23.2,53,--,--,--,--,13.9,10.7,13.9,81,--,--,--,--,--,--,--,--,--,--,--,--,--,--,--,--,--,--,--,--,--,--,--,--,--,--,--,--,--,--,--,--,--,--,--,--,--,--,--,--,--,--,--,--,--,--,--,--,--,--,--,--,--,--,--
2026/5/25 2:19,--,--,--,--,23.2,13.1,23.2,53,--,--,--,--,14.1,11.1,14.1,82,--,--,--,--,--,--,--,--,--,--,--,--,--,--,--,--,--,--,--,--,--,--,--,--,--,--,--,--,--,--,--,--,--,--,--,--,--,--,--,--,--,--,--,--,--,--,--,--,--,--,--,--,--,--,--
2026/5/25 2:34,--,--,--,--,23.2,13.1,23.2,53,--,--,--,--,14.2,11.2,14.2,82,--,--,--,--,--,--,--,--,--,--,--,--,--,--,--,--,--,--,--,--,--,--,--,--,--,--,--,--,--,--,--,--,--,--,--,--,--,--,--,--,--,--,--,--,--,--,--,--,--,--,--,--,--,--,--
2026/5/25 2:49,--,--,--,--,23.2,13.1,23.2,53,--,--,--,--,14.0,11.0,14.0,82,--,--,--,--,--,--,--,--,--,--,--,--,--,--,--,--,--,--,--,--,--,--,--,--,--,--,--,--,--,--,--,--,--,--,--,--,--,--,--,--,--,--,--,--,--,--,--,--,--,--,--,--,--,--,--
2026/5/25 3:04,--,--,--,--,23.2,13.1,23.2,53,--,--,--,--,13.5,10.5,13.5,82,--,--,--,--,--,--,--,--,--,--,--,--,--,--,--,--,--,--,--,--,--,--,--,--,--,--,--,--,--,--,--,--,--,--,--,--,--,--,--,--,--,--,--,--,--,--,--,--,--,--,--,--,--,--,--
2026/5/25 3:19,--,--,--,--,23.2,13.1,23.2,53,--,--,--,--,13.7,10.9,13.7,83,--,--,--,--,--,--,--,--,--,--,--,--,--,--,--,--,--,--,--,--,--,--,--,--,--,--,--,--,--,--,--,--,--,--,--,--,--,--,--,--,--,--,--,--,--,--,--,--,--,--,--,--,--,--,--
2026/5/25 3:34,--,--,--,--,23.2,13.1,23.2,53,--,--,--,--,13.6,10.8,13.6,83,--,--,--,--,--,--,--,--,--,--,--,--,--,--,--,--,--,--,--,--,--,--,--,--,--,--,--,--,--,--,--,--,--,--,--,--,--,--,--,--,--,--,--,--,--,--,--,--,--,--,--,--,--,--,--
2026/5/25 3:49,--,--,--,--,23.2,13.1,23.2,53,--,--,--,--,13.7,10.9,13.7,83,--,--,--,--,--,--,--,--,--,--,--,--,--,--,--,--,--,--,--,--,--,--,--,--,--,--,--,--,--,--,--,--,--,--,--,--,--,--,--,--,--,--,--,--,--,--,--,--,--,--,--,--,--,--,--
2026/5/25 4:04,--,--,--,--,23.2,13.1,23.2,53,--,--,--,--,13.6,10.6,13.6,82,--,--,--,--,--,--,--,--,--,--,--,--,--,--,--,--,--,--,--,--,--,--,--,--,--,--,--,--,--,--,--,--,--,--,--,--,--,--,--,--,--,--,--,--,--,--,--,--,--,--,--,--,--,--,--
2026/5/25 4:19,--,--,--,--,23.2,13.1,23.2,53,--,--,--,--,12.8,9.8,12.8,82,--,--,--,--,--,--,--,--,--,--,--,--,--,--,--,--,--,--,--,--,--,--,--,--,--,--,--,--,--,--,--,--,--,--,--,--,--,--,--,--,--,--,--,--,--,--,--,--,--,--,--,--,--,--,--
2026/5/25 4:34,--,--,--,--,23.2,13.1,23.2,53,--,--,--,--,12.4,9.8,12.4,84,--,--,--,--,--,--,--,--,--,--,--,--,--,--,--,--,--,--,--,--,--,--,--,--,--,--,--,--,--,--,--,--,--,--,--,--,--,--,--,--,--,--,--,--,--,--,--,--,--,--,--,--,--,--,--
2026/5/25 4:49,--,--,--,--,23.2,13.1,23.2,53,--,--,--,--,12.3,9.9,12.3,85,--,--,--,--,--,--,--,--,--,--,--,--,--,--,--,--,--,--,--,--,--,--,--,--,--,--,--,--,--,--,--,--,--,--,--,--,--,--,--,--,--,--,--,--,--,--,--,--,--,--,--,--,--,--,--
2026/5/25 5:04,--,--,--,--,23.2,13.1,23.2,53,--,--,--,--,12.1,9.7,12.1,85,--,--,--,--,--,--,--,--,--,--,--,--,--,--,--,--,--,--,--,--,--,--,--,--,--,--,--,--,--,--,--,--,--,--,--,--,--,--,--,--,--,--,--,--,--,--,--,--,--,--,--,--,--,--,--
2026/5/25 5:19,--,--,--,--,23.1,13.0,23.1,53,--,--,--,--,11.7,9.3,11.7,85,--,--,--,--,--,--,--,--,--,--,--,--,--,--,--,--,--,--,--,--,--,--,--,--,--,--,--,--,--,--,--,--,--,--,--,--,--,--,--,--,--,--,--,--,--,--,--,--,--,--,--,--,--,--,--
2026/5/25 5:34,--,--,--,--,23.2,13.1,23.2,53,--,--,--,--,11.6,9.4,11.6,86,--,--,--,--,--,--,--,--,--,--,--,--,--,--,--,--,--,--,--,--,--,--,--,--,--,--,--,--,--,--,--,--,--,--,--,--,--,--,--,--,--,--,--,--,--,--,--,--,--,--,--,--,--,--,--
2026/5/25 5:49,--,--,--,--,23.1,13.0,23.1,53,--,--,--,--,11.7,9.6,11.7,87,--,--,--,--,--,--,--,--,--,--,--,--,--,--,--,--,--,--,--,--,--,--,--,--,--,--,--,--,--,--,--,--,--,--,--,--,--,--,--,--,--,--,--,--,--,--,--,--,--,--,--,--,--,--,--
2026/5/25 6:04,--,--,--,--,23.1,13.0,23.1,53,--,--,--,--,11.8,9.7,11.8,87,--,--,--,--,--,--,--,--,--,--,--,--,--,--,--,--,--,--,--,--,--,--,--,--,--,--,--,--,--,--,--,--,--,--,--,--,--,--,--,--,--,--,--,--,--,--,--,--,--,--,--,--,--,--,--
2026/5/25 6:19,--,--,--,--,23.1,13.0,23.1,53,--,--,--,--,12.1,10.0,12.1,87,--,--,--,--,--,--,--,--,--,--,--,--,--,--,--,--,--,--,--,--,--,--,--,--,--,--,--,--,--,--,--,--,--,--,--,--,--,--,--,--,--,--,--,--,--,--,--,--,--,--,--,--,--,--,--
2026/5/25 6:34,--,--,--,--,22.9,12.3,22.9,51,--,--,--,--,12.6,10.5,12.6,87,--,--,--,--,--,--,--,--,--,--,--,--,--,--,--,--,--,--,--,--,--,--,--,--,--,--,--,--,--,--,--,--,--,--,--,--,--,--,--,--,--,--,--,--,--,--,--,--,--,--,--,--,--,--,--
2026/5/25 6:49,--,--,--,--,22.0,11.7,22.0,52,--,--,--,--,13.7,11.6,13.7,87,--,--,--,--,--,--,--,--,--,--,--,--,--,--,--,--,--,--,--,--,--,--,--,--,--,--,--,--,--,--,--,--,--,--,--,--,--,--,--,--,--,--,--,--,--,--,--,--,--,--,--,--,--,--,--
2026/5/25 7:04,--,--,--,--,21.6,11.9,21.6,54,--,--,--,--,14.8,12.3,14.8,85,--,--,--,--,--,--,--,--,--,--,--,--,--,--,--,--,--,--,--,--,--,--,--,--,--,--,--,--,--,--,--,--,--,--,--,--,--,--,--,--,--,--,--,--,--,--,--,--,--,--,--,--,--,--,--
2026/5/25 7:19,--,--,--,--,21.5,11.8,21.5,54,--,--,--,--,16.1,13.0,16.1,82,--,--,--,--,--,--,--,--,--,--,--,--,--,--,--,--,--,--,--,--,--,--,--,--,--,--,--,--,--,--,--,--,--,--,--,--,--,--,--,--,--,--,--,--,--,--,--,--,--,--,--,--,--,--,--
2026/5/25 7:34,--,--,--,--,21.4,12.0,21.4,55,--,--,--,--,16.6,13.0,16.6,79,--,--,--,--,--,--,--,--,--,--,--,--,--,--,--,--,--,--,--,--,--,--,--,--,--,--,--,--,--,--,--,--,--,--,--,--,--,--,--,--,--,--,--,--,--,--,--,--,--,--,--,--,--,--,--
2026/5/25 7:49,--,--,--,--,21.3,11.9,21.3,55,--,--,--,--,17.5,13.4,17.5,77,--,--,--,--,--,--,--,--,--,--,--,--,--,--,--,--,--,--,--,--,--,--,--,--,--,--,--,--,--,--,--,--,--,--,--,--,--,--,--,--,--,--,--,--,--,--,--,--,--,--,--,--,--,--,--
2026/5/25 8:04,--,--,--,--,21.3,11.9,21.3,55,--,--,--,--,19.3,14.6,19.3,74,--,--,--,--,--,--,--,--,--,--,--,--,--,--,--,--,--,--,--,--,--,--,--,--,--,--,--,--,--,--,--,--,--,--,--,--,--,--,--,--,--,--,--,--,--,--,--,--,--,--,--,--,--,--,--
2026/5/25 8:19,--,--,--,--,21.3,12.2,21.3,56,--,--,--,--,21.0,14.9,21.0,68,--,--,--,--,--,--,--,--,--,--,--,--,--,--,--,--,--,--,--,--,--,--,--,--,--,--,--,--,--,--,--,--,--,--,--,--,--,--,--,--,--,--,--,--,--,--,--,--,--,--,--,--,--,--,--
2026/5/25 8:34,--,--,--,--,21.4,12.3,21.4,56,--,--,--,--,20.9,14.5,20.9,67,--,--,--,--,--,--,--,--,--,--,--,--,--,--,--,--,--,--,--,--,--,--,--,--,--,--,--,--,--,--,--,--,--,--,--,--,--,--,--,--,--,--,--,--,--,--,--,--,--,--,--,--,--,--,--
2026/5/25 8:49,--,--,--,--,21.6,12.7,21.6,57,--,--,--,--,20.9,14.5,20.9,67,--,--,--,--,--,--,--,--,--,--,--,--,--,--,--,--,--,--,--,--,--,--,--,--,--,--,--,--,--,--,--,--,--,--,--,--,--,--,--,--,--,--,--,--,--,--,--,--,--,--,--,--,--,--,--
2026/5/25 9:04,--,--,--,--,21.7,12.8,21.7,57,--,--,--,--,21.5,15.1,21.5,67,--,--,--,--,--,--,--,--,--,--,--,--,--,--,--,--,--,--,--,--,--,--,--,--,--,--,--,--,--,--,--,--,--,--,--,--,--,--,--,--,--,--,--,--,--,--,--,--,--,--,--,--,--,--,--
2026/5/25 9:19,--,--,--,--,21.8,12.9,21.8,57,--,--,--,--,21.9,15.3,21.9,66,--,--,--,--,--,--,--,--,--,--,--,--,--,--,--,--,--,--,--,--,--,--,--,--,--,--,--,--,--,--,--,--,--,--,--,--,--,--,--,--,--,--,--,--,--,--,--,--,--,--,--,--,--,--,--
2026/5/25 9:34,--,--,--,--,21.8,12.9,21.8,57,--,--,--,--,23.2,15.8,23.2,63,--,--,--,--,--,--,--,--,--,--,--,--,--,--,--,--,--,--,--,--,--,--,--,--,--,--,--,--,--,--,--,--,--,--,--,--,--,--,--,--,--,--,--,--,--,--,--,--,--,--,--,--,--,--,--
2026/5/25 9:49,--,--,--,--,21.9,13.0,21.9,57,--,--,--,--,25.1,16.5,25.1,59,--,--,--,--,--,--,--,--,--,--,--,--,--,--,--,--,--,--,--,--,--,--,--,--,--,--,--,--,--,--,--,--,--,--,--,--,--,--,--,--,--,--,--,--,--,--,--,--,--,--,--,--,--,--,--
2026/5/25 10:04,--,--,--,--,22.1,13.2,22.1,57,--,--,--,--,28.7,17.6,29.4,51,--,--,--,--,--,--,--,--,--,--,--,--,--,--,--,--,--,--,--,--,--,--,--,--,--,--,--,--,--,--,--,--,--,--,--,--,--,--,--,--,--,--,--,--,--,--,--,--,--,--,--,--,--,--,--
2026/5/25 10:19,--,--,--,--,22.2,13.3,22.2,57,--,--,--,--,32.8,19.0,34.3,44,--,--,--,--,--,--,--,--,--,--,--,--,--,--,--,--,--,--,--,--,--,--,--,--,--,--,--,--,--,--,--,--,--,--,--,--,--,--,--,--,--,--,--,--,--,--,--,--,--,--,--,--,--,--,--
2026/5/25 10:34,--,--,--,--,22.4,13.7,22.4,58,--,--,--,--,35.3,20.5,38.4,42,--,--,--,--,--,--,--,--,--,--,--,--,--,--,--,--,--,--,--,--,--,--,--,--,--,--,--,--,--,--,--,--,--,--,--,--,--,--,--,--,--,--,--,--,--,--,--,--,--,--,--,--,--,--,--
2026/5/25 10:49,--,--,--,--,22.5,13.6,22.5,57,--,--,--,--,36.4,20.3,39.6,39,--,--,--,--,--,--,--,--,--,--,--,--,--,--,--,--,--,--,--,--,--,--,--,--,--,--,--,--,--,--,--,--,--,--,--,--,--,--,--,--,--,--,--,--,--,--,--,--,--,--,--,--,--,--,--
2026/5/25 11:04,--,--,--,--,22.6,13.7,22.6,57,--,--,--,--,37.8,19.3,37.8,34,--,--,--,--,--,--,--,--,--,--,--,--,--,--,--,--,--,--,--,--,--,--,--,--,--,--,--,--,--,--,--,--,--,--,--,--,--,--,--,--,--,--,--,--,--,--,--,--,--,--,--,--,--,--,--
2026/5/25 11:19,--,--,--,--,22.7,13.8,22.7,57,--,--,--,--,37.5,19.0,37.5,34,--,--,--,--,--,--,--,--,--,--,--,--,--,--,--,--,--,--,--,--,--,--,--,--,--,--,--,--,--,--,--,--,--,--,--,--,--,--,--,--,--,--,--,--,--,--,--,--,--,--,--,--,--,--,--
2026/5/25 11:34,--,--,--,--,22.8,13.9,22.8,57,--,--,--,--,37.4,18.0,37.4,32,--,--,--,--,--,--,--,--,--,--,--,--,--,--,--,--,--,--,--,--,--,--,--,--,--,--,--,--,--,--,--,--,--,--,--,--,--,--,--,--,--,--,--,--,--,--,--,--,--,--,--,--,--,--,--
2026/5/25 11:49,--,--,--,--,22.9,13.7,22.9,56,--,--,--,--,37.5,18.6,37.5,33,--,--,--,--,--,--,--,--,--,--,--,--,--,--,--,--,--,--,--,--,--,--,--,--,--,--,--,--,--,--,--,--,--,--,--,--,--,--,--,--,--,--,--,--,--,--,--,--,--,--,--,--,--,--,--
2026/5/25 12:04,--,--,--,--,23.0,13.8,23.0,56,--,--,--,--,37.9,18.9,37.9,33,--,--,--,--,--,--,--,--,--,--,--,--,--,--,--,--,--,--,--,--,--,--,--,--,--,--,--,--,--,--,--,--,--,--,--,--,--,--,--,--,--,--,--,--,--,--,--,--,--,--,--,--,--,--,--
2026/5/25 12:19,--,--,--,--,23.1,13.6,23.1,55,--,--,--,--,38.8,19.7,38.8,33,--,--,--,--,--,--,--,--,--,--,--,--,--,--,--,--,--,--,--,--,--,--,--,--,--,--,--,--,--,--,--,--,--,--,--,--,--,--,--,--,--,--,--,--,--,--,--,--,--,--,--,--,--,--,--
2026/5/25 12:34,--,--,--,--,23.2,13.7,23.2,55,--,--,--,--,39.1,18.9,39.1,31,--,--,--,--,--,--,--,--,--,--,--,--,--,--,--,--,--,--,--,--,--,--,--,--,--,--,--,--,--,--,--,--,--,--,--,--,--,--,--,--,--,--,--,--,--,--,--,--,--,--,--,--,--,--,--
2026/5/25 12:49,--,--,--,--,23.3,14.1,23.3,56,--,--,--,--,39.7,19.4,39.7,31,--,--,--,--,--,--,--,--,--,--,--,--,--,--,--,--,--,--,--,--,--,--,--,--,--,--,--,--,--,--,--,--,--,--,--,--,--,--,--,--,--,--,--,--,--,--,--,--,--,--,--,--,--,--,--
2026/5/25 13:04,--,--,--,--,23.5,14.5,23.5,57,--,--,--,--,40.6,19.7,40.6,30,--,--,--,--,--,--,--,--,--,--,--,--,--,--,--,--,--,--,--,--,--,--,--,--,--,--,--,--,--,--,--,--,--,--,--,--,--,--,--,--,--,--,--,--,--,--,--,--,--,--,--,--,--,--,--
2026/5/25 13:19,--,--,--,--,23.6,14.0,23.6,55,--,--,--,--,41.4,18.7,41.4,27,--,--,--,--,--,--,--,--,--,--,--,--,--,--,--,--,--,--,--,--,--,--,--,--,--,--,--,--,--,--,--,--,--,--,--,--,--,--,--,--,--,--,--,--,--,--,--,--,--,--,--,--,--,--,--
2026/5/25 13:34,--,--,--,--,23.6,13.5,23.6,53,--,--,--,--,42.8,19.3,42.8,26,--,--,--,--,--,--,--,--,--,--,--,--,--,--,--,--,--,--,--,--,--,--,--,--,--,--,--,--,--,--,--,--,--,--,--,--,--,--,--,--,--,--,--,--,--,--,--,--,--,--,--,--,--,--,--
2026/5/25 13:49,--,--,--,--,23.6,13.2,23.6,52,--,--,--,--,43.0,18.2,43.0,24,--,--,--,--,--,--,--,--,--,--,--,--,--,--,--,--,--,--,--,--,--,--,--,--,--,--,--,--,--,--,--,--,--,--,--,--,--,--,--,--,--,--,--,--,--,--,--,--,--,--,--,--,--,--,--
2026/5/25 14:04,--,--,--,--,23.7,13.3,23.7,52,--,--,--,--,43.6,19.3,43.6,25,--,--,--,--,--,--,--,--,--,--,--,--,--,--,--,--,--,--,--,--,--,--,--,--,--,--,--,--,--,--,--,--,--,--,--,--,--,--,--,--,--,--,--,--,--,--,--,--,--,--,--,--,--,--,--
2026/5/25 14:19,--,--,--,--,23.8,12.5,23.8,49,--,--,--,--,43.4,17.1,43.4,22,--,--,--,--,--,--,--,--,--,--,--,--,--,--,--,--,--,--,--,--,--,--,--,--,--,--,--,--,--,--,--,--,--,--,--,--,--,--,--,--,--,--,--,--,--,--,--,--,--,--,--,--,--,--,--
2026/5/25 14:34,--,--,--,--,23.9,12.9,23.9,50,--,--,--,--,43.6,15.8,43.6,20,--,--,--,--,--,--,--,--,--,--,--,--,--,--,--,--,--,--,--,--,--,--,--,--,--,--,--,--,--,--,--,--,--,--,--,--,--,--,--,--,--,--,--,--,--,--,--,--,--,--,--,--,--,--,--
2026/5/25 14:49,--,--,--,--,24.0,12.4,24.0,48,--,--,--,--,44.5,17.3,44.5,21,--,--,--,--,--,--,--,--,--,--,--,--,--,--,--,--,--,--,--,--,--,--,--,--,--,--,--,--,--,--,--,--,--,--,--,--,--,--,--,--,--,--,--,--,--,--,--,--,--,--,--,--,--,--,--
2026/5/25 15:04,--,--,--,--,24.1,12.4,24.1,48,--,--,--,--,45.0,16.9,45.0,20,--,--,--,--,--,--,--,--,--,--,--,--,--,--,--,--,--,--,--,--,--,--,--,--,--,--,--,--,--,--,--,--,--,--,--,--,--,--,--,--,--,--,--,--,--,--,--,--,--,--,--,--,--,--,--
2026/5/25 15:19,--,--,--,--,23.9,12.6,23.9,49,--,--,--,--,46.2,17.9,46.2,20,--,--,--,--,--,--,--,--,--,--,--,--,--,--,--,--,--,--,--,--,--,--,--,--,--,--,--,--,--,--,--,--,--,--,--,--,--,--,--,--,--,--,--,--,--,--,--,--,--,--,--,--,--,--,--
2026/5/25 15:34,--,--,--,--,23.9,12.3,23.9,48,--,--,--,--,46.7,17.5,46.7,19,--,--,--,--,--,--,--,--,--,--,--,--,--,--,--,--,--,--,--,--,--,--,--,--,--,--,--,--,--,--,--,--,--,--,--,--,--,--,--,--,--,--,--,--,--,--,--,--,--,--,--,--,--,--,--
2026/5/25 15:49,--,--,--,--,23.9,12.3,23.9,48,--,--,--,--,45.0,16.9,45.0,20,--,--,--,--,--,--,--,--,--,--,--,--,--,--,--,--,--,--,--,--,--,--,--,--,--,--,--,--,--,--,--,--,--,--,--,--,--,--,--,--,--,--,--,--,--,--,--,--,--,--,--,--,--,--,--
2026/5/25 16:04,--,--,--,--,23.9,12.3,23.9,48,--,--,--,--,45.1,17.8,45.1,21,--,--,--,--,--,--,--,--,--,--,--,--,--,--,--,--,--,--,--,--,--,--,--,--,--,--,--,--,--,--,--,--,--,--,--,--,--,--,--,--,--,--,--,--,--,--,--,--,--,--,--,--,--,--,--
2026/5/25 16:19,--,--,--,--,23.8,12.5,23.8,49,--,--,--,--,44.6,16.6,44.6,20,--,--,--,--,--,--,--,--,--,--,--,--,--,--,--,--,--,--,--,--,--,--,--,--,--,--,--,--,--,--,--,--,--,--,--,--,--,--,--,--,--,--,--,--,--,--,--,--,--,--,--,--,--,--,--
2026/5/25 16:34,--,--,--,--,23.9,12.6,23.9,49,--,--,--,--,44.1,16.2,44.1,20,--,--,--,--,--,--,--,--,--,--,--,--,--,--,--,--,--,--,--,--,--,--,--,--,--,--,--,--,--,--,--,--,--,--,--,--,--,--,--,--,--,--,--,--,--,--,--,--,--,--,--,--,--,--,--
2026/5/25 16:49,--,--,--,--,23.8,12.8,23.8,50,--,--,--,--,42.2,15.4,42.2,21,--,--,--,--,--,--,--,--,--,--,--,--,--,--,--,--,--,--,--,--,--,--,--,--,--,--,--,--,--,--,--,--,--,--,--,--,--,--,--,--,--,--,--,--,--,--,--,--,--,--,--,--,--,--,--
2026/5/25 17:04,--,--,--,--,23.8,13.1,23.8,51,--,--,--,--,40.1,16.4,40.1,25,--,--,--,--,--,--,--,--,--,--,--,--,--,--,--,--,--,--,--,--,--,--,--,--,--,--,--,--,--,--,--,--,--,--,--,--,--,--,--,--,--,--,--,--,--,--,--,--,--,--,--,--,--,--,--
2026/5/25 17:19,--,--,--,--,23.8,13.1,23.8,51,--,--,--,--,38.3,15.5,38.3,26,--,--,--,--,--,--,--,--,--,--,--,--,--,--,--,--,--,--,--,--,--,--,--,--,--,--,--,--,--,--,--,--,--,--,--,--,--,--,--,--,--,--,--,--,--,--,--,--,--,--,--,--,--,--,--
2026/5/25 17:34,--,--,--,--,23.8,13.4,23.8,52,--,--,--,--,37.9,16.9,37.9,29,--,--,--,--,--,--,--,--,--,--,--,--,--,--,--,--,--,--,--,--,--,--,--,--,--,--,--,--,--,--,--,--,--,--,--,--,--,--,--,--,--,--,--,--,--,--,--,--,--,--,--,--,--,--,--
2026/5/25 17:49,--,--,--,--,23.9,13.5,23.9,52,--,--,--,--,37.9,15.7,37.9,27,--,--,--,--,--,--,--,--,--,--,--,--,--,--,--,--,--,--,--,--,--,--,--,--,--,--,--,--,--,--,--,--,--,--,--,--,--,--,--,--,--,--,--,--,--,--,--,--,--,--,--,--,--,--,--
2026/5/25 18:04,--,--,--,--,23.9,13.5,23.9,52,--,--,--,--,37.8,17.8,37.8,31,--,--,--,--,--,--,--,--,--,--,--,--,--,--,--,--,--,--,--,--,--,--,--,--,--,--,--,--,--,--,--,--,--,--,--,--,--,--,--,--,--,--,--,--,--,--,--,--,--,--,--,--,--,--,--
2026/5/25 18:19,--,--,--,--,23.9,13.8,23.9,53,--,--,--,--,36.4,15.6,36.4,29,--,--,--,--,--,--,--,--,--,--,--,--,--,--,--,--,--,--,--,--,--,--,--,--,--,--,--,--,--,--,--,--,--,--,--,--,--,--,--,--,--,--,--,--,--,--,--,--,--,--,--,--,--,--,--
2026/5/25 18:34,--,--,--,--,24.0,13.9,24.0,53,--,--,--,--,34.0,15.0,34.0,32,--,--,--,--,--,--,--,--,--,--,--,--,--,--,--,--,--,--,--,--,--,--,--,--,--,--,--,--,--,--,--,--,--,--,--,--,--,--,--,--,--,--,--,--,--,--,--,--,--,--,--,--,--,--,--
2026/5/25 18:49,--,--,--,--,24.0,13.6,24.0,52,--,--,--,--,31.8,14.0,31.8,34,--,--,--,--,--,--,--,--,--,--,--,--,--,--,--,--,--,--,--,--,--,--,--,--,--,--,--,--,--,--,--,--,--,--,--,--,--,--,--,--,--,--,--,--,--,--,--,--,--,--,--,--,--,--,--
2026/5/25 19:04,--,--,--,--,24.0,13.6,24.0,52,--,--,--,--,30.3,13.2,29.4,35,--,--,--,--,--,--,--,--,--,--,--,--,--,--,--,--,--,--,--,--,--,--,--,--,--,--,--,--,--,--,--,--,--,--,--,--,--,--,--,--,--,--,--,--,--,--,--,--,--,--,--,--,--,--,--
2026/5/25 19:19,--,--,--,--,24.0,13.6,24.0,52,--,--,--,--,28.7,13.0,28.2,38,--,--,--,--,--,--,--,--,--,--,--,--,--,--,--,--,--,--,--,--,--,--,--,--,--,--,--,--,--,--,--,--,--,--,--,--,--,--,--,--,--,--,--,--,--,--,--,--,--,--,--,--,--,--,--
2026/5/25 19:34,--,--,--,--,24.1,13.4,24.1,51,--,--,--,--,27.9,12.7,27.5,39,--,--,--,--,--,--,--,--,--,--,--,--,--,--,--,--,--,--,--,--,--,--,--,--,--,--,--,--,--,--,--,--,--,--,--,--,--,--,--,--,--,--,--,--,--,--,--,--,--,--,--,--,--,--,--
2026/5/25 19:49,--,--,--,--,24.1,13.4,24.1,51,--,--,--,--,27.1,12.4,26.9,40,--,--,--,--,--,--,--,--,--,--,--,--,--,--,--,--,--,--,--,--,--,--,--,--,--,--,--,--,--,--,--,--,--,--,--,--,--,--,--,--,--,--,--,--,--,--,--,--,--,--,--,--,--,--,--
2026/5/25 20:04,--,--,--,--,24.1,13.0,24.1,50,--,--,--,--,26.3,12.4,26.3,42,--,--,--,--,--,--,--,--,--,--,--,--,--,--,--,--,--,--,--,--,--,--,--,--,--,--,--,--,--,--,--,--,--,--,--,--,--,--,--,--,--,--,--,--,--,--,--,--,--,--,--,--,--,--,--
2026/5/25 20:19,--,--,--,--,24.2,13.1,24.2,50,--,--,--,--,25.5,13.1,25.5,46,--,--,--,--,--,--,--,--,--,--,--,--,--,--,--,--,--,--,--,--,--,--,--,--,--,--,--,--,--,--,--,--,--,--,--,--,--,--,--,--,--,--,--,--,--,--,--,--,--,--,--,--,--,--,--
2026/5/25 20:34,--,--,--,--,24.2,13.5,24.2,51,--,--,--,--,24.3,12.6,24.3,48,--,--,--,--,--,--,--,--,--,--,--,--,--,--,--,--,--,--,--,--,--,--,--,--,--,--,--,--,--,--,--,--,--,--,--,--,--,--,--,--,--,--,--,--,--,--,--,--,--,--,--,--,--,--,--
2026/5/25 20:49,--,--,--,--,24.2,13.7,24.2,52,--,--,--,--,22.8,13.0,22.8,54,--,--,--,--,--,--,--,--,--,--,--,--,--,--,--,--,--,--,--,--,--,--,--,--,--,--,--,--,--,--,--,--,--,--,--,--,--,--,--,--,--,--,--,--,--,--,--,--,--,--,--,--,--,--,--
2026/5/25 21:04,--,--,--,--,24.1,13.7,24.1,52,--,--,--,--,21.3,12.5,21.3,57,--,--,--,--,--,--,--,--,--,--,--,--,--,--,--,--,--,--,--,--,--,--,--,--,--,--,--,--,--,--,--,--,--,--,--,--,--,--,--,--,--,--,--,--,--,--,--,--,--,--,--,--,--,--,--
2026/5/25 21:19,--,--,--,--,24.0,13.3,24.0,51,--,--,--,--,19.9,11.9,19.9,60,--,--,--,--,--,--,--,--,--,--,--,--,--,--,--,--,--,--,--,--,--,--,--,--,--,--,--,--,--,--,--,--,--,--,--,--,--,--,--,--,--,--,--,--,--,--,--,--,--,--,--,--,--,--,--
2026/5/25 21:34,--,--,--,--,23.9,12.9,23.9,50,--,--,--,--,18.7,11.0,18.7,61,--,--,--,--,--,--,--,--,--,--,--,--,--,--,--,--,--,--,--,--,--,--,--,--,--,--,--,--,--,--,--,--,--,--,--,--,--,--,--,--,--,--,--,--,--,--,--,--,--,--,--,--,--,--,--
2026/5/25 21:49,--,--,--,--,23.8,12.8,23.8,50,--,--,--,--,17.9,11.0,17.9,64,--,--,--,--,--,--,--,--,--,--,--,--,--,--,--,--,--,--,--,--,--,--,--,--,--,--,--,--,--,--,--,--,--,--,--,--,--,--,--,--,--,--,--,--,--,--,--,--,--,--,--,--,--,--,--
2026/5/25 22:04,--,--,--,--,23.8,12.5,23.8,49,--,--,--,--,17.1,10.2,17.1,64,--,--,--,--,--,--,--,--,--,--,--,--,--,--,--,--,--,--,--,--,--,--,--,--,--,--,--,--,--,--,--,--,--,--,--,--,--,--,--,--,--,--,--,--,--,--,--,--,--,--,--,--,--,--,--
2026/5/25 22:19,--,--,--,--,23.7,12.7,23.7,50,--,--,--,--,17.3,10.0,17.3,62,--,--,--,--,--,--,--,--,--,--,--,--,--,--,--,--,--,--,--,--,--,--,--,--,--,--,--,--,--,--,--,--,--,--,--,--,--,--,--,--,--,--,--,--,--,--,--,--,--,--,--,--,--,--,--
2026/5/25 22:34,--,--,--,--,23.7,12.7,23.7,50,--,--,--,--,17.1,10.7,17.1,66,--,--,--,--,--,--,--,--,--,--,--,--,--,--,--,--,--,--,--,--,--,--,--,--,--,--,--,--,--,--,--,--,--,--,--,--,--,--,--,--,--,--,--,--,--,--,--,--,--,--,--,--,--,--,--
2026/5/25 22:49,--,--,--,--,23.7,12.7,23.7,50,--,--,--,--,16.7,10.5,16.7,67,--,--,--,--,--,--,--,--,--,--,--,--,--,--,--,--,--,--,--,--,--,--,--,--,--,--,--,--,--,--,--,--,--,--,--,--,--,--,--,--,--,--,--,--,--,--,--,--,--,--,--,--,--,--,--
2026/5/25 23:04,--,--,--,--,23.6,12.6,23.6,50,--,--,--,--,16.1,10.7,16.1,70,--,--,--,--,--,--,--,--,--,--,--,--,--,--,--,--,--,--,--,--,--,--,--,--,--,--,--,--,--,--,--,--,--,--,--,--,--,--,--,--,--,--,--,--,--,--,--,--,--,--,--,--,--,--,--
2026/5/25 23:19,--,--,--,--,23.7,12.7,23.7,50,--,--,--,--,15.7,10.5,15.7,71,--,--,--,--,--,--,--,--,--,--,--,--,--,--,--,--,--,--,--,--,--,--,--,--,--,--,--,--,--,--,--,--,--,--,--,--,--,--,--,--,--,--,--,--,--,--,--,--,--,--,--,--,--,--,--
2026/5/25 23:34,--,--,--,--,23.6,12.6,23.6,50,--,--,--,--,16.0,10.1,16.0,68,--,--,--,--,--,--,--,--,--,--,--,--,--,--,--,--,--,--,--,--,--,--,--,--,--,--,--,--,--,--,--,--,--,--,--,--,--,--,--,--,--,--,--,--,--,--,--,--,--,--,--,--,--,--,--
2026/5/25 23:49,--,--,--,--,23.6,12.6,23.6,50,--,--,--,--,16.0,10.1,16.0,68,--,--,--,--,--,--,--,--,--,--,--,--,--,--,--,--,--,--,--,--,--,--,--,--,--,--,--,--,--,--,--,--,--,--,--,--,--,--,--,--,--,--,--,--,--,--,--,--,--,--,--,--,--,--,--
2026/5/26 0:00,--,--,--,--,23.6,12.6,23.6,50,--,--,--,--,15.8,10.1,15.8,69,--,--,--,--,--,--,--,--,--,--,--,--,--,--,--,--,--,--,--,--,--,--,--,--,--,--,--,--,--,--,--,--,--,--,--,--,--,--,--,--,--,--,--,--,--,--,--,--,--,--,--,--,--,--,--
2026/5/26 0:04,--,--,--,--,23.6,12.6,23.6,50,--,--,--,--,15.6,9.9,15.6,69,--,--,--,--,--,--,--,--,--,--,--,--,--,--,--,--,--,--,--,--,--,--,--,--,--,--,--,--,--,--,--,--,--,--,--,--,--,--,--,--,--,--,--,--,--,--,--,--,--,--,--,--,--,--,--
2026/5/26 0:19,--,--,--,--,23.6,12.6,23.6,50,--,--,--,--,15.2,9.8,15.2,70,--,--,--,--,--,--,--,--,--,--,--,--,--,--,--,--,--,--,--,--,--,--,--,--,--,--,--,--,--,--,--,--,--,--,--,--,--,--,--,--,--,--,--,--,--,--,--,--,--,--,--,--,--,--,--
2026/5/26 0:34,--,--,--,--,23.6,12.6,23.6,50,--,--,--,--,15.4,9.8,15.4,69,--,--,--,--,--,--,--,--,--,--,--,--,--,--,--,--,--,--,--,--,--,--,--,--,--,--,--,--,--,--,--,--,--,--,--,--,--,--,--,--,--,--,--,--,--,--,--,--,--,--,--,--,--,--,--
2026/5/26 0:49,--,--,--,--,23.5,12.5,23.5,50,--,--,--,--,15.7,9.6,15.7,67,--,--,--,--,--,--,--,--,--,--,--,--,--,--,--,--,--,--,--,--,--,--,--,--,--,--,--,--,--,--,--,--,--,--,--,--,--,--,--,--,--,--,--,--,--,--,--,--,--,--,--,--,--,--,--
2026/5/26 1:04,--,--,--,--,23.5,12.5,23.5,50,--,--,--,--,15.5,9.8,15.5,69,--,--,--,--,--,--,--,--,--,--,--,--,--,--,--,--,--,--,--,--,--,--,--,--,--,--,--,--,--,--,--,--,--,--,--,--,--,--,--,--,--,--,--,--,--,--,--,--,--,--,--,--,--,--,--
2026/5/26 1:19,--,--,--,--,23.5,12.5,23.5,50,--,--,--,--,15.2,9.3,15.2,68,--,--,--,--,--,--,--,--,--,--,--,--,--,--,--,--,--,--,--,--,--,--,--,--,--,--,--,--,--,--,--,--,--,--,--,--,--,--,--,--,--,--,--,--,--,--,--,--,--,--,--,--,--,--,--
2026/5/26 1:34,--,--,--,--,23.5,12.5,23.5,50,--,--,--,--,15.1,9.5,15.1,69,--,--,--,--,--,--,--,--,--,--,--,--,--,--,--,--,--,--,--,--,--,--,--,--,--,--,--,--,--,--,--,--,--,--,--,--,--,--,--,--,--,--,--,--,--,--,--,--,--,--,--,--,--,--,--
2026/5/26 1:49,--,--,--,--,23.5,12.5,23.5,50,--,--,--,--,14.7,9.9,14.7,73,--,--,--,--,--,--,--,--,--,--,--,--,--,--,--,--,--,--,--,--,--,--,--,--,--,--,--,--,--,--,--,--,--,--,--,--,--,--,--,--,--,--,--,--,--,--,--,--,--,--,--,--,--,--,--
2026/5/26 2:04,--,--,--,--,23.5,12.5,23.5,50,--,--,--,--,14.2,9.7,14.2,74,--,--,--,--,--,--,--,--,--,--,--,--,--,--,--,--,--,--,--,--,--,--,--,--,--,--,--,--,--,--,--,--,--,--,--,--,--,--,--,--,--,--,--,--,--,--,--,--,--,--,--,--,--,--,--
2026/5/26 2:19,--,--,--,--,23.4,12.4,23.4,50,--,--,--,--,14.0,10.0,14.0,77,--,--,--,--,--,--,--,--,--,--,--,--,--,--,--,--,--,--,--,--,--,--,--,--,--,--,--,--,--,--,--,--,--,--,--,--,--,--,--,--,--,--,--,--,--,--,--,--,--,--,--,--,--,--,--
2026/5/26 2:34,--,--,--,--,23.4,12.4,23.4,50,--,--,--,--,13.7,10.0,13.7,78,--,--,--,--,--,--,--,--,--,--,--,--,--,--,--,--,--,--,--,--,--,--,--,--,--,--,--,--,--,--,--,--,--,--,--,--,--,--,--,--,--,--,--,--,--,--,--,--,--,--,--,--,--,--,--
2026/5/26 2:49,--,--,--,--,23.4,12.4,23.4,50,--,--,--,--,13.5,9.9,13.5,79,--,--,--,--,--,--,--,--,--,--,--,--,--,--,--,--,--,--,--,--,--,--,--,--,--,--,--,--,--,--,--,--,--,--,--,--,--,--,--,--,--,--,--,--,--,--,--,--,--,--,--,--,--,--,--
2026/5/26 3:04,--,--,--,--,23.4,12.1,23.4,49,--,--,--,--,13.1,9.7,13.1,80,--,--,--,--,--,--,--,--,--,--,--,--,--,--,--,--,--,--,--,--,--,--,--,--,--,--,--,--,--,--,--,--,--,--,--,--,--,--,--,--,--,--,--,--,--,--,--,--,--,--,--,--,--,--,--
2026/5/26 3:19,--,--,--,--,23.4,12.1,23.4,49,--,--,--,--,13.0,9.8,13.0,81,--,--,--,--,--,--,--,--,--,--,--,--,--,--,--,--,--,--,--,--,--,--,--,--,--,--,--,--,--,--,--,--,--,--,--,--,--,--,--,--,--,--,--,--,--,--,--,--,--,--,--,--,--,--,--
2026/5/26 3:34,--,--,--,--,23.3,12.0,23.3,49,--,--,--,--,13.0,10.0,13.0,82,--,--,--,--,--,--,--,--,--,--,--,--,--,--,--,--,--,--,--,--,--,--,--,--,--,--,--,--,--,--,--,--,--,--,--,--,--,--,--,--,--,--,--,--,--,--,--,--,--,--,--,--,--,--,--
2026/5/26 3:49,--,--,--,--,23.3,12.0,23.3,49,--,--,--,--,13.0,10.2,13.0,83,--,--,--,--,--,--,--,--,--,--,--,--,--,--,--,--,--,--,--,--,--,--,--,--,--,--,--,--,--,--,--,--,--,--,--,--,--,--,--,--,--,--,--,--,--,--,--,--,--,--,--,--,--,--,--
2026/5/26 4:04,--,--,--,--,23.3,12.0,23.3,49,--,--,--,--,12.8,10.0,12.8,83,--,--,--,--,--,--,--,--,--,--,--,--,--,--,--,--,--,--,--,--,--,--,--,--,--,--,--,--,--,--,--,--,--,--,--,--,--,--,--,--,--,--,--,--,--,--,--,--,--,--,--,--,--,--,--
2026/5/26 4:19,--,--,--,--,23.3,12.0,23.3,49,--,--,--,--,12.8,10.0,12.8,83,--,--,--,--,--,--,--,--,--,--,--,--,--,--,--,--,--,--,--,--,--,--,--,--,--,--,--,--,--,--,--,--,--,--,--,--,--,--,--,--,--,--,--,--,--,--,--,--,--,--,--,--,--,--,--
2026/5/26 4:34,--,--,--,--,23.3,12.0,23.3,49,--,--,--,--,13.0,10.2,13.0,83,--,--,--,--,--,--,--,--,--,--,--,--,--,--,--,--,--,--,--,--,--,--,--,--,--,--,--,--,--,--,--,--,--,--,--,--,--,--,--,--,--,--,--,--,--,--,--,--,--,--,--,--,--,--,--
2026/5/26 4:49,--,--,--,--,23.3,12.0,23.3,49,--,--,--,--,13.1,10.1,13.1,82,--,--,--,--,--,--,--,--,--,--,--,--,--,--,--,--,--,--,--,--,--,--,--,--,--,--,--,--,--,--,--,--,--,--,--,--,--,--,--,--,--,--,--,--,--,--,--,--,--,--,--,--,--,--,--
2026/5/26 5:04,--,--,--,--,23.3,12.0,23.3,49,--,--,--,--,12.7,9.9,12.7,83,--,--,--,--,--,--,--,--,--,--,--,--,--,--,--,--,--,--,--,--,--,--,--,--,--,--,--,--,--,--,--,--,--,--,--,--,--,--,--,--,--,--,--,--,--,--,--,--,--,--,--,--,--,--,--
2026/5/26 5:19,--,--,--,--,23.2,11.9,23.2,49,--,--,--,--,13.2,10.0,13.2,81,--,--,--,--,--,--,--,--,--,--,--,--,--,--,--,--,--,--,--,--,--,--,--,--,--,--,--,--,--,--,--,--,--,--,--,--,--,--,--,--,--,--,--,--,--,--,--,--,--,--,--,--,--,--,--
2026/5/26 5:34,--,--,--,--,22.9,10.7,22.9,46,--,--,--,--,13.5,9.9,13.5,79,--,--,--,--,--,--,--,--,--,--,--,--,--,--,--,--,--,--,--,--,--,--,--,--,--,--,--,--,--,--,--,--,--,--,--,--,--,--,--,--,--,--,--,--,--,--,--,--,--,--,--,--,--,--,--
2026/5/26 5:49,--,--,--,--,21.6,9.8,21.6,47,--,--,--,--,13.6,9.9,13.6,78,--,--,--,--,--,--,--,--,--,--,--,--,--,--,--,--,--,--,--,--,--,--,--,--,--,--,--,--,--,--,--,--,--,--,--,--,--,--,--,--,--,--,--,--,--,--,--,--,--,--,--,--,--,--,--
2026/5/26 6:04,--,--,--,--,21.4,10.3,21.4,49,--,--,--,--,13.8,9.8,13.8,77,--,--,--,--,--,--,--,--,--,--,--,--,--,--,--,--,--,--,--,--,--,--,--,--,--,--,--,--,--,--,--,--,--,--,--,--,--,--,--,--,--,--,--,--,--,--,--,--,--,--,--,--,--,--,--
2026/5/26 6:19,--,--,--,--,21.0,9.9,21.0,49,--,--,--,--,13.7,10.0,13.7,78,--,--,--,--,--,--,--,--,--,--,--,--,--,--,--,--,--,--,--,--,--,--,--,--,--,--,--,--,--,--,--,--,--,--,--,--,--,--,--,--,--,--,--,--,--,--,--,--,--,--,--,--,--,--,--
2026/5/26 6:34,--,--,--,--,21.1,10.3,21.1,50,--,--,--,--,13.9,10.5,13.9,80,--,--,--,--,--,--,--,--,--,--,--,--,--,--,--,--,--,--,--,--,--,--,--,--,--,--,--,--,--,--,--,--,--,--,--,--,--,--,--,--,--,--,--,--,--,--,--,--,--,--,--,--,--,--,--
2026/5/26 6:49,--,--,--,--,21.1,10.3,21.1,50,--,--,--,--,15.0,11.4,15.0,79,--,--,--,--,--,--,--,--,--,--,--,--,--,--,--,--,--,--,--,--,--,--,--,--,--,--,--,--,--,--,--,--,--,--,--,--,--,--,--,--,--,--,--,--,--,--,--,--,--,--,--,--,--,--,--
2026/5/26 7:04,--,--,--,--,21.2,10.7,21.2,51,--,--,--,--,16.2,12.0,16.2,76,--,--,--,--,--,--,--,--,--,--,--,--,--,--,--,--,--,--,--,--,--,--,--,--,--,--,--,--,--,--,--,--,--,--,--,--,--,--,--,--,--,--,--,--,--,--,--,--,--,--,--,--,--,--,--
2026/5/26 7:19,--,--,--,--,21.1,10.9,21.1,52,--,--,--,--,17.0,12.1,17.0,73,--,--,--,--,--,--,--,--,--,--,--,--,--,--,--,--,--,--,--,--,--,--,--,--,--,--,--,--,--,--,--,--,--,--,--,--,--,--,--,--,--,--,--,--,--,--,--,--,--,--,--,--,--,--,--
2026/5/26 7:34,--,--,--,--,21.1,10.9,21.1,52,--,--,--,--,17.8,12.3,17.8,70,--,--,--,--,--,--,--,--,--,--,--,--,--,--,--,--,--,--,--,--,--,--,--,--,--,--,--,--,--,--,--,--,--,--,--,--,--,--,--,--,--,--,--,--,--,--,--,--,--,--,--,--,--,--,--
2026/5/26 7:49,--,--,--,--,21.1,10.9,21.1,52,--,--,--,--,18.9,12.6,18.9,67,--,--,--,--,--,--,--,--,--,--,--,--,--,--,--,--,--,--,--,--,--,--,--,--,--,--,--,--,--,--,--,--,--,--,--,--,--,--,--,--,--,--,--,--,--,--,--,--,--,--,--,--,--,--,--
2026/5/26 8:04,--,--,--,--,21.2,11.0,21.2,52,--,--,--,--,20.1,13.1,20.1,64,--,--,--,--,--,--,--,--,--,--,--,--,--,--,--,--,--,--,--,--,--,--,--,--,--,--,--,--,--,--,--,--,--,--,--,--,--,--,--,--,--,--,--,--,--,--,--,--,--,--,--,--,--,--,--
2026/5/26 8:19,--,--,--,--,21.2,11.0,21.2,52,--,--,--,--,21.5,13.4,21.5,60,--,--,--,--,--,--,--,--,--,--,--,--,--,--,--,--,--,--,--,--,--,--,--,--,--,--,--,--,--,--,--,--,--,--,--,--,--,--,--,--,--,--,--,--,--,--,--,--,--,--,--,--,--,--,--
2026/5/26 8:34,--,--,--,--,21.4,11.5,21.4,53,--,--,--,--,21.6,13.5,21.6,60,--,--,--,--,--,--,--,--,--,--,--,--,--,--,--,--,--,--,--,--,--,--,--,--,--,--,--,--,--,--,--,--,--,--,--,--,--,--,--,--,--,--,--,--,--,--,--,--,--,--,--,--,--,--,--
2026/5/26 8:49,--,--,--,--,21.5,11.5,21.5,53,--,--,--,--,21.5,13.2,21.5,59,--,--,--,--,--,--,--,--,--,--,--,--,--,--,--,--,--,--,--,--,--,--,--,--,--,--,--,--,--,--,--,--,--,--,--,--,--,--,--,--,--,--,--,--,--,--,--,--,--,--,--,--,--,--,--
2026/5/26 9:04,--,--,--,--,21.7,11.7,21.7,53,--,--,--,--,22.4,14.0,22.4,59,--,--,--,--,--,--,--,--,--,--,--,--,--,--,--,--,--,--,--,--,--,--,--,--,--,--,--,--,--,--,--,--,--,--,--,--,--,--,--,--,--,--,--,--,--,--,--,--,--,--,--,--,--,--,--
2026/5/26 9:19,--,--,--,--,21.9,12.2,21.9,54,--,--,--,--,23.1,14.4,23.1,58,--,--,--,--,--,--,--,--,--,--,--,--,--,--,--,--,--,--,--,--,--,--,--,--,--,--,--,--,--,--,--,--,--,--,--,--,--,--,--,--,--,--,--,--,--,--,--,--,--,--,--,--,--,--,--
2026/5/26 9:34,--,--,--,--,21.9,12.2,21.9,54,--,--,--,--,24.3,15.0,24.3,56,--,--,--,--,--,--,--,--,--,--,--,--,--,--,--,--,--,--,--,--,--,--,--,--,--,--,--,--,--,--,--,--,--,--,--,--,--,--,--,--,--,--,--,--,--,--,--,--,--,--,--,--,--,--,--
2026/5/26 9:49,--,--,--,--,22.1,12.6,22.1,55,--,--,--,--,26.3,16.0,26.3,53,--,--,--,--,--,--,--,--,--,--,--,--,--,--,--,--,--,--,--,--,--,--,--,--,--,--,--,--,--,--,--,--,--,--,--,--,--,--,--,--,--,--,--,--,--,--,--,--,--,--,--,--,--,--,--
2026/5/26 10:04,--,--,--,--,22.2,12.7,22.2,55,--,--,--,--,30.5,17.9,31.3,47,--,--,--,--,--,--,--,--,--,--,--,--,--,--,--,--,--,--,--,--,--,--,--,--,--,--,--,--,--,--,--,--,--,--,--,--,--,--,--,--,--,--,--,--,--,--,--,--,--,--,--,--,--,--,--
2026/5/26 10:19,--,--,--,--,22.3,12.8,22.3,55,--,--,--,--,33.9,18.4,35.2,40,--,--,--,--,--,--,--,--,--,--,--,--,--,--,--,--,--,--,--,--,--,--,--,--,--,--,--,--,--,--,--,--,--,--,--,--,--,--,--,--,--,--,--,--,--,--,--,--,--,--,--,--,--,--,--
2026/5/26 10:34,--,--,--,--,22.5,13.0,22.5,55,--,--,--,--,35.4,19.0,37.3,38,--,--,--,--,--,--,--,--,--,--,--,--,--,--,--,--,--,--,--,--,--,--,--,--,--,--,--,--,--,--,--,--,--,--,--,--,--,--,--,--,--,--,--,--,--,--,--,--,--,--,--,--,--,--,--
2026/5/26 10:49,--,--,--,--,22.6,13.1,22.6,55,--,--,--,--,36.9,19.8,39.8,37,--,--,--,--,--,--,--,--,--,--,--,--,--,--,--,--,--,--,--,--,--,--,--,--,--,--,--,--,--,--,--,--,--,--,--,--,--,--,--,--,--,--,--,--,--,--,--,--,--,--,--,--,--,--,--
2026/5/26 11:04,--,--,--,--,22.7,13.2,22.7,55,--,--,--,--,37.9,20.3,41.4,36,--,--,--,--,--,--,--,--,--,--,--,--,--,--,--,--,--,--,--,--,--,--,--,--,--,--,--,--,--,--,--,--,--,--,--,--,--,--,--,--,--,--,--,--,--,--,--,--,--,--,--,--,--,--,--
2026/5/26 11:19,--,--,--,--,22.8,13.3,22.8,55,--,--,--,--,37.8,19.7,40.8,35,--,--,--,--,--,--,--,--,--,--,--,--,--,--,--,--,--,--,--,--,--,--,--,--,--,--,--,--,--,--,--,--,--,--,--,--,--,--,--,--,--,--,--,--,--,--,--,--,--,--,--,--,--,--,--
2026/5/26 11:34,--,--,--,--,23.0,13.5,23.0,55,--,--,--,--,38.8,20.2,38.8,34,--,--,--,--,--,--,--,--,--,--,--,--,--,--,--,--,--,--,--,--,--,--,--,--,--,--,--,--,--,--,--,--,--,--,--,--,--,--,--,--,--,--,--,--,--,--,--,--,--,--,--,--,--,--,--
2026/5/26 11:49,--,--,--,--,23.0,13.5,23.0,55,--,--,--,--,38.9,19.8,38.9,33,--,--,--,--,--,--,--,--,--,--,--,--,--,--,--,--,--,--,--,--,--,--,--,--,--,--,--,--,--,--,--,--,--,--,--,--,--,--,--,--,--,--,--,--,--,--,--,--,--,--,--,--,--,--,--
2026/5/26 12:04,--,--,--,--,23.1,13.6,23.1,55,--,--,--,--,38.6,19.0,38.6,32,--,--,--,--,--,--,--,--,--,--,--,--,--,--,--,--,--,--,--,--,--,--,--,--,--,--,--,--,--,--,--,--,--,--,--,--,--,--,--,--,--,--,--,--,--,--,--,--,--,--,--,--,--,--,--
2026/5/26 12:19,--,--,--,--,23.1,13.3,23.1,54,--,--,--,--,39.4,20.7,39.4,34,--,--,--,--,--,--,--,--,--,--,--,--,--,--,--,--,--,--,--,--,--,--,--,--,--,--,--,--,--,--,--,--,--,--,--,--,--,--,--,--,--,--,--,--,--,--,--,--,--,--,--,--,--,--,--
2026/5/26 12:34,--,--,--,--,23.1,13.3,23.1,54,--,--,--,--,40.4,18.4,40.4,28,--,--,--,--,--,--,--,--,--,--,--,--,--,--,--,--,--,--,--,--,--,--,--,--,--,--,--,--,--,--,--,--,--,--,--,--,--,--,--,--,--,--,--,--,--,--,--,--,--,--,--,--,--,--,--
2026/5/26 12:49,--,--,--,--,23.1,13.0,23.1,53,--,--,--,--,40.7,15.6,40.7,23,--,--,--,--,--,--,--,--,--,--,--,--,--,--,--,--,--,--,--,--,--,--,--,--,--,--,--,--,--,--,--,--,--,--,--,--,--,--,--,--,--,--,--,--,--,--,--,--,--,--,--,--,--,--,--
2026/5/26 13:04,--,--,--,--,23.2,12.5,23.2,51,--,--,--,--,41.3,17.4,41.3,25,--,--,--,--,--,--,--,--,--,--,--,--,--,--,--,--,--,--,--,--,--,--,--,--,--,--,--,--,--,--,--,--,--,--,--,--,--,--,--,--,--,--,--,--,--,--,--,--,--,--,--,--,--,--,--
2026/5/26 13:19,--,--,--,--,23.3,12.0,23.3,49,--,--,--,--,43.4,19.1,43.4,25,--,--,--,--,--,--,--,--,--,--,--,--,--,--,--,--,--,--,--,--,--,--,--,--,--,--,--,--,--,--,--,--,--,--,--,--,--,--,--,--,--,--,--,--,--,--,--,--,--,--,--,--,--,--,--
2026/5/26 13:34,--,--,--,--,23.4,12.4,23.4,50,--,--,--,--,42.9,17.4,42.9,23,--,--,--,--,--,--,--,--,--,--,--,--,--,--,--,--,--,--,--,--,--,--,--,--,--,--,--,--,--,--,--,--,--,--,--,--,--,--,--,--,--,--,--,--,--,--,--,--,--,--,--,--,--,--,--
2026/5/26 13:49,--,--,--,--,23.5,12.8,23.5,51,--,--,--,--,43.5,18.6,43.5,24,--,--,--,--,--,--,--,--,--,--,--,--,--,--,--,--,--,--,--,--,--,--,--,--,--,--,--,--,--,--,--,--,--,--,--,--,--,--,--,--,--,--,--,--,--,--,--,--,--,--,--,--,--,--,--
2026/5/26 14:04,--,--,--,--,23.5,12.8,23.5,51,--,--,--,--,43.7,18.1,43.7,23,--,--,--,--,--,--,--,--,--,--,--,--,--,--,--,--,--,--,--,--,--,--,--,--,--,--,--,--,--,--,--,--,--,--,--,--,--,--,--,--,--,--,--,--,--,--,--,--,--,--,--,--,--,--,--
2026/5/26 14:19,--,--,--,--,23.6,13.2,23.6,52,--,--,--,--,45.3,20.7,45.3,25,--,--,--,--,--,--,--,--,--,--,--,--,--,--,--,--,--,--,--,--,--,--,--,--,--,--,--,--,--,--,--,--,--,--,--,--,--,--,--,--,--,--,--,--,--,--,--,--,--,--,--,--,--,--,--
2026/5/26 14:34,--,--,--,--,23.7,12.7,23.7,50,--,--,--,--,46.1,19.3,46.1,22,--,--,--,--,--,--,--,--,--,--,--,--,--,--,--,--,--,--,--,--,--,--,--,--,--,--,--,--,--,--,--,--,--,--,--,--,--,--,--,--,--,--,--,--,--,--,--,--,--,--,--,--,--,--,--
2026/5/26 14:49,--,--,--,--,23.8,12.8,23.8,50,--,--,--,--,46.3,20.2,46.3,23,--,--,--,--,--,--,--,--,--,--,--,--,--,--,--,--,--,--,--,--,--,--,--,--,--,--,--,--,--,--,--,--,--,--,--,--,--,--,--,--,--,--,--,--,--,--,--,--,--,--,--,--,--,--,--
2026/5/26 15:04,--,--,--,--,23.9,12.9,23.9,50,--,--,--,--,46.8,19.9,46.8,22,--,--,--,--,--,--,--,--,--,--,--,--,--,--,--,--,--,--,--,--,--,--,--,--,--,--,--,--,--,--,--,--,--,--,--,--,--,--,--,--,--,--,--,--,--,--,--,--,--,--,--,--,--,--,--
2026/5/26 15:19,--,--,--,--,23.8,13.1,23.8,51,--,--,--,--,47.6,19.8,47.6,21,--,--,--,--,--,--,--,--,--,--,--,--,--,--,--,--,--,--,--,--,--,--,--,--,--,--,--,--,--,--,--,--,--,--,--,--,--,--,--,--,--,--,--,--,--,--,--,--,--,--,--,--,--,--,--
2026/5/26 15:34,--,--,--,--,23.7,13.3,23.7,52,--,--,--,--,47.3,20.3,47.3,22,--,--,--,--,--,--,--,--,--,--,--,--,--,--,--,--,--,--,--,--,--,--,--,--,--,--,--,--,--,--,--,--,--,--,--,--,--,--,--,--,--,--,--,--,--,--,--,--,--,--,--,--,--,--,--
2026/5/26 15:49,--,--,--,--,23.7,13.3,23.7,52,--,--,--,--,47.6,19.8,47.6,21,--,--,--,--,--,--,--,--,--,--,--,--,--,--,--,--,--,--,--,--,--,--,--,--,--,--,--,--,--,--,--,--,--,--,--,--,--,--,--,--,--,--,--,--,--,--,--,--,--,--,--,--,--,--,--
2026/5/26 16:04,--,--,--,--,23.7,13.3,23.7,52,--,--,--,--,47.0,19.3,47.0,21,--,--,--,--,--,--,--,--,--,--,--,--,--,--,--,--,--,--,--,--,--,--,--,--,--,--,--,--,--,--,--,--,--,--,--,--,--,--,--,--,--,--,--,--,--,--,--,--,--,--,--,--,--,--,--
2026/5/26 16:19,--,--,--,--,23.7,13.9,23.7,54,--,--,--,--,46.8,19.9,46.8,22,--,--,--,--,--,--,--,--,--,--,--,--,--,--,--,--,--,--,--,--,--,--,--,--,--,--,--,--,--,--,--,--,--,--,--,--,--,--,--,--,--,--,--,--,--,--,--,--,--,--,--,--,--,--,--
2026/5/26 16:34,--,--,--,--,23.7,13.6,23.7,53,--,--,--,--,46.7,19.8,46.7,22,--,--,--,--,--,--,--,--,--,--,--,--,--,--,--,--,--,--,--,--,--,--,--,--,--,--,--,--,--,--,--,--,--,--,--,--,--,--,--,--,--,--,--,--,--,--,--,--,--,--,--,--,--,--,--
2026/5/26 16:49,--,--,--,--,23.8,14.0,23.8,54,--,--,--,--,44.2,19.2,44.2,24,--,--,--,--,--,--,--,--,--,--,--,--,--,--,--,--,--,--,--,--,--,--,--,--,--,--,--,--,--,--,--,--,--,--,--,--,--,--,--,--,--,--,--,--,--,--,--,--,--,--,--,--,--,--,--
2026/5/26 17:04,--,--,--,--,23.8,14.2,23.8,55,--,--,--,--,42.8,18.0,42.8,24,--,--,--,--,--,--,--,--,--,--,--,--,--,--,--,--,--,--,--,--,--,--,--,--,--,--,--,--,--,--,--,--,--,--,--,--,--,--,--,--,--,--,--,--,--,--,--,--,--,--,--,--,--,--,--
2026/5/26 17:19,--,--,--,--,23.9,14.3,23.9,55,--,--,--,--,41.0,17.8,41.0,26,--,--,--,--,--,--,--,--,--,--,--,--,--,--,--,--,--,--,--,--,--,--,--,--,--,--,--,--,--,--,--,--,--,--,--,--,--,--,--,--,--,--,--,--,--,--,--,--,--,--,--,--,--,--,--
2026/5/26 17:34,--,--,--,--,23.9,14.1,23.9,54,--,--,--,--,40.1,18.2,40.1,28,--,--,--,--,--,--,--,--,--,--,--,--,--,--,--,--,--,--,--,--,--,--,--,--,--,--,--,--,--,--,--,--,--,--,--,--,--,--,--,--,--,--,--,--,--,--,--,--,--,--,--,--,--,--,--
2026/5/26 17:49,--,--,--,--,24.0,14.1,24.0,54,--,--,--,--,39.6,17.8,39.6,28,--,--,--,--,--,--,--,--,--,--,--,--,--,--,--,--,--,--,--,--,--,--,--,--,--,--,--,--,--,--,--,--,--,--,--,--,--,--,--,--,--,--,--,--,--,--,--,--,--,--,--,--,--,--,--
2026/5/26 18:04,--,--,--,--,24.0,14.1,24.0,54,--,--,--,--,38.4,17.3,38.4,29,--,--,--,--,--,--,--,--,--,--,--,--,--,--,--,--,--,--,--,--,--,--,--,--,--,--,--,--,--,--,--,--,--,--,--,--,--,--,--,--,--,--,--,--,--,--,--,--,--,--,--,--,--,--,--
2026/5/26 18:19,--,--,--,--,24.0,14.1,24.0,54,--,--,--,--,37.7,16.7,37.7,29,--,--,--,--,--,--,--,--,--,--,--,--,--,--,--,--,--,--,--,--,--,--,--,--,--,--,--,--,--,--,--,--,--,--,--,--,--,--,--,--,--,--,--,--,--,--,--,--,--,--,--,--,--,--,--
2026/5/26 18:34,--,--,--,--,24.1,14.5,24.1,55,--,--,--,--,36.2,15.9,36.2,30,--,--,--,--,--,--,--,--,--,--,--,--,--,--,--,--,--,--,--,--,--,--,--,--,--,--,--,--,--,--,--,--,--,--,--,--,--,--,--,--,--,--,--,--,--,--,--,--,--,--,--,--,--,--,--
2026/5/26 18:49,--,--,--,--,24.1,14.5,24.1,55,--,--,--,--,34.1,15.6,34.1,33,--,--,--,--,--,--,--,--,--,--,--,--,--,--,--,--,--,--,--,--,--,--,--,--,--,--,--,--,--,--,--,--,--,--,--,--,--,--,--,--,--,--,--,--,--,--,--,--,--,--,--,--,--,--,--
2026/5/26 19:04,--,--,--,--,24.2,14.0,24.2,53,--,--,--,--,32.2,14.8,31.7,35,--,--,--,--,--,--,--,--,--,--,--,--,--,--,--,--,--,--,--,--,--,--,--,--,--,--,--,--,--,--,--,--,--,--,--,--,--,--,--,--,--,--,--,--,--,--,--,--,--,--,--,--,--,--,--
2026/5/26 19:19,--,--,--,--,24.3,13.8,24.3,52,--,--,--,--,30.8,14.5,30.2,37,--,--,--,--,--,--,--,--,--,--,--,--,--,--,--,--,--,--,--,--,--,--,--,--,--,--,--,--,--,--,--,--,--,--,--,--,--,--,--,--,--,--,--,--,--,--,--,--,--,--,--,--,--,--,--
2026/5/26 19:34,--,--,--,--,24.3,14.1,24.3,53,--,--,--,--,30.0,14.2,29.4,38,--,--,--,--,--,--,--,--,--,--,--,--,--,--,--,--,--,--,--,--,--,--,--,--,--,--,--,--,--,--,--,--,--,--,--,--,--,--,--,--,--,--,--,--,--,--,--,--,--,--,--,--,--,--,--
2026/5/26 19:49,--,--,--,--,24.3,14.1,24.3,53,--,--,--,--,29.4,16.3,29.5,45,--,--,--,--,--,--,--,--,--,--,--,--,--,--,--,--,--,--,--,--,--,--,--,--,--,--,--,--,--,--,--,--,--,--,--,--,--,--,--,--,--,--,--,--,--,--,--,--,--,--,--,--,--,--,--
2026/5/26 20:04,--,--,--,--,24.3,14.4,24.3,54,--,--,--,--,27.9,17.8,28.7,54,--,--,--,--,--,--,--,--,--,--,--,--,--,--,--,--,--,--,--,--,--,--,--,--,--,--,--,--,--,--,--,--,--,--,--,--,--,--,--,--,--,--,--,--,--,--,--,--,--,--,--,--,--,--,--
2026/5/26 20:19,--,--,--,--,24.3,14.4,24.3,54,--,--,--,--,26.5,17.9,26.5,59,--,--,--,--,--,--,--,--,--,--,--,--,--,--,--,--,--,--,--,--,--,--,--,--,--,--,--,--,--,--,--,--,--,--,--,--,--,--,--,--,--,--,--,--,--,--,--,--,--,--,--,--,--,--,--
2026/5/26 20:34,--,--,--,--,24.4,15.1,24.4,56,--,--,--,--,25.3,17.3,25.3,61,--,--,--,--,--,--,--,--,--,--,--,--,--,--,--,--,--,--,--,--,--,--,--,--,--,--,--,--,--,--,--,--,--,--,--,--,--,--,--,--,--,--,--,--,--,--,--,--,--,--,--,--,--,--,--
2026/5/26 20:49,--,--,--,--,24.4,15.1,24.4,56,--,--,--,--,23.9,16.7,23.9,64,--,--,--,--,--,--,--,--,--,--,--,--,--,--,--,--,--,--,--,--,--,--,--,--,--,--,--,--,--,--,--,--,--,--,--,--,--,--,--,--,--,--,--,--,--,--,--,--,--,--,--,--,--,--,--
2026/5/26 21:04,--,--,--,--,24.3,15.0,24.3,56,--,--,--,--,22.7,16.3,22.7,67,--,--,--,--,--,--,--,--,--,--,--,--,--,--,--,--,--,--,--,--,--,--,--,--,--,--,--,--,--,--,--,--,--,--,--,--,--,--,--,--,--,--,--,--,--,--,--,--,--,--,--,--,--,--,--
2026/5/26 21:19,--,--,--,--,24.3,14.7,24.3,55,--,--,--,--,21.9,15.3,21.9,66,--,--,--,--,--,--,--,--,--,--,--,--,--,--,--,--,--,--,--,--,--,--,--,--,--,--,--,--,--,--,--,--,--,--,--,--,--,--,--,--,--,--,--,--,--,--,--,--,--,--,--,--,--,--,--
2026/5/26 21:34,--,--,--,--,24.2,14.6,24.2,55,--,--,--,--,21.6,14.3,21.6,63,--,--,--,--,--,--,--,--,--,--,--,--,--,--,--,--,--,--,--,--,--,--,--,--,--,--,--,--,--,--,--,--,--,--,--,--,--,--,--,--,--,--,--,--,--,--,--,--,--,--,--,--,--,--,--
2026/5/26 21:49,--,--,--,--,24.2,14.6,24.2,55,--,--,--,--,21.2,14.1,21.2,64,--,--,--,--,--,--,--,--,--,--,--,--,--,--,--,--,--,--,--,--,--,--,--,--,--,--,--,--,--,--,--,--,--,--,--,--,--,--,--,--,--,--,--,--,--,--,--,--,--,--,--,--,--,--,--
2026/5/26 22:04,--,--,--,--,24.1,14.5,24.1,55,--,--,--,--,21.0,13.4,21.0,62,--,--,--,--,--,--,--,--,--,--,--,--,--,--,--,--,--,--,--,--,--,--,--,--,--,--,--,--,--,--,--,--,--,--,--,--,--,--,--,--,--,--,--,--,--,--,--,--,--,--,--,--,--,--,--
2026/5/26 22:19,--,--,--,--,24.1,14.5,24.1,55,--,--,--,--,21.3,13.3,21.3,60,--,--,--,--,--,--,--,--,--,--,--,--,--,--,--,--,--,--,--,--,--,--,--,--,--,--,--,--,--,--,--,--,--,--,--,--,--,--,--,--,--,--,--,--,--,--,--,--,--,--,--,--,--,--,--
2026/5/26 22:34,--,--,--,--,24.1,14.5,24.1,55,--,--,--,--,21.4,12.8,21.4,58,--,--,--,--,--,--,--,--,--,--,--,--,--,--,--,--,--,--,--,--,--,--,--,--,--,--,--,--,--,--,--,--,--,--,--,--,--,--,--,--,--,--,--,--,--,--,--,--,--,--,--,--,--,--,--
2026/5/26 22:49,--,--,--,--,24.0,14.1,24.0,54,--,--,--,--,21.5,12.1,21.5,55,--,--,--,--,--,--,--,--,--,--,--,--,--,--,--,--,--,--,--,--,--,--,--,--,--,--,--,--,--,--,--,--,--,--,--,--,--,--,--,--,--,--,--,--,--,--,--,--,--,--,--,--,--,--,--
2026/5/26 23:04,--,--,--,--,24.0,14.1,24.0,54,--,--,--,--,21.6,11.9,21.6,54,--,--,--,--,--,--,--,--,--,--,--,--,--,--,--,--,--,--,--,--,--,--,--,--,--,--,--,--,--,--,--,--,--,--,--,--,--,--,--,--,--,--,--,--,--,--,--,--,--,--,--,--,--,--,--
2026/5/26 23:19,--,--,--,--,24.0,14.1,24.0,54,--,--,--,--,22.3,11.4,22.3,50,--,--,--,--,--,--,--,--,--,--,--,--,--,--,--,--,--,--,--,--,--,--,--,--,--,--,--,--,--,--,--,--,--,--,--,--,--,--,--,--,--,--,--,--,--,--,--,--,--,--,--,--,--,--,--
2026/5/26 23:34,--,--,--,--,23.9,13.8,23.9,53,--,--,--,--,22.3,12.0,22.3,52,--,--,--,--,--,--,--,--,--,--,--,--,--,--,--,--,--,--,--,--,--,--,--,--,--,--,--,--,--,--,--,--,--,--,--,--,--,--,--,--,--,--,--,--,--,--,--,--,--,--,--,--,--,--,--
2026/5/26 23:49,--,--,--,--,23.9,14.1,23.9,54,--,--,--,--,21.3,11.6,21.3,54,--,--,--,--,--,--,--,--,--,--,--,--,--,--,--,--,--,--,--,--,--,--,--,--,--,--,--,--,--,--,--,--,--,--,--,--,--,--,--,--,--,--,--,--,--,--,--,--,--,--,--,--,--,--,--
2026/5/26 23:59,--,--,--,--,23.9,14.1,23.9,54,--,--,--,--,21.5,11.5,21.5,53,--,--,--,--,--,--,--,--,--,--,--,--,--,--,--,--,--,--,--,--,--,--,--,--,--,--,--,--,--,--,--,--,--,--,--,--,--,--,--,--,--,--,--,--,--,--,--,--,--,--,--,--,--,--,--
2026/5/27 0:00,--,--,--,--,23.9,14.1,23.9,54,--,--,--,--,21.5,11.5,21.5,53,--,--,--,--,--,--,--,--,--,--,--,--,--,--,--,--,--,--,--,--,--,--,--,--,--,--,--,--,--,--,--,--,--,--,--,--,--,--,--,--,--,--,--,--,--,--,--,--,--,--,--,--,--,--,--
2026/5/27 0:04,--,--,--,--,23.8,14.0,23.8,54,--,--,--,--,21.5,11.5,21.5,53,--,--,--,--,--,--,--,--,--,--,--,--,--,--,--,--,--,--,--,--,--,--,--,--,--,--,--,--,--,--,--,--,--,--,--,--,--,--,--,--,--,--,--,--,--,--,--,--,--,--,--,--,--,--,--
2026/5/27 0:19,--,--,--,--,23.8,14.0,23.8,54,--,--,--,--,21.2,12.1,21.2,56,--,--,--,--,--,--,--,--,--,--,--,--,--,--,--,--,--,--,--,--,--,--,--,--,--,--,--,--,--,--,--,--,--,--,--,--,--,--,--,--,--,--,--,--,--,--,--,--,--,--,--,--,--,--,--
2026/5/27 0:34,--,--,--,--,23.8,14.0,23.8,54,--,--,--,--,20.4,11.9,20.4,58,--,--,--,--,--,--,--,--,--,--,--,--,--,--,--,--,--,--,--,--,--,--,--,--,--,--,--,--,--,--,--,--,--,--,--,--,--,--,--,--,--,--,--,--,--,--,--,--,--,--,--,--,--,--,--
2026/5/27 0:49,--,--,--,--,23.8,14.0,23.8,54,--,--,--,--,20.5,13.2,20.5,63,--,--,--,--,--,--,--,--,--,--,--,--,--,--,--,--,--,--,--,--,--,--,--,--,--,--,--,--,--,--,--,--,--,--,--,--,--,--,--,--,--,--,--,--,--,--,--,--,--,--,--,--,--,--,--
2026/5/27 1:04,--,--,--,--,23.8,14.0,23.8,54,--,--,--,--,20.0,13.5,20.0,66,--,--,--,--,--,--,--,--,--,--,--,--,--,--,--,--,--,--,--,--,--,--,--,--,--,--,--,--,--,--,--,--,--,--,--,--,--,--,--,--,--,--,--,--,--,--,--,--,--,--,--,--,--,--,--
2026/5/27 1:19,--,--,--,--,23.8,13.7,23.8,53,--,--,--,--,19.8,13.5,19.8,67,--,--,--,--,--,--,--,--,--,--,--,--,--,--,--,--,--,--,--,--,--,--,--,--,--,--,--,--,--,--,--,--,--,--,--,--,--,--,--,--,--,--,--,--,--,--,--,--,--,--,--,--,--,--,--
2026/5/27 1:34,--,--,--,--,23.8,13.7,23.8,53,--,--,--,--,19.4,13.3,19.4,68,--,--,--,--,--,--,--,--,--,--,--,--,--,--,--,--,--,--,--,--,--,--,--,--,--,--,--,--,--,--,--,--,--,--,--,--,--,--,--,--,--,--,--,--,--,--,--,--,--,--,--,--,--,--,--
2026/5/27 1:49,--,--,--,--,23.7,13.9,23.7,54,--,--,--,--,18.9,12.9,18.9,68,--,--,--,--,--,--,--,--,--,--,--,--,--,--,--,--,--,--,--,--,--,--,--,--,--,--,--,--,--,--,--,--,--,--,--,--,--,--,--,--,--,--,--,--,--,--,--,--,--,--,--,--,--,--,--
2026/5/27 2:04,--,--,--,--,23.8,14.0,23.8,54,--,--,--,--,18.9,13.1,18.9,69,--,--,--,--,--,--,--,--,--,--,--,--,--,--,--,--,--,--,--,--,--,--,--,--,--,--,--,--,--,--,--,--,--,--,--,--,--,--,--,--,--,--,--,--,--,--,--,--,--,--,--,--,--,--,--
2026/5/27 2:19,--,--,--,--,23.7,13.9,23.7,54,--,--,--,--,18.5,12.7,18.5,69,--,--,--,--,--,--,--,--,--,--,--,--,--,--,--,--,--,--,--,--,--,--,--,--,--,--,--,--,--,--,--,--,--,--,--,--,--,--,--,--,--,--,--,--,--,--,--,--,--,--,--,--,--,--,--
2026/5/27 2:34,--,--,--,--,23.7,13.9,23.7,54,--,--,--,--,17.9,12.6,17.9,71,--,--,--,--,--,--,--,--,--,--,--,--,--,--,--,--,--,--,--,--,--,--,--,--,--,--,--,--,--,--,--,--,--,--,--,--,--,--,--,--,--,--,--,--,--,--,--,--,--,--,--,--,--,--,--
2026/5/27 2:49,--,--,--,--,23.7,13.6,23.7,53,--,--,--,--,17.3,12.4,17.3,73,--,--,--,--,--,--,--,--,--,--,--,--,--,--,--,--,--,--,--,--,--,--,--,--,--,--,--,--,--,--,--,--,--,--,--,--,--,--,--,--,--,--,--,--,--,--,--,--,--,--,--,--,--,--,--
2026/5/27 3:04,--,--,--,--,23.7,13.6,23.7,53,--,--,--,--,17.0,12.6,17.0,75,--,--,--,--,--,--,--,--,--,--,--,--,--,--,--,--,--,--,--,--,--,--,--,--,--,--,--,--,--,--,--,--,--,--,--,--,--,--,--,--,--,--,--,--,--,--,--,--,--,--,--,--,--,--,--
2026/5/27 3:19,--,--,--,--,23.6,13.5,23.6,53,--,--,--,--,16.9,12.5,16.9,75,--,--,--,--,--,--,--,--,--,--,--,--,--,--,--,--,--,--,--,--,--,--,--,--,--,--,--,--,--,--,--,--,--,--,--,--,--,--,--,--,--,--,--,--,--,--,--,--,--,--,--,--,--,--,--
2026/5/27 3:34,--,--,--,--,23.7,13.6,23.7,53,--,--,--,--,16.9,12.5,16.9,75,--,--,--,--,--,--,--,--,--,--,--,--,--,--,--,--,--,--,--,--,--,--,--,--,--,--,--,--,--,--,--,--,--,--,--,--,--,--,--,--,--,--,--,--,--,--,--,--,--,--,--,--,--,--,--
2026/5/27 3:49,--,--,--,--,23.6,13.5,23.6,53,--,--,--,--,16.8,12.4,16.8,75,--,--,--,--,--,--,--,--,--,--,--,--,--,--,--,--,--,--,--,--,--,--,--,--,--,--,--,--,--,--,--,--,--,--,--,--,--,--,--,--,--,--,--,--,--,--,--,--,--,--,--,--,--,--,--
2026/5/27 4:04,--,--,--,--,23.6,13.5,23.6,53,--,--,--,--,16.6,12.3,16.6,76,--,--,--,--,--,--,--,--,--,--,--,--,--,--,--,--,--,--,--,--,--,--,--,--,--,--,--,--,--,--,--,--,--,--,--,--,--,--,--,--,--,--,--,--,--,--,--,--,--,--,--,--,--,--,--
2026/5/27 4:19,--,--,--,--,23.6,13.5,23.6,53,--,--,--,--,16.5,12.4,16.5,77,--,--,--,--,--,--,--,--,--,--,--,--,--,--,--,--,--,--,--,--,--,--,--,--,--,--,--,--,--,--,--,--,--,--,--,--,--,--,--,--,--,--,--,--,--,--,--,--,--,--,--,--,--,--,--
2026/5/27 4:34,--,--,--,--,23.6,13.5,23.6,53,--,--,--,--,16.3,12.2,16.3,77,--,--,--,--,--,--,--,--,--,--,--,--,--,--,--,--,--,--,--,--,--,--,--,--,--,--,--,--,--,--,--,--,--,--,--,--,--,--,--,--,--,--,--,--,--,--,--,--,--,--,--,--,--,--,--
2026/5/27 4:49,--,--,--,--,23.6,13.5,23.6,53,--,--,--,--,16.0,12.2,16.0,78,--,--,--,--,--,--,--,--,--,--,--,--,--,--,--,--,--,--,--,--,--,--,--,--,--,--,--,--,--,--,--,--,--,--,--,--,--,--,--,--,--,--,--,--,--,--,--,--,--,--,--,--,--,--,--
2026/5/27 5:04,--,--,--,--,23.6,13.5,23.6,53,--,--,--,--,15.8,12.2,15.8,79,--,--,--,--,--,--,--,--,--,--,--,--,--,--,--,--,--,--,--,--,--,--,--,--,--,--,--,--,--,--,--,--,--,--,--,--,--,--,--,--,--,--,--,--,--,--,--,--,--,--,--,--,--,--,--
2026/5/27 5:19,--,--,--,--,23.5,13.4,23.5,53,--,--,--,--,15.8,12.2,15.8,79,--,--,--,--,--,--,--,--,--,--,--,--,--,--,--,--,--,--,--,--,--,--,--,--,--,--,--,--,--,--,--,--,--,--,--,--,--,--,--,--,--,--,--,--,--,--,--,--,--,--,--,--,--,--,--
2026/5/27 5:34,--,--,--,--,22.8,12.7,22.8,53,--,--,--,--,15.5,12.1,15.5,80,--,--,--,--,--,--,--,--,--,--,--,--,--,--,--,--,--,--,--,--,--,--,--,--,--,--,--,--,--,--,--,--,--,--,--,--,--,--,--,--,--,--,--,--,--,--,--,--,--,--,--,--,--,--,--
2026/5/27 5:49,--,--,--,--,22.4,12.7,22.4,54,--,--,--,--,15.4,12.1,15.4,81,--,--,--,--,--,--,--,--,--,--,--,--,--,--,--,--,--,--,--,--,--,--,--,--,--,--,--,--,--,--,--,--,--,--,--,--,--,--,--,--,--,--,--,--,--,--,--,--,--,--,--,--,--,--,--
2026/5/27 6:04,--,--,--,--,22.1,12.6,22.1,55,--,--,--,--,15.7,12.6,15.7,82,--,--,--,--,--,--,--,--,--,--,--,--,--,--,--,--,--,--,--,--,--,--,--,--,--,--,--,--,--,--,--,--,--,--,--,--,--,--,--,--,--,--,--,--,--,--,--,--,--,--,--,--,--,--,--
2026/5/27 6:19,--,--,--,--,21.9,12.8,21.9,56,--,--,--,--,16.2,12.9,16.2,81,--,--,--,--,--,--,--,--,--,--,--,--,--,--,--,--,--,--,--,--,--,--,--,--,--,--,--,--,--,--,--,--,--,--,--,--,--,--,--,--,--,--,--,--,--,--,--,--,--,--,--,--,--,--,--
2026/5/27 6:34,--,--,--,--,21.5,12.7,21.5,57,--,--,--,--,16.8,13.2,16.8,79,--,--,--,--,--,--,--,--,--,--,--,--,--,--,--,--,--,--,--,--,--,--,--,--,--,--,--,--,--,--,--,--,--,--,--,--,--,--,--,--,--,--,--,--,--,--,--,--,--,--,--,--,--,--,--
2026/5/27 6:49,--,--,--,--,21.4,12.8,21.4,58,--,--,--,--,17.7,13.6,17.7,77,--,--,--,--,--,--,--,--,--,--,--,--,--,--,--,--,--,--,--,--,--,--,--,--,--,--,--,--,--,--,--,--,--,--,--,--,--,--,--,--,--,--,--,--,--,--,--,--,--,--,--,--,--,--,--
2026/5/27 7:04,--,--,--,--,21.3,13.0,21.3,59,--,--,--,--,18.8,14.3,18.8,75,--,--,--,--,--,--,--,--,--,--,--,--,--,--,--,--,--,--,--,--,--,--,--,--,--,--,--,--,--,--,--,--,--,--,--,--,--,--,--,--,--,--,--,--,--,--,--,--,--,--,--,--,--,--,--
2026/5/27 7:19,--,--,--,--,21.5,13.2,21.5,59,--,--,--,--,19.9,14.7,19.9,72,--,--,--,--,--,--,--,--,--,--,--,--,--,--,--,--,--,--,--,--,--,--,--,--,--,--,--,--,--,--,--,--,--,--,--,--,--,--,--,--,--,--,--,--,--,--,--,--,--,--,--,--,--,--,--
2026/5/27 7:34,--,--,--,--,21.8,13.2,21.8,58,--,--,--,--,20.7,15.3,20.7,71,--,--,--,--,--,--,--,--,--,--,--,--,--,--,--,--,--,--,--,--,--,--,--,--,--,--,--,--,--,--,--,--,--,--,--,--,--,--,--,--,--,--,--,--,--,--,--,--,--,--,--,--,--,--,--
2026/5/27 7:49,--,--,--,--,22.0,13.4,22.0,58,--,--,--,--,21.6,15.7,21.6,69,--,--,--,--,--,--,--,--,--,--,--,--,--,--,--,--,--,--,--,--,--,--,--,--,--,--,--,--,--,--,--,--,--,--,--,--,--,--,--,--,--,--,--,--,--,--,--,--,--,--,--,--,--,--,--
2026/5/27 8:04,--,--,--,--,22.2,13.6,22.2,58,--,--,--,--,22.9,16.0,22.9,65,--,--,--,--,--,--,--,--,--,--,--,--,--,--,--,--,--,--,--,--,--,--,--,--,--,--,--,--,--,--,--,--,--,--,--,--,--,--,--,--,--,--,--,--,--,--,--,--,--,--,--,--,--,--,--
2026/5/27 8:19,--,--,--,--,22.4,13.7,22.4,58,--,--,--,--,24.0,16.3,24.0,62,--,--,--,--,--,--,--,--,--,--,--,--,--,--,--,--,--,--,--,--,--,--,--,--,--,--,--,--,--,--,--,--,--,--,--,--,--,--,--,--,--,--,--,--,--,--,--,--,--,--,--,--,--,--,--
2026/5/27 8:34,--,--,--,--,22.6,13.7,22.6,57,--,--,--,--,24.0,16.0,24.0,61,--,--,--,--,--,--,--,--,--,--,--,--,--,--,--,--,--,--,--,--,--,--,--,--,--,--,--,--,--,--,--,--,--,--,--,--,--,--,--,--,--,--,--,--,--,--,--,--,--,--,--,--,--,--,--
2026/5/27 8:49,--,--,--,--,22.7,13.8,22.7,57,--,--,--,--,24.0,15.5,24.0,59,--,--,--,--,--,--,--,--,--,--,--,--,--,--,--,--,--,--,--,--,--,--,--,--,--,--,--,--,--,--,--,--,--,--,--,--,--,--,--,--,--,--,--,--,--,--,--,--,--,--,--,--,--,--,--
2026/5/27 9:04,--,--,--,--,22.8,13.9,22.8,57,--,--,--,--,24.6,15.8,24.6,58,--,--,--,--,--,--,--,--,--,--,--,--,--,--,--,--,--,--,--,--,--,--,--,--,--,--,--,--,--,--,--,--,--,--,--,--,--,--,--,--,--,--,--,--,--,--,--,--,--,--,--,--,--,--,--
2026/5/27 9:19,--,--,--,--,22.9,14.0,22.9,57,--,--,--,--,25.1,16.3,25.1,58,--,--,--,--,--,--,--,--,--,--,--,--,--,--,--,--,--,--,--,--,--,--,--,--,--,--,--,--,--,--,--,--,--,--,--,--,--,--,--,--,--,--,--,--,--,--,--,--,--,--,--,--,--,--,--
2026/5/27 9:34,--,--,--,--,22.9,14.0,22.9,57,--,--,--,--,25.9,16.2,25.9,55,--,--,--,--,--,--,--,--,--,--,--,--,--,--,--,--,--,--,--,--,--,--,--,--,--,--,--,--,--,--,--,--,--,--,--,--,--,--,--,--,--,--,--,--,--,--,--,--,--,--,--,--,--,--,--
2026/5/27 9:49,--,--,--,--,23.0,14.1,23.0,57,--,--,--,--,26.8,16.4,27.3,53,--,--,--,--,--,--,--,--,--,--,--,--,--,--,--,--,--,--,--,--,--,--,--,--,--,--,--,--,--,--,--,--,--,--,--,--,--,--,--,--,--,--,--,--,--,--,--,--,--,--,--,--,--,--,--
2026/5/27 10:04,--,--,--,--,23.0,14.1,23.0,57,--,--,--,--,30.0,17.8,30.7,48,--,--,--,--,--,--,--,--,--,--,--,--,--,--,--,--,--,--,--,--,--,--,--,--,--,--,--,--,--,--,--,--,--,--,--,--,--,--,--,--,--,--,--,--,--,--,--,--,--,--,--,--,--,--,--
2026/5/27 10:19,--,--,--,--,23.1,13.9,23.1,56,--,--,--,--,32.4,18.6,33.7,44,--,--,--,--,--,--,--,--,--,--,--,--,--,--,--,--,--,--,--,--,--,--,--,--,--,--,--,--,--,--,--,--,--,--,--,--,--,--,--,--,--,--,--,--,--,--,--,--,--,--,--,--,--,--,--
2026/5/27 10:34,--,--,--,--,23.1,13.9,23.1,56,--,--,--,--,34.1,19.0,35.9,41,--,--,--,--,--,--,--,--,--,--,--,--,--,--,--,--,--,--,--,--,--,--,--,--,--,--,--,--,--,--,--,--,--,--,--,--,--,--,--,--,--,--,--,--,--,--,--,--,--,--,--,--,--,--,--
2026/5/27 10:49,--,--,--,--,23.2,14.0,23.2,56,--,--,--,--,34.9,18.9,36.7,39,--,--,--,--,--,--,--,--,--,--,--,--,--,--,--,--,--,--,--,--,--,--,--,--,--,--,--,--,--,--,--,--,--,--,--,--,--,--,--,--,--,--,--,--,--,--,--,--,--,--,--,--,--,--,--
2026/5/27 11:04,--,--,--,--,23.2,14.0,23.2,56,--,--,--,--,35.1,18.3,36.6,37,--,--,--,--,--,--,--,--,--,--,--,--,--,--,--,--,--,--,--,--,--,--,--,--,--,--,--,--,--,--,--,--,--,--,--,--,--,--,--,--,--,--,--,--,--,--,--,--,--,--,--,--,--,--,--
2026/5/27 11:19,--,--,--,--,23.3,14.1,23.3,56,--,--,--,--,35.5,18.2,36.9,36,--,--,--,--,--,--,--,--,--,--,--,--,--,--,--,--,--,--,--,--,--,--,--,--,--,--,--,--,--,--,--,--,--,--,--,--,--,--,--,--,--,--,--,--,--,--,--,--,--,--,--,--,--,--,--
2026/5/27 11:34,--,--,--,--,23.3,14.1,23.3,56,--,--,--,--,35.2,17.9,36.4,36,--,--,--,--,--,--,--,--,--,--,--,--,--,--,--,--,--,--,--,--,--,--,--,--,--,--,--,--,--,--,--,--,--,--,--,--,--,--,--,--,--,--,--,--,--,--,--,--,--,--,--,--,--,--,--
2026/5/27 11:49,--,--,--,--,23.3,14.1,23.3,56,--,--,--,--,35.8,18.4,37.4,36,--,--,--,--,--,--,--,--,--,--,--,--,--,--,--,--,--,--,--,--,--,--,--,--,--,--,--,--,--,--,--,--,--,--,--,--,--,--,--,--,--,--,--,--,--,--,--,--,--,--,--,--,--,--,--
2026/5/27 12:04,--,--,--,--,23.4,14.1,23.4,56,--,--,--,--,35.9,19.0,37.9,37,--,--,--,--,--,--,--,--,--,--,--,--,--,--,--,--,--,--,--,--,--,--,--,--,--,--,--,--,--,--,--,--,--,--,--,--,--,--,--,--,--,--,--,--,--,--,--,--,--,--,--,--,--,--,--
2026/5/27 12:19,--,--,--,--,23.5,14.5,23.5,57,--,--,--,--,35.5,18.2,36.9,36,--,--,--,--,--,--,--,--,--,--,--,--,--,--,--,--,--,--,--,--,--,--,--,--,--,--,--,--,--,--,--,--,--,--,--,--,--,--,--,--,--,--,--,--,--,--,--,--,--,--,--,--,--,--,--
2026/5/27 12:34,--,--,--,--,23.5,14.5,23.5,57,--,--,--,--,35.9,18.1,37.3,35,--,--,--,--,--,--,--,--,--,--,--,--,--,--,--,--,--,--,--,--,--,--,--,--,--,--,--,--,--,--,--,--,--,--,--,--,--,--,--,--,--,--,--,--,--,--,--,--,--,--,--,--,--,--,--
2026/5/27 12:49,--,--,--,--,23.5,14.5,23.5,57,--,--,--,--,35.9,18.1,37.3,35,--,--,--,--,--,--,--,--,--,--,--,--,--,--,--,--,--,--,--,--,--,--,--,--,--,--,--,--,--,--,--,--,--,--,--,--,--,--,--,--,--,--,--,--,--,--,--,--,--,--,--,--,--,--,--
2026/5/27 13:04,--,--,--,--,23.6,14.6,23.6,57,--,--,--,--,36.9,18.0,36.9,33,--,--,--,--,--,--,--,--,--,--,--,--,--,--,--,--,--,--,--,--,--,--,--,--,--,--,--,--,--,--,--,--,--,--,--,--,--,--,--,--,--,--,--,--,--,--,--,--,--,--,--,--,--,--,--
2026/5/27 13:19,--,--,--,--,23.6,14.0,23.6,55,--,--,--,--,38.1,18.1,38.1,31,--,--,--,--,--,--,--,--,--,--,--,--,--,--,--,--,--,--,--,--,--,--,--,--,--,--,--,--,--,--,--,--,--,--,--,--,--,--,--,--,--,--,--,--,--,--,--,--,--,--,--,--,--,--,--
2026/5/27 13:34,--,--,--,--,23.7,14.4,23.7,56,--,--,--,--,38.0,18.0,38.0,31,--,--,--,--,--,--,--,--,--,--,--,--,--,--,--,--,--,--,--,--,--,--,--,--,--,--,--,--,--,--,--,--,--,--,--,--,--,--,--,--,--,--,--,--,--,--,--,--,--,--,--,--,--,--,--
2026/5/27 13:49,--,--,--,--,23.7,14.4,23.7,56,--,--,--,--,38.4,18.8,38.4,32,--,--,--,--,--,--,--,--,--,--,--,--,--,--,--,--,--,--,--,--,--,--,--,--,--,--,--,--,--,--,--,--,--,--,--,--,--,--,--,--,--,--,--,--,--,--,--,--,--,--,--,--,--,--,--
2026/5/27 14:04,--,--,--,--,23.7,14.4,23.7,56,--,--,--,--,39.2,18.5,39.2,30,--,--,--,--,--,--,--,--,--,--,--,--,--,--,--,--,--,--,--,--,--,--,--,--,--,--,--,--,--,--,--,--,--,--,--,--,--,--,--,--,--,--,--,--,--,--,--,--,--,--,--,--,--,--,--
2026/5/27 14:19,--,--,--,--,23.8,14.5,23.8,56,--,--,--,--,39.3,18.1,39.3,29,--,--,--,--,--,--,--,--,--,--,--,--,--,--,--,--,--,--,--,--,--,--,--,--,--,--,--,--,--,--,--,--,--,--,--,--,--,--,--,--,--,--,--,--,--,--,--,--,--,--,--,--,--,--,--
2026/5/27 14:34,--,--,--,--,23.8,14.5,23.8,56,--,--,--,--,39.1,17.3,39.1,28,--,--,--,--,--,--,--,--,--,--,--,--,--,--,--,--,--,--,--,--,--,--,--,--,--,--,--,--,--,--,--,--,--,--,--,--,--,--,--,--,--,--,--,--,--,--,--,--,--,--,--,--,--,--,--
2026/5/27 14:49,--,--,--,--,23.8,14.5,23.8,56,--,--,--,--,39.8,17.3,39.8,27,--,--,--,--,--,--,--,--,--,--,--,--,--,--,--,--,--,--,--,--,--,--,--,--,--,--,--,--,--,--,--,--,--,--,--,--,--,--,--,--,--,--,--,--,--,--,--,--,--,--,--,--,--,--,--
2026/5/27 15:04,--,--,--,--,23.8,14.5,23.8,56,--,--,--,--,39.7,16.7,39.7,26,--,--,--,--,--,--,--,--,--,--,--,--,--,--,--,--,--,--,--,--,--,--,--,--,--,--,--,--,--,--,--,--,--,--,--,--,--,--,--,--,--,--,--,--,--,--,--,--,--,--,--,--,--,--,--
2026/5/27 15:19,--,--,--,--,23.9,14.6,23.9,56,--,--,--,--,40.0,17.5,40.0,27,--,--,--,--,--,--,--,--,--,--,--,--,--,--,--,--,--,--,--,--,--,--,--,--,--,--,--,--,--,--,--,--,--,--,--,--,--,--,--,--,--,--,--,--,--,--,--,--,--,--,--,--,--,--,--
2026/5/27 15:34,--,--,--,--,23.9,14.6,23.9,56,--,--,--,--,39.5,16.5,39.5,26,--,--,--,--,--,--,--,--,--,--,--,--,--,--,--,--,--,--,--,--,--,--,--,--,--,--,--,--,--,--,--,--,--,--,--,--,--,--,--,--,--,--,--,--,--,--,--,--,--,--,--,--,--,--,--
2026/5/27 15:49,--,--,--,--,23.9,14.6,23.9,56,--,--,--,--,39.7,16.7,39.7,26,--,--,--,--,--,--,--,--,--,--,--,--,--,--,--,--,--,--,--,--,--,--,--,--,--,--,--,--,--,--,--,--,--,--,--,--,--,--,--,--,--,--,--,--,--,--,--,--,--,--,--,--,--,--,--
2026/5/27 16:04,--,--,--,--,23.9,14.6,23.9,56,--,--,--,--,39.5,16.5,39.5,26,--,--,--,--,--,--,--,--,--,--,--,--,--,--,--,--,--,--,--,--,--,--,--,--,--,--,--,--,--,--,--,--,--,--,--,--,--,--,--,--,--,--,--,--,--,--,--,--,--,--,--,--,--,--,--
2026/5/27 16:19,--,--,--,--,24.0,14.7,24.0,56,--,--,--,--,37.9,16.3,37.9,28,--,--,--,--,--,--,--,--,--,--,--,--,--,--,--,--,--,--,--,--,--,--,--,--,--,--,--,--,--,--,--,--,--,--,--,--,--,--,--,--,--,--,--,--,--,--,--,--,--,--,--,--,--,--,--
2026/5/27 16:34,--,--,--,--,24.0,14.7,24.0,56,--,--,--,--,37.2,15.1,37.2,27,--,--,--,--,--,--,--,--,--,--,--,--,--,--,--,--,--,--,--,--,--,--,--,--,--,--,--,--,--,--,--,--,--,--,--,--,--,--,--,--,--,--,--,--,--,--,--,--,--,--,--,--,--,--,--
2026/5/27 16:49,--,--,--,--,24.0,14.4,24.0,55,--,--,--,--,36.4,15.6,36.4,29,--,--,--,--,--,--,--,--,--,--,--,--,--,--,--,--,--,--,--,--,--,--,--,--,--,--,--,--,--,--,--,--,--,--,--,--,--,--,--,--,--,--,--,--,--,--,--,--,--,--,--,--,--,--,--
2026/5/27 17:04,--,--,--,--,24.0,14.4,24.0,55,--,--,--,--,35.2,14.5,35.2,29,--,--,--,--,--,--,--,--,--,--,--,--,--,--,--,--,--,--,--,--,--,--,--,--,--,--,--,--,--,--,--,--,--,--,--,--,--,--,--,--,--,--,--,--,--,--,--,--,--,--,--,--,--,--,--
2026/5/27 17:19,--,--,--,--,24.1,14.5,24.1,55,--,--,--,--,33.5,13.6,33.5,30,--,--,--,--,--,--,--,--,--,--,--,--,--,--,--,--,--,--,--,--,--,--,--,--,--,--,--,--,--,--,--,--,--,--,--,--,--,--,--,--,--,--,--,--,--,--,--,--,--,--,--,--,--,--,--
2026/5/27 17:34,--,--,--,--,24.1,14.5,24.1,55,--,--,--,--,32.9,14.1,32.9,32,--,--,--,--,--,--,--,--,--,--,--,--,--,--,--,--,--,--,--,--,--,--,--,--,--,--,--,--,--,--,--,--,--,--,--,--,--,--,--,--,--,--,--,--,--,--,--,--,--,--,--,--,--,--,--
2026/5/27 17:49,--,--,--,--,24.1,14.5,24.1,55,--,--,--,--,32.5,13.7,32.5,32,--,--,--,--,--,--,--,--,--,--,--,--,--,--,--,--,--,--,--,--,--,--,--,--,--,--,--,--,--,--,--,--,--,--,--,--,--,--,--,--,--,--,--,--,--,--,--,--,--,--,--,--,--,--,--
2026/5/27 18:04,--,--,--,--,24.1,14.2,24.1,54,--,--,--,--,31.7,13.0,31.7,32,--,--,--,--,--,--,--,--,--,--,--,--,--,--,--,--,--,--,--,--,--,--,--,--,--,--,--,--,--,--,--,--,--,--,--,--,--,--,--,--,--,--,--,--,--,--,--,--,--,--,--,--,--,--,--
2026/5/27 18:19,--,--,--,--,24.1,14.2,24.1,54,--,--,--,--,31.2,13.5,31.2,34,--,--,--,--,--,--,--,--,--,--,--,--,--,--,--,--,--,--,--,--,--,--,--,--,--,--,--,--,--,--,--,--,--,--,--,--,--,--,--,--,--,--,--,--,--,--,--,--,--,--,--,--,--,--,--
2026/5/27 18:34,--,--,--,--,24.2,14.3,24.2,54,--,--,--,--,29.8,12.7,28.9,35,--,--,--,--,--,--,--,--,--,--,--,--,--,--,--,--,--,--,--,--,--,--,--,--,--,--,--,--,--,--,--,--,--,--,--,--,--,--,--,--,--,--,--,--,--,--,--,--,--,--,--,--,--,--,--
2026/5/27 18:49,--,--,--,--,24.2,14.3,24.2,54,--,--,--,--,28.3,12.7,27.7,38,--,--,--,--,--,--,--,--,--,--,--,--,--,--,--,--,--,--,--,--,--,--,--,--,--,--,--,--,--,--,--,--,--,--,--,--,--,--,--,--,--,--,--,--,--,--,--,--,--,--,--,--,--,--,--
2026/5/27 19:04,--,--,--,--,24.2,14.3,24.2,54,--,--,--,--,27.1,11.6,26.8,38,--,--,--,--,--,--,--,--,--,--,--,--,--,--,--,--,--,--,--,--,--,--,--,--,--,--,--,--,--,--,--,--,--,--,--,--,--,--,--,--,--,--,--,--,--,--,--,--,--,--,--,--,--,--,--
2026/5/27 19:19,--,--,--,--,24.2,14.3,24.2,54,--,--,--,--,26.4,11.7,26.4,40,--,--,--,--,--,--,--,--,--,--,--,--,--,--,--,--,--,--,--,--,--,--,--,--,--,--,--,--,--,--,--,--,--,--,--,--,--,--,--,--,--,--,--,--,--,--,--,--,--,--,--,--,--,--,--
2026/5/27 19:34,--,--,--,--,24.2,14.3,24.2,54,--,--,--,--,25.8,11.6,25.8,41,--,--,--,--,--,--,--,--,--,--,--,--,--,--,--,--,--,--,--,--,--,--,--,--,--,--,--,--,--,--,--,--,--,--,--,--,--,--,--,--,--,--,--,--,--,--,--,--,--,--,--,--,--,--,--
2026/5/27 19:49,--,--,--,--,24.2,14.3,24.2,54,--,--,--,--,25.2,10.7,25.2,40,--,--,--,--,--,--,--,--,--,--,--,--,--,--,--,--,--,--,--,--,--,--,--,--,--,--,--,--,--,--,--,--,--,--,--,--,--,--,--,--,--,--,--,--,--,--,--,--,--,--,--,--,--,--,--
2026/5/27 20:04,--,--,--,--,24.2,14.3,24.2,54,--,--,--,--,24.8,10.7,24.8,41,--,--,--,--,--,--,--,--,--,--,--,--,--,--,--,--,--,--,--,--,--,--,--,--,--,--,--,--,--,--,--,--,--,--,--,--,--,--,--,--,--,--,--,--,--,--,--,--,--,--,--,--,--,--,--
2026/5/27 20:19,--,--,--,--,24.2,14.3,24.2,54,--,--,--,--,24.3,10.6,24.3,42,--,--,--,--,--,--,--,--,--,--,--,--,--,--,--,--,--,--,--,--,--,--,--,--,--,--,--,--,--,--,--,--,--,--,--,--,--,--,--,--,--,--,--,--,--,--,--,--,--,--,--,--,--,--,--
2026/5/27 20:34,--,--,--,--,24.2,14.3,24.2,54,--,--,--,--,23.8,10.5,23.8,43,--,--,--,--,--,--,--,--,--,--,--,--,--,--,--,--,--,--,--,--,--,--,--,--,--,--,--,--,--,--,--,--,--,--,--,--,--,--,--,--,--,--,--,--,--,--,--,--,--,--,--,--,--,--,--
2026/5/27 20:49,--,--,--,--,24.2,14.3,24.2,54,--,--,--,--,23.2,10.3,23.2,44,--,--,--,--,--,--,--,--,--,--,--,--,--,--,--,--,--,--,--,--,--,--,--,--,--,--,--,--,--,--,--,--,--,--,--,--,--,--,--,--,--,--,--,--,--,--,--,--,--,--,--,--,--,--,--
2026/5/27 21:04,--,--,--,--,24.2,14.3,24.2,54,--,--,--,--,22.5,10.3,22.5,46,--,--,--,--,--,--,--,--,--,--,--,--,--,--,--,--,--,--,--,--,--,--,--,--,--,--,--,--,--,--,--,--,--,--,--,--,--,--,--,--,--,--,--,--,--,--,--,--,--,--,--,--,--,--,--
2026/5/27 21:19,--,--,--,--,24.2,14.0,24.2,53,--,--,--,--,21.8,10.3,21.8,48,--,--,--,--,--,--,--,--,--,--,--,--,--,--,--,--,--,--,--,--,--,--,--,--,--,--,--,--,--,--,--,--,--,--,--,--,--,--,--,--,--,--,--,--,--,--,--,--,--,--,--,--,--,--,--
2026/5/27 21:34,--,--,--,--,24.0,13.3,24.0,51,--,--,--,--,21.1,11.2,21.1,53,--,--,--,--,--,--,--,--,--,--,--,--,--,--,--,--,--,--,--,--,--,--,--,--,--,--,--,--,--,--,--,--,--,--,--,--,--,--,--,--,--,--,--,--,--,--,--,--,--,--,--,--,--,--,--
2026/5/27 21:49,--,--,--,--,23.9,12.9,23.9,50,--,--,--,--,20.5,10.9,20.5,54,--,--,--,--,--,--,--,--,--,--,--,--,--,--,--,--,--,--,--,--,--,--,--,--,--,--,--,--,--,--,--,--,--,--,--,--,--,--,--,--,--,--,--,--,--,--,--,--,--,--,--,--,--,--,--
2026/5/27 22:04,--,--,--,--,23.8,12.5,23.8,49,--,--,--,--,19.4,10.7,19.4,57,--,--,--,--,--,--,--,--,--,--,--,--,--,--,--,--,--,--,--,--,--,--,--,--,--,--,--,--,--,--,--,--,--,--,--,--,--,--,--,--,--,--,--,--,--,--,--,--,--,--,--,--,--,--,--
2026/5/27 22:19,--,--,--,--,23.7,12.4,23.7,49,--,--,--,--,18.7,11.0,18.7,61,--,--,--,--,--,--,--,--,--,--,--,--,--,--,--,--,--,--,--,--,--,--,--,--,--,--,--,--,--,--,--,--,--,--,--,--,--,--,--,--,--,--,--,--,--,--,--,--,--,--,--,--,--,--,--
2026/5/27 22:34,--,--,--,--,23.6,12.3,23.6,49,--,--,--,--,17.1,10.9,17.1,67,--,--,--,--,--,--,--,--,--,--,--,--,--,--,--,--,--,--,--,--,--,--,--,--,--,--,--,--,--,--,--,--,--,--,--,--,--,--,--,--,--,--,--,--,--,--,--,--,--,--,--,--,--,--,--
2026/5/27 22:49,--,--,--,--,23.6,12.3,23.6,49,--,--,--,--,16.5,10.8,16.5,69,--,--,--,--,--,--,--,--,--,--,--,--,--,--,--,--,--,--,--,--,--,--,--,--,--,--,--,--,--,--,--,--,--,--,--,--,--,--,--,--,--,--,--,--,--,--,--,--,--,--,--,--,--,--,--
2026/5/27 23:04,--,--,--,--,23.5,11.9,23.5,48,--,--,--,--,16.4,11.1,16.4,71,--,--,--,--,--,--,--,--,--,--,--,--,--,--,--,--,--,--,--,--,--,--,--,--,--,--,--,--,--,--,--,--,--,--,--,--,--,--,--,--,--,--,--,--,--,--,--,--,--,--,--,--,--,--,--
2026/5/27 23:19,--,--,--,--,23.4,11.8,23.4,48,--,--,--,--,15.8,11.0,15.8,73,--,--,--,--,--,--,--,--,--,--,--,--,--,--,--,--,--,--,--,--,--,--,--,--,--,--,--,--,--,--,--,--,--,--,--,--,--,--,--,--,--,--,--,--,--,--,--,--,--,--,--,--,--,--,--
2026/5/27 23:34,--,--,--,--,23.4,11.8,23.4,48,--,--,--,--,15.3,10.5,15.3,73,--,--,--,--,--,--,--,--,--,--,--,--,--,--,--,--,--,--,--,--,--,--,--,--,--,--,--,--,--,--,--,--,--,--,--,--,--,--,--,--,--,--,--,--,--,--,--,--,--,--,--,--,--,--,--
2026/5/27 23:49,--,--,--,--,23.3,11.7,23.3,48,--,--,--,--,15.1,10.7,15.1,75,--,--,--,--,--,--,--,--,--,--,--,--,--,--,--,--,--,--,--,--,--,--,--,--,--,--,--,--,--,--,--,--,--,--,--,--,--,--,--,--,--,--,--,--,--,--,--,--,--,--,--,--,--,--,--
2026/5/28 0:00,--,--,--,--,23.3,11.7,23.3,48,--,--,--,--,14.7,10.5,14.7,76,--,--,--,--,--,--,--,--,--,--,--,--,--,--,--,--,--,--,--,--,--,--,--,--,--,--,--,--,--,--,--,--,--,--,--,--,--,--,--,--,--,--,--,--,--,--,--,--,--,--,--,--,--,--,--
2026/5/28 0:00,--,--,--,--,23.3,11.7,23.3,48,--,--,--,--,14.7,10.5,14.7,76,--,--,--,--,--,--,--,--,--,--,--,--,--,--,--,--,--,--,--,--,--,--,--,--,--,--,--,--,--,--,--,--,--,--,--,--,--,--,--,--,--,--,--,--,--,--,--,--,--,--,--,--,--,--,--
2026/5/28 0:04,--,--,--,--,23.3,11.7,23.3,48,--,--,--,--,14.6,10.4,14.6,76,--,--,--,--,--,--,--,--,--,--,--,--,--,--,--,--,--,--,--,--,--,--,--,--,--,--,--,--,--,--,--,--,--,--,--,--,--,--,--,--,--,--,--,--,--,--,--,--,--,--,--,--,--,--,--
2026/5/28 0:19,--,--,--,--,23.2,11.6,23.2,48,--,--,--,--,14.3,10.5,14.3,78,--,--,--,--,--,--,--,--,--,--,--,--,--,--,--,--,--,--,--,--,--,--,--,--,--,--,--,--,--,--,--,--,--,--,--,--,--,--,--,--,--,--,--,--,--,--,--,--,--,--,--,--,--,--,--
2026/5/28 0:34,--,--,--,--,23.2,11.6,23.2,48,--,--,--,--,13.9,10.3,13.9,79,--,--,--,--,--,--,--,--,--,--,--,--,--,--,--,--,--,--,--,--,--,--,--,--,--,--,--,--,--,--,--,--,--,--,--,--,--,--,--,--,--,--,--,--,--,--,--,--,--,--,--,--,--,--,--
2026/5/28 0:49,--,--,--,--,23.1,11.5,23.1,48,--,--,--,--,13.6,10.2,13.6,80,--,--,--,--,--,--,--,--,--,--,--,--,--,--,--,--,--,--,--,--,--,--,--,--,--,--,--,--,--,--,--,--,--,--,--,--,--,--,--,--,--,--,--,--,--,--,--,--,--,--,--,--,--,--,--
2026/5/28 1:04,--,--,--,--,23.0,11.4,23.0,48,--,--,--,--,13.4,10.2,13.4,81,--,--,--,--,--,--,--,--,--,--,--,--,--,--,--,--,--,--,--,--,--,--,--,--,--,--,--,--,--,--,--,--,--,--,--,--,--,--,--,--,--,--,--,--,--,--,--,--,--,--,--,--,--,--,--
2026/5/28 1:19,--,--,--,--,23.0,11.4,23.0,48,--,--,--,--,13.5,10.5,13.5,82,--,--,--,--,--,--,--,--,--,--,--,--,--,--,--,--,--,--,--,--,--,--,--,--,--,--,--,--,--,--,--,--,--,--,--,--,--,--,--,--,--,--,--,--,--,--,--,--,--,--,--,--,--,--,--
2026/5/28 1:34,--,--,--,--,23.1,11.5,23.1,48,--,--,--,--,13.5,10.3,13.5,81,--,--,--,--,--,--,--,--,--,--,--,--,--,--,--,--,--,--,--,--,--,--,--,--,--,--,--,--,--,--,--,--,--,--,--,--,--,--,--,--,--,--,--,--,--,--,--,--,--,--,--,--,--,--,--
2026/5/28 1:49,--,--,--,--,23.2,11.6,23.2,48,--,--,--,--,13.3,10.3,13.3,82,--,--,--,--,--,--,--,--,--,--,--,--,--,--,--,--,--,--,--,--,--,--,--,--,--,--,--,--,--,--,--,--,--,--,--,--,--,--,--,--,--,--,--,--,--,--,--,--,--,--,--,--,--,--,--
2026/5/28 2:04,--,--,--,--,23.1,11.5,23.1,48,--,--,--,--,13.2,10.2,13.2,82,--,--,--,--,--,--,--,--,--,--,--,--,--,--,--,--,--,--,--,--,--,--,--,--,--,--,--,--,--,--,--,--,--,--,--,--,--,--,--,--,--,--,--,--,--,--,--,--,--,--,--,--,--,--,--
2026/5/28 2:19,--,--,--,--,22.9,11.3,22.9,48,--,--,--,--,12.8,9.8,12.8,82,--,--,--,--,--,--,--,--,--,--,--,--,--,--,--,--,--,--,--,--,--,--,--,--,--,--,--,--,--,--,--,--,--,--,--,--,--,--,--,--,--,--,--,--,--,--,--,--,--,--,--,--,--,--,--
2026/5/28 2:34,--,--,--,--,22.8,11.3,22.8,48,--,--,--,--,12.6,9.8,12.6,83,--,--,--,--,--,--,--,--,--,--,--,--,--,--,--,--,--,--,--,--,--,--,--,--,--,--,--,--,--,--,--,--,--,--,--,--,--,--,--,--,--,--,--,--,--,--,--,--,--,--,--,--,--,--,--
2026/5/28 2:49,--,--,--,--,22.7,11.2,22.7,48,--,--,--,--,12.5,9.9,12.5,84,--,--,--,--,--,--,--,--,--,--,--,--,--,--,--,--,--,--,--,--,--,--,--,--,--,--,--,--,--,--,--,--,--,--,--,--,--,--,--,--,--,--,--,--,--,--,--,--,--,--,--,--,--,--,--
2026/5/28 3:04,--,--,--,--,22.7,11.2,22.7,48,--,--,--,--,12.4,9.8,12.4,84,--,--,--,--,--,--,--,--,--,--,--,--,--,--,--,--,--,--,--,--,--,--,--,--,--,--,--,--,--,--,--,--,--,--,--,--,--,--,--,--,--,--,--,--,--,--,--,--,--,--,--,--,--,--,--
2026/5/28 3:19,--,--,--,--,22.7,11.2,22.7,48,--,--,--,--,12.2,9.6,12.2,84,--,--,--,--,--,--,--,--,--,--,--,--,--,--,--,--,--,--,--,--,--,--,--,--,--,--,--,--,--,--,--,--,--,--,--,--,--,--,--,--,--,--,--,--,--,--,--,--,--,--,--,--,--,--,--
2026/5/28 3:34,--,--,--,--,22.6,11.1,22.6,48,--,--,--,--,12.0,9.6,12.0,85,--,--,--,--,--,--,--,--,--,--,--,--,--,--,--,--,--,--,--,--,--,--,--,--,--,--,--,--,--,--,--,--,--,--,--,--,--,--,--,--,--,--,--,--,--,--,--,--,--,--,--,--,--,--,--
2026/5/28 3:49,--,--,--,--,22.6,11.1,22.6,48,--,--,--,--,11.8,9.4,11.8,85,--,--,--,--,--,--,--,--,--,--,--,--,--,--,--,--,--,--,--,--,--,--,--,--,--,--,--,--,--,--,--,--,--,--,--,--,--,--,--,--,--,--,--,--,--,--,--,--,--,--,--,--,--,--,--
2026/5/28 4:04,--,--,--,--,22.5,11.0,22.5,48,--,--,--,--,11.6,9.2,11.6,85,--,--,--,--,--,--,--,--,--,--,--,--,--,--,--,--,--,--,--,--,--,--,--,--,--,--,--,--,--,--,--,--,--,--,--,--,--,--,--,--,--,--,--,--,--,--,--,--,--,--,--,--,--,--,--
2026/5/28 4:19,--,--,--,--,22.5,11.0,22.5,48,--,--,--,--,11.5,9.3,11.5,86,--,--,--,--,--,--,--,--,--,--,--,--,--,--,--,--,--,--,--,--,--,--,--,--,--,--,--,--,--,--,--,--,--,--,--,--,--,--,--,--,--,--,--,--,--,--,--,--,--,--,--,--,--,--,--
2026/5/28 4:34,--,--,--,--,22.4,10.9,22.4,48,--,--,--,--,11.5,9.3,11.5,86,--,--,--,--,--,--,--,--,--,--,--,--,--,--,--,--,--,--,--,--,--,--,--,--,--,--,--,--,--,--,--,--,--,--,--,--,--,--,--,--,--,--,--,--,--,--,--,--,--,--,--,--,--,--,--
2026/5/28 4:49,--,--,--,--,22.3,10.4,22.3,47,--,--,--,--,11.2,9.0,11.2,86,--,--,--,--,--,--,--,--,--,--,--,--,--,--,--,--,--,--,--,--,--,--,--,--,--,--,--,--,--,--,--,--,--,--,--,--,--,--,--,--,--,--,--,--,--,--,--,--,--,--,--,--,--,--,--
2026/5/28 5:04,--,--,--,--,22.3,10.4,22.3,47,--,--,--,--,11.1,9.0,11.1,87,--,--,--,--,--,--,--,--,--,--,--,--,--,--,--,--,--,--,--,--,--,--,--,--,--,--,--,--,--,--,--,--,--,--,--,--,--,--,--,--,--,--,--,--,--,--,--,--,--,--,--,--,--,--,--
2026/5/28 5:19,--,--,--,--,22.1,10.3,22.1,47,--,--,--,--,11.1,9.0,11.1,87,--,--,--,--,--,--,--,--,--,--,--,--,--,--,--,--,--,--,--,--,--,--,--,--,--,--,--,--,--,--,--,--,--,--,--,--,--,--,--,--,--,--,--,--,--,--,--,--,--,--,--,--,--,--,--
2026/5/28 5:34,--,--,--,--,21.0,9.6,21.0,48,--,--,--,--,11.1,9.0,11.1,87,--,--,--,--,--,--,--,--,--,--,--,--,--,--,--,--,--,--,--,--,--,--,--,--,--,--,--,--,--,--,--,--,--,--,--,--,--,--,--,--,--,--,--,--,--,--,--,--,--,--,--,--,--,--,--
2026/5/28 5:49,--,--,--,--,20.2,9.5,20.2,50,--,--,--,--,11.1,9.0,11.1,87,--,--,--,--,--,--,--,--,--,--,--,--,--,--,--,--,--,--,--,--,--,--,--,--,--,--,--,--,--,--,--,--,--,--,--,--,--,--,--,--,--,--,--,--,--,--,--,--,--,--,--,--,--,--,--
2026/5/28 6:04,--,--,--,--,19.7,9.3,19.7,51,--,--,--,--,11.4,9.4,11.4,88,--,--,--,--,--,--,--,--,--,--,--,--,--,--,--,--,--,--,--,--,--,--,--,--,--,--,--,--,--,--,--,--,--,--,--,--,--,--,--,--,--,--,--,--,--,--,--,--,--,--,--,--,--,--,--
2026/5/28 6:19,--,--,--,--,19.3,9.5,19.3,53,--,--,--,--,11.9,9.9,11.9,88,--,--,--,--,--,--,--,--,--,--,--,--,--,--,--,--,--,--,--,--,--,--,--,--,--,--,--,--,--,--,--,--,--,--,--,--,--,--,--,--,--,--,--,--,--,--,--,--,--,--,--,--,--,--,--
2026/5/28 6:34,--,--,--,--,19.2,9.7,19.2,54,--,--,--,--,12.4,10.4,12.4,88,--,--,--,--,--,--,--,--,--,--,--,--,--,--,--,--,--,--,--,--,--,--,--,--,--,--,--,--,--,--,--,--,--,--,--,--,--,--,--,--,--,--,--,--,--,--,--,--,--,--,--,--,--,--,--
2026/5/28 6:49,--,--,--,--,19.8,10.2,19.8,54,--,--,--,--,13.7,11.2,13.7,85,--,--,--,--,--,--,--,--,--,--,--,--,--,--,--,--,--,--,--,--,--,--,--,--,--,--,--,--,--,--,--,--,--,--,--,--,--,--,--,--,--,--,--,--,--,--,--,--,--,--,--,--,--,--,--
2026/5/28 7:04,--,--,--,--,20.4,10.5,20.4,53,--,--,--,--,14.7,11.5,14.7,81,--,--,--,--,--,--,--,--,--,--,--,--,--,--,--,--,--,--,--,--,--,--,--,--,--,--,--,--,--,--,--,--,--,--,--,--,--,--,--,--,--,--,--,--,--,--,--,--,--,--,--,--,--,--,--
2026/5/28 7:19,--,--,--,--,20.9,10.7,20.9,52,--,--,--,--,15.5,11.5,15.5,77,--,--,--,--,--,--,--,--,--,--,--,--,--,--,--,--,--,--,--,--,--,--,--,--,--,--,--,--,--,--,--,--,--,--,--,--,--,--,--,--,--,--,--,--,--,--,--,--,--,--,--,--,--,--,--
2026/5/28 7:34,--,--,--,--,21.2,11.0,21.2,52,--,--,--,--,16.3,11.7,16.3,74,--,--,--,--,--,--,--,--,--,--,--,--,--,--,--,--,--,--,--,--,--,--,--,--,--,--,--,--,--,--,--,--,--,--,--,--,--,--,--,--,--,--,--,--,--,--,--,--,--,--,--,--,--,--,--
2026/5/28 7:49,--,--,--,--,21.4,11.2,21.4,52,--,--,--,--,17.4,11.9,17.4,70,--,--,--,--,--,--,--,--,--,--,--,--,--,--,--,--,--,--,--,--,--,--,--,--,--,--,--,--,--,--,--,--,--,--,--,--,--,--,--,--,--,--,--,--,--,--,--,--,--,--,--,--,--,--,--
2026/5/28 8:04,--,--,--,--,21.6,11.3,21.6,52,--,--,--,--,18.7,12.4,18.7,67,--,--,--,--,--,--,--,--,--,--,--,--,--,--,--,--,--,--,--,--,--,--,--,--,--,--,--,--,--,--,--,--,--,--,--,--,--,--,--,--,--,--,--,--,--,--,--,--,--,--,--,--,--,--,--
2026/5/28 8:19,--,--,--,--,21.8,11.2,21.8,51,--,--,--,--,19.7,12.7,19.7,64,--,--,--,--,--,--,--,--,--,--,--,--,--,--,--,--,--,--,--,--,--,--,--,--,--,--,--,--,--,--,--,--,--,--,--,--,--,--,--,--,--,--,--,--,--,--,--,--,--,--,--,--,--,--,--
2026/5/28 8:34,--,--,--,--,21.9,11.3,21.9,51,--,--,--,--,19.9,12.4,19.9,62,--,--,--,--,--,--,--,--,--,--,--,--,--,--,--,--,--,--,--,--,--,--,--,--,--,--,--,--,--,--,--,--,--,--,--,--,--,--,--,--,--,--,--,--,--,--,--,--,--,--,--,--,--,--,--
2026/5/28 8:49,--,--,--,--,22.0,11.4,22.0,51,--,--,--,--,19.7,12.5,19.7,63,--,--,--,--,--,--,--,--,--,--,--,--,--,--,--,--,--,--,--,--,--,--,--,--,--,--,--,--,--,--,--,--,--,--,--,--,--,--,--,--,--,--,--,--,--,--,--,--,--,--,--,--,--,--,--
2026/5/28 9:04,--,--,--,--,22.2,11.6,22.2,51,--,--,--,--,20.3,12.8,20.3,62,--,--,--,--,--,--,--,--,--,--,--,--,--,--,--,--,--,--,--,--,--,--,--,--,--,--,--,--,--,--,--,--,--,--,--,--,--,--,--,--,--,--,--,--,--,--,--,--,--,--,--,--,--,--,--
2026/5/28 9:19,--,--,--,--,22.2,11.6,22.2,51,--,--,--,--,21.2,13.6,21.2,62,--,--,--,--,--,--,--,--,--,--,--,--,--,--,--,--,--,--,--,--,--,--,--,--,--,--,--,--,--,--,--,--,--,--,--,--,--,--,--,--,--,--,--,--,--,--,--,--,--,--,--,--,--,--,--
2026/5/28 9:34,--,--,--,--,22.3,11.7,22.3,51,--,--,--,--,22.3,13.6,22.3,58,--,--,--,--,--,--,--,--,--,--,--,--,--,--,--,--,--,--,--,--,--,--,--,--,--,--,--,--,--,--,--,--,--,--,--,--,--,--,--,--,--,--,--,--,--,--,--,--,--,--,--,--,--,--,--
2026/5/28 9:49,--,--,--,--,22.4,11.8,22.4,51,--,--,--,--,23.9,14.3,23.9,55,--,--,--,--,--,--,--,--,--,--,--,--,--,--,--,--,--,--,--,--,--,--,--,--,--,--,--,--,--,--,--,--,--,--,--,--,--,--,--,--,--,--,--,--,--,--,--,--,--,--,--,--,--,--,--
2026/5/28 10:04,--,--,--,--,22.5,11.9,22.5,51,--,--,--,--,26.9,15.9,27.3,51,--,--,--,--,--,--,--,--,--,--,--,--,--,--,--,--,--,--,--,--,--,--,--,--,--,--,--,--,--,--,--,--,--,--,--,--,--,--,--,--,--,--,--,--,--,--,--,--,--,--,--,--,--,--,--
2026/5/28 10:19,--,--,--,--,22.5,11.9,22.5,51,--,--,--,--,30.7,16.4,30.8,42,--,--,--,--,--,--,--,--,--,--,--,--,--,--,--,--,--,--,--,--,--,--,--,--,--,--,--,--,--,--,--,--,--,--,--,--,--,--,--,--,--,--,--,--,--,--,--,--,--,--,--,--,--,--,--
2026/5/28 10:34,--,--,--,--,22.5,11.9,22.5,51,--,--,--,--,32.7,17.8,33.6,41,--,--,--,--,--,--,--,--,--,--,--,--,--,--,--,--,--,--,--,--,--,--,--,--,--,--,--,--,--,--,--,--,--,--,--,--,--,--,--,--,--,--,--,--,--,--,--,--,--,--,--,--,--,--,--
2026/5/28 10:49,--,--,--,--,22.6,12.0,22.6,51,--,--,--,--,32.9,16.3,33.0,37,--,--,--,--,--,--,--,--,--,--,--,--,--,--,--,--,--,--,--,--,--,--,--,--,--,--,--,--,--,--,--,--,--,--,--,--,--,--,--,--,--,--,--,--,--,--,--,--,--,--,--,--,--,--,--
2026/5/28 11:04,--,--,--,--,22.6,12.0,22.6,51,--,--,--,--,34.1,16.5,34.4,35,--,--,--,--,--,--,--,--,--,--,--,--,--,--,--,--,--,--,--,--,--,--,--,--,--,--,--,--,--,--,--,--,--,--,--,--,--,--,--,--,--,--,--,--,--,--,--,--,--,--,--,--,--,--,--
2026/5/28 11:19,--,--,--,--,22.6,12.0,22.6,51,--,--,--,--,35.3,16.6,35.3,33,--,--,--,--,--,--,--,--,--,--,--,--,--,--,--,--,--,--,--,--,--,--,--,--,--,--,--,--,--,--,--,--,--,--,--,--,--,--,--,--,--,--,--,--,--,--,--,--,--,--,--,--,--,--,--
2026/5/28 11:34,--,--,--,--,22.7,12.1,22.7,51,--,--,--,--,36.2,15.4,36.2,29,--,--,--,--,--,--,--,--,--,--,--,--,--,--,--,--,--,--,--,--,--,--,--,--,--,--,--,--,--,--,--,--,--,--,--,--,--,--,--,--,--,--,--,--,--,--,--,--,--,--,--,--,--,--,--
2026/5/28 11:49,--,--,--,--,22.7,12.1,22.7,51,--,--,--,--,35.7,16.0,35.7,31,--,--,--,--,--,--,--,--,--,--,--,--,--,--,--,--,--,--,--,--,--,--,--,--,--,--,--,--,--,--,--,--,--,--,--,--,--,--,--,--,--,--,--,--,--,--,--,--,--,--,--,--,--,--,--
2026/5/28 12:04,--,--,--,--,22.7,12.1,22.7,51,--,--,--,--,35.1,16.5,35.1,33,--,--,--,--,--,--,--,--,--,--,--,--,--,--,--,--,--,--,--,--,--,--,--,--,--,--,--,--,--,--,--,--,--,--,--,--,--,--,--,--,--,--,--,--,--,--,--,--,--,--,--,--,--,--,--
2026/5/28 12:19,--,--,--,--,22.8,12.2,22.8,51,--,--,--,--,35.8,15.6,35.8,30,--,--,--,--,--,--,--,--,--,--,--,--,--,--,--,--,--,--,--,--,--,--,--,--,--,--,--,--,--,--,--,--,--,--,--,--,--,--,--,--,--,--,--,--,--,--,--,--,--,--,--,--,--,--,--
2026/5/28 12:34,--,--,--,--,22.8,12.2,22.8,51,--,--,--,--,35.7,13.9,35.7,27,--,--,--,--,--,--,--,--,--,--,--,--,--,--,--,--,--,--,--,--,--,--,--,--,--,--,--,--,--,--,--,--,--,--,--,--,--,--,--,--,--,--,--,--,--,--,--,--,--,--,--,--,--,--,--
2026/5/28 12:49,--,--,--,--,22.9,12.3,22.9,51,--,--,--,--,35.8,15.6,35.8,30,--,--,--,--,--,--,--,--,--,--,--,--,--,--,--,--,--,--,--,--,--,--,--,--,--,--,--,--,--,--,--,--,--,--,--,--,--,--,--,--,--,--,--,--,--,--,--,--,--,--,--,--,--,--,--
2026/5/28 13:04,--,--,--,--,22.9,12.5,22.9,52,--,--,--,--,37.1,13.2,37.1,24,--,--,--,--,--,--,--,--,--,--,--,--,--,--,--,--,--,--,--,--,--,--,--,--,--,--,--,--,--,--,--,--,--,--,--,--,--,--,--,--,--,--,--,--,--,--,--,--,--,--,--,--,--,--,--
2026/5/28 13:19,--,--,--,--,22.9,12.3,22.9,51,--,--,--,--,37.5,13.6,37.5,24,--,--,--,--,--,--,--,--,--,--,--,--,--,--,--,--,--,--,--,--,--,--,--,--,--,--,--,--,--,--,--,--,--,--,--,--,--,--,--,--,--,--,--,--,--,--,--,--,--,--,--,--,--,--,--
2026/5/28 13:34,--,--,--,--,23.0,12.6,23.0,52,--,--,--,--,38.6,15.7,38.6,26,--,--,--,--,--,--,--,--,--,--,--,--,--,--,--,--,--,--,--,--,--,--,--,--,--,--,--,--,--,--,--,--,--,--,--,--,--,--,--,--,--,--,--,--,--,--,--,--,--,--,--,--,--,--,--
2026/5/28 13:49,--,--,--,--,23.0,12.6,23.0,52,--,--,--,--,40.4,15.3,40.4,23,--,--,--,--,--,--,--,--,--,--,--,--,--,--,--,--,--,--,--,--,--,--,--,--,--,--,--,--,--,--,--,--,--,--,--,--,--,--,--,--,--,--,--,--,--,--,--,--,--,--,--,--,--,--,--
2026/5/28 14:04,--,--,--,--,23.0,12.4,23.0,51,--,--,--,--,39.4,14.5,39.4,23,--,--,--,--,--,--,--,--,--,--,--,--,--,--,--,--,--,--,--,--,--,--,--,--,--,--,--,--,--,--,--,--,--,--,--,--,--,--,--,--,--,--,--,--,--,--,--,--,--,--,--,--,--,--,--
2026/5/28 14:19,--,--,--,--,23.0,12.4,23.0,51,--,--,--,--,40.7,14.9,40.7,22,--,--,--,--,--,--,--,--,--,--,--,--,--,--,--,--,--,--,--,--,--,--,--,--,--,--,--,--,--,--,--,--,--,--,--,--,--,--,--,--,--,--,--,--,--,--,--,--,--,--,--,--,--,--,--
2026/5/28 14:34,--,--,--,--,23.1,12.4,23.1,51,--,--,--,--,41.7,17.1,41.7,24,--,--,--,--,--,--,--,--,--,--,--,--,--,--,--,--,--,--,--,--,--,--,--,--,--,--,--,--,--,--,--,--,--,--,--,--,--,--,--,--,--,--,--,--,--,--,--,--,--,--,--,--,--,--,--
2026/5/28 14:49,--,--,--,--,23.2,12.2,23.2,50,--,--,--,--,41.2,13.8,41.2,20,--,--,--,--,--,--,--,--,--,--,--,--,--,--,--,--,--,--,--,--,--,--,--,--,--,--,--,--,--,--,--,--,--,--,--,--,--,--,--,--,--,--,--,--,--,--,--,--,--,--,--,--,--,--,--
2026/5/28 15:04,--,--,--,--,23.2,11.6,23.2,48,--,--,--,--,41.5,14.8,41.5,21,--,--,--,--,--,--,--,--,--,--,--,--,--,--,--,--,--,--,--,--,--,--,--,--,--,--,--,--,--,--,--,--,--,--,--,--,--,--,--,--,--,--,--,--,--,--,--,--,--,--,--,--,--,--,--
2026/5/28 15:19,--,--,--,--,23.2,11.0,23.2,46,--,--,--,--,42.4,14.8,42.4,20,--,--,--,--,--,--,--,--,--,--,--,--,--,--,--,--,--,--,--,--,--,--,--,--,--,--,--,--,--,--,--,--,--,--,--,--,--,--,--,--,--,--,--,--,--,--,--,--,--,--,--,--,--,--,--
2026/5/28 15:34,--,--,--,--,23.1,10.6,23.1,45,--,--,--,--,42.1,13.8,42.1,19,--,--,--,--,--,--,--,--,--,--,--,--,--,--,--,--,--,--,--,--,--,--,--,--,--,--,--,--,--,--,--,--,--,--,--,--,--,--,--,--,--,--,--,--,--,--,--,--,--,--,--,--,--,--,--
2026/5/28 15:49,--,--,--,--,23.1,10.6,23.1,45,--,--,--,--,41.3,13.9,41.3,20,--,--,--,--,--,--,--,--,--,--,--,--,--,--,--,--,--,--,--,--,--,--,--,--,--,--,--,--,--,--,--,--,--,--,--,--,--,--,--,--,--,--,--,--,--,--,--,--,--,--,--,--,--,--,--
2026/5/28 16:04,--,--,--,--,23.1,10.9,23.1,46,--,--,--,--,41.2,14.6,41.2,21,--,--,--,--,--,--,--,--,--,--,--,--,--,--,--,--,--,--,--,--,--,--,--,--,--,--,--,--,--,--,--,--,--,--,--,--,--,--,--,--,--,--,--,--,--,--,--,--,--,--,--,--,--,--,--
2026/5/28 16:19,--,--,--,--,23.2,11.3,23.2,47,--,--,--,--,41.8,14.3,41.8,20,--,--,--,--,--,--,--,--,--,--,--,--,--,--,--,--,--,--,--,--,--,--,--,--,--,--,--,--,--,--,--,--,--,--,--,--,--,--,--,--,--,--,--,--,--,--,--,--,--,--,--,--,--,--,--
2026/5/28 16:34,--,--,--,--,23.2,11.3,23.2,47,--,--,--,--,39.8,14.1,39.8,22,--,--,--,--,--,--,--,--,--,--,--,--,--,--,--,--,--,--,--,--,--,--,--,--,--,--,--,--,--,--,--,--,--,--,--,--,--,--,--,--,--,--,--,--,--,--,--,--,--,--,--,--,--,--,--
2026/5/28 16:49,--,--,--,--,23.2,11.3,23.2,47,--,--,--,--,40.5,14.0,40.5,21,--,--,--,--,--,--,--,--,--,--,--,--,--,--,--,--,--,--,--,--,--,--,--,--,--,--,--,--,--,--,--,--,--,--,--,--,--,--,--,--,--,--,--,--,--,--,--,--,--,--,--,--,--,--,--
2026/5/28 17:04,--,--,--,--,23.3,11.4,23.3,47,--,--,--,--,38.2,13.5,38.2,23,--,--,--,--,--,--,--,--,--,--,--,--,--,--,--,--,--,--,--,--,--,--,--,--,--,--,--,--,--,--,--,--,--,--,--,--,--,--,--,--,--,--,--,--,--,--,--,--,--,--,--,--,--,--,--
2026/5/28 17:19,--,--,--,--,23.3,10.4,23.3,44,--,--,--,--,36.3,11.9,36.3,23,--,--,--,--,--,--,--,--,--,--,--,--,--,--,--,--,--,--,--,--,--,--,--,--,--,--,--,--,--,--,--,--,--,--,--,--,--,--,--,--,--,--,--,--,--,--,--,--,--,--,--,--,--,--,--
2026/5/28 17:34,--,--,--,--,23.3,10.7,23.3,45,--,--,--,--,35.1,11.6,35.1,24,--,--,--,--,--,--,--,--,--,--,--,--,--,--,--,--,--,--,--,--,--,--,--,--,--,--,--,--,--,--,--,--,--,--,--,--,--,--,--,--,--,--,--,--,--,--,--,--,--,--,--,--,--,--,--
2026/5/28 17:49,--,--,--,--,23.3,11.1,23.3,46,--,--,--,--,35.1,12.2,35.1,25,--,--,--,--,--,--,--,--,--,--,--,--,--,--,--,--,--,--,--,--,--,--,--,--,--,--,--,--,--,--,--,--,--,--,--,--,--,--,--,--,--,--,--,--,--,--,--,--,--,--,--,--,--,--,--
2026/5/28 18:04,--,--,--,--,23.4,11.1,23.4,46,--,--,--,--,34.4,12.8,34.4,27,--,--,--,--,--,--,--,--,--,--,--,--,--,--,--,--,--,--,--,--,--,--,--,--,--,--,--,--,--,--,--,--,--,--,--,--,--,--,--,--,--,--,--,--,--,--,--,--,--,--,--,--,--,--,--
2026/5/28 18:19,--,--,--,--,23.4,11.1,23.4,46,--,--,--,--,34.5,12.8,34.5,27,--,--,--,--,--,--,--,--,--,--,--,--,--,--,--,--,--,--,--,--,--,--,--,--,--,--,--,--,--,--,--,--,--,--,--,--,--,--,--,--,--,--,--,--,--,--,--,--,--,--,--,--,--,--,--
2026/5/28 18:34,--,--,--,--,23.5,11.5,23.5,47,--,--,--,--,32.3,11.5,32.3,28,--,--,--,--,--,--,--,--,--,--,--,--,--,--,--,--,--,--,--,--,--,--,--,--,--,--,--,--,--,--,--,--,--,--,--,--,--,--,--,--,--,--,--,--,--,--,--,--,--,--,--,--,--,--,--
2026/5/28 18:49,--,--,--,--,23.5,11.5,23.5,47,--,--,--,--,30.6,12.1,30.6,32,--,--,--,--,--,--,--,--,--,--,--,--,--,--,--,--,--,--,--,--,--,--,--,--,--,--,--,--,--,--,--,--,--,--,--,--,--,--,--,--,--,--,--,--,--,--,--,--,--,--,--,--,--,--,--
2026/5/28 19:04,--,--,--,--,23.5,11.9,23.5,48,--,--,--,--,28.7,11.3,28.7,34,--,--,--,--,--,--,--,--,--,--,--,--,--,--,--,--,--,--,--,--,--,--,--,--,--,--,--,--,--,--,--,--,--,--,--,--,--,--,--,--,--,--,--,--,--,--,--,--,--,--,--,--,--,--,--
2026/5/28 19:19,--,--,--,--,23.5,11.9,23.5,48,--,--,--,--,27.5,11.1,27.0,36,--,--,--,--,--,--,--,--,--,--,--,--,--,--,--,--,--,--,--,--,--,--,--,--,--,--,--,--,--,--,--,--,--,--,--,--,--,--,--,--,--,--,--,--,--,--,--,--,--,--,--,--,--,--,--
2026/5/28 19:34,--,--,--,--,23.5,11.9,23.5,48,--,--,--,--,26.6,11.5,26.6,39,--,--,--,--,--,--,--,--,--,--,--,--,--,--,--,--,--,--,--,--,--,--,--,--,--,--,--,--,--,--,--,--,--,--,--,--,--,--,--,--,--,--,--,--,--,--,--,--,--,--,--,--,--,--,--
2026/5/28 19:49,--,--,--,--,23.5,11.9,23.5,48,--,--,--,--,25.8,10.4,25.8,38,--,--,--,--,--,--,--,--,--,--,--,--,--,--,--,--,--,--,--,--,--,--,--,--,--,--,--,--,--,--,--,--,--,--,--,--,--,--,--,--,--,--,--,--,--,--,--,--,--,--,--,--,--,--,--
2026/5/28 20:04,--,--,--,--,23.5,11.9,23.5,48,--,--,--,--,25.1,11.7,25.1,43,--,--,--,--,--,--,--,--,--,--,--,--,--,--,--,--,--,--,--,--,--,--,--,--,--,--,--,--,--,--,--,--,--,--,--,--,--,--,--,--,--,--,--,--,--,--,--,--,--,--,--,--,--,--,--
2026/5/28 20:19,--,--,--,--,23.5,11.9,23.5,48,--,--,--,--,24.1,12.4,24.1,48,--,--,--,--,--,--,--,--,--,--,--,--,--,--,--,--,--,--,--,--,--,--,--,--,--,--,--,--,--,--,--,--,--,--,--,--,--,--,--,--,--,--,--,--,--,--,--,--,--,--,--,--,--,--,--
2026/5/28 20:34,--,--,--,--,23.5,11.9,23.5,48,--,--,--,--,23.1,12.1,23.1,50,--,--,--,--,--,--,--,--,--,--,--,--,--,--,--,--,--,--,--,--,--,--,--,--,--,--,--,--,--,--,--,--,--,--,--,--,--,--,--,--,--,--,--,--,--,--,--,--,--,--,--,--,--,--,--
2026/5/28 20:49,--,--,--,--,23.5,12.2,23.5,49,--,--,--,--,22.1,13.2,22.1,57,--,--,--,--,--,--,--,--,--,--,--,--,--,--,--,--,--,--,--,--,--,--,--,--,--,--,--,--,--,--,--,--,--,--,--,--,--,--,--,--,--,--,--,--,--,--,--,--,--,--,--,--,--,--,--
2026/5/28 21:04,--,--,--,--,23.5,12.2,23.5,49,--,--,--,--,20.9,13.1,20.9,61,--,--,--,--,--,--,--,--,--,--,--,--,--,--,--,--,--,--,--,--,--,--,--,--,--,--,--,--,--,--,--,--,--,--,--,--,--,--,--,--,--,--,--,--,--,--,--,--,--,--,--,--,--,--,--
2026/5/28 21:19,--,--,--,--,23.5,12.2,23.5,49,--,--,--,--,19.8,12.6,19.8,63,--,--,--,--,--,--,--,--,--,--,--,--,--,--,--,--,--,--,--,--,--,--,--,--,--,--,--,--,--,--,--,--,--,--,--,--,--,--,--,--,--,--,--,--,--,--,--,--,--,--,--,--,--,--,--
2026/5/28 21:34,--,--,--,--,23.5,12.2,23.5,49,--,--,--,--,18.7,11.8,18.7,64,--,--,--,--,--,--,--,--,--,--,--,--,--,--,--,--,--,--,--,--,--,--,--,--,--,--,--,--,--,--,--,--,--,--,--,--,--,--,--,--,--,--,--,--,--,--,--,--,--,--,--,--,--,--,--
2026/5/28 21:49,--,--,--,--,23.4,12.1,23.4,49,--,--,--,--,17.8,10.2,17.8,61,--,--,--,--,--,--,--,--,--,--,--,--,--,--,--,--,--,--,--,--,--,--,--,--,--,--,--,--,--,--,--,--,--,--,--,--,--,--,--,--,--,--,--,--,--,--,--,--,--,--,--,--,--,--,--
2026/5/28 22:04,--,--,--,--,23.4,12.1,23.4,49,--,--,--,--,17.2,10.1,17.2,63,--,--,--,--,--,--,--,--,--,--,--,--,--,--,--,--,--,--,--,--,--,--,--,--,--,--,--,--,--,--,--,--,--,--,--,--,--,--,--,--,--,--,--,--,--,--,--,--,--,--,--,--,--,--,--
2026/5/28 22:19,--,--,--,--,23.4,12.1,23.4,49,--,--,--,--,16.6,10.4,16.6,67,--,--,--,--,--,--,--,--,--,--,--,--,--,--,--,--,--,--,--,--,--,--,--,--,--,--,--,--,--,--,--,--,--,--,--,--,--,--,--,--,--,--,--,--,--,--,--,--,--,--,--,--,--,--,--
2026/5/28 22:34,--,--,--,--,23.4,12.1,23.4,49,--,--,--,--,16.2,10.3,16.2,68,--,--,--,--,--,--,--,--,--,--,--,--,--,--,--,--,--,--,--,--,--,--,--,--,--,--,--,--,--,--,--,--,--,--,--,--,--,--,--,--,--,--,--,--,--,--,--,--,--,--,--,--,--,--,--
2026/5/28 22:49,--,--,--,--,23.4,12.1,23.4,49,--,--,--,--,15.9,9.6,15.9,66,--,--,--,--,--,--,--,--,--,--,--,--,--,--,--,--,--,--,--,--,--,--,--,--,--,--,--,--,--,--,--,--,--,--,--,--,--,--,--,--,--,--,--,--,--,--,--,--,--,--,--,--,--,--,--
2026/5/28 23:04,--,--,--,--,23.3,11.7,23.3,48,--,--,--,--,15.8,9.7,15.8,67,--,--,--,--,--,--,--,--,--,--,--,--,--,--,--,--,--,--,--,--,--,--,--,--,--,--,--,--,--,--,--,--,--,--,--,--,--,--,--,--,--,--,--,--,--,--,--,--,--,--,--,--,--,--,--
2026/5/28 23:19,--,--,--,--,23.4,11.8,23.4,48,--,--,--,--,15.5,9.0,15.5,65,--,--,--,--,--,--,--,--,--,--,--,--,--,--,--,--,--,--,--,--,--,--,--,--,--,--,--,--,--,--,--,--,--,--,--,--,--,--,--,--,--,--,--,--,--,--,--,--,--,--,--,--,--,--,--
2026/5/28 23:34,--,--,--,--,23.3,11.7,23.3,48,--,--,--,--,15.3,8.8,15.3,65,--,--,--,--,--,--,--,--,--,--,--,--,--,--,--,--,--,--,--,--,--,--,--,--,--,--,--,--,--,--,--,--,--,--,--,--,--,--,--,--,--,--,--,--,--,--,--,--,--,--,--,--,--,--,--
2026/5/28 23:49,--,--,--,--,23.3,11.7,23.3,48,--,--,--,--,15.3,8.5,15.3,64,--,--,--,--,--,--,--,--,--,--,--,--,--,--,--,--,--,--,--,--,--,--,--,--,--,--,--,--,--,--,--,--,--,--,--,--,--,--,--,--,--,--,--,--,--,--,--,--,--,--,--,--,--,--,--
2026/5/29 0:00,--,--,--,--,23.3,11.7,23.3,48,--,--,--,--,15.0,8.5,15.0,65,--,--,--,--,--,--,--,--,--,--,--,--,--,--,--,--,--,--,--,--,--,--,--,--,--,--,--,--,--,--,--,--,--,--,--,--,--,--,--,--,--,--,--,--,--,--,--,--,--,--,--,--,--,--,--
2026/5/29 0:04,--,--,--,--,23.3,11.7,23.3,48,--,--,--,--,15.0,8.5,15.0,65,--,--,--,--,--,--,--,--,--,--,--,--,--,--,--,--,--,--,--,--,--,--,--,--,--,--,--,--,--,--,--,--,--,--,--,--,--,--,--,--,--,--,--,--,--,--,--,--,--,--,--,--,--,--,--
2026/5/29 0:19,--,--,--,--,23.2,11.6,23.2,48,--,--,--,--,14.7,9.1,14.7,69,--,--,--,--,--,--,--,--,--,--,--,--,--,--,--,--,--,--,--,--,--,--,--,--,--,--,--,--,--,--,--,--,--,--,--,--,--,--,--,--,--,--,--,--,--,--,--,--,--,--,--,--,--,--,--
2026/5/29 0:34,--,--,--,--,23.3,11.7,23.3,48,--,--,--,--,14.5,9.1,14.5,70,--,--,--,--,--,--,--,--,--,--,--,--,--,--,--,--,--,--,--,--,--,--,--,--,--,--,--,--,--,--,--,--,--,--,--,--,--,--,--,--,--,--,--,--,--,--,--,--,--,--,--,--,--,--,--
2026/5/29 0:49,--,--,--,--,23.3,11.7,23.3,48,--,--,--,--,14.2,9.2,14.2,72,--,--,--,--,--,--,--,--,--,--,--,--,--,--,--,--,--,--,--,--,--,--,--,--,--,--,--,--,--,--,--,--,--,--,--,--,--,--,--,--,--,--,--,--,--,--,--,--,--,--,--,--,--,--,--
2026/5/29 1:04,--,--,--,--,23.2,11.6,23.2,48,--,--,--,--,13.9,9.2,13.9,73,--,--,--,--,--,--,--,--,--,--,--,--,--,--,--,--,--,--,--,--,--,--,--,--,--,--,--,--,--,--,--,--,--,--,--,--,--,--,--,--,--,--,--,--,--,--,--,--,--,--,--,--,--,--,--
2026/5/29 1:19,--,--,--,--,23.2,11.6,23.2,48,--,--,--,--,13.4,9.2,13.4,76,--,--,--,--,--,--,--,--,--,--,--,--,--,--,--,--,--,--,--,--,--,--,--,--,--,--,--,--,--,--,--,--,--,--,--,--,--,--,--,--,--,--,--,--,--,--,--,--,--,--,--,--,--,--,--
2026/5/29 1:34,--,--,--,--,23.2,11.6,23.2,48,--,--,--,--,13.3,9.3,13.3,77,--,--,--,--,--,--,--,--,--,--,--,--,--,--,--,--,--,--,--,--,--,--,--,--,--,--,--,--,--,--,--,--,--,--,--,--,--,--,--,--,--,--,--,--,--,--,--,--,--,--,--,--,--,--,--
2026/5/29 1:49,--,--,--,--,23.2,11.6,23.2,48,--,--,--,--,14.2,10.2,14.2,77,--,--,--,--,--,--,--,--,--,--,--,--,--,--,--,--,--,--,--,--,--,--,--,--,--,--,--,--,--,--,--,--,--,--,--,--,--,--,--,--,--,--,--,--,--,--,--,--,--,--,--,--,--,--,--
2026/5/29 2:04,--,--,--,--,23.2,11.6,23.2,48,--,--,--,--,14.6,10.2,14.6,75,--,--,--,--,--,--,--,--,--,--,--,--,--,--,--,--,--,--,--,--,--,--,--,--,--,--,--,--,--,--,--,--,--,--,--,--,--,--,--,--,--,--,--,--,--,--,--,--,--,--,--,--,--,--,--
2026/5/29 2:19,--,--,--,--,23.2,11.6,23.2,48,--,--,--,--,14.7,9.9,14.7,73,--,--,--,--,--,--,--,--,--,--,--,--,--,--,--,--,--,--,--,--,--,--,--,--,--,--,--,--,--,--,--,--,--,--,--,--,--,--,--,--,--,--,--,--,--,--,--,--,--,--,--,--,--,--,--
2026/5/29 2:34,--,--,--,--,23.1,11.5,23.1,48,--,--,--,--,14.7,9.7,14.7,72,--,--,--,--,--,--,--,--,--,--,--,--,--,--,--,--,--,--,--,--,--,--,--,--,--,--,--,--,--,--,--,--,--,--,--,--,--,--,--,--,--,--,--,--,--,--,--,--,--,--,--,--,--,--,--
2026/5/29 2:49,--,--,--,--,23.1,11.5,23.1,48,--,--,--,--,13.9,9.5,13.9,75,--,--,--,--,--,--,--,--,--,--,--,--,--,--,--,--,--,--,--,--,--,--,--,--,--,--,--,--,--,--,--,--,--,--,--,--,--,--,--,--,--,--,--,--,--,--,--,--,--,--,--,--,--,--,--
2026/5/29 3:04,--,--,--,--,23.1,11.8,23.1,49,--,--,--,--,13.3,9.3,13.3,77,--,--,--,--,--,--,--,--,--,--,--,--,--,--,--,--,--,--,--,--,--,--,--,--,--,--,--,--,--,--,--,--,--,--,--,--,--,--,--,--,--,--,--,--,--,--,--,--,--,--,--,--,--,--,--
2026/5/29 3:19,--,--,--,--,23.1,11.8,23.1,49,--,--,--,--,12.7,9.2,12.7,79,--,--,--,--,--,--,--,--,--,--,--,--,--,--,--,--,--,--,--,--,--,--,--,--,--,--,--,--,--,--,--,--,--,--,--,--,--,--,--,--,--,--,--,--,--,--,--,--,--,--,--,--,--,--,--
2026/5/29 3:34,--,--,--,--,23.1,11.8,23.1,49,--,--,--,--,12.4,9.0,12.4,80,--,--,--,--,--,--,--,--,--,--,--,--,--,--,--,--,--,--,--,--,--,--,--,--,--,--,--,--,--,--,--,--,--,--,--,--,--,--,--,--,--,--,--,--,--,--,--,--,--,--,--,--,--,--,--
2026/5/29 3:49,--,--,--,--,23.1,11.5,23.1,48,--,--,--,--,12.4,9.4,12.4,82,--,--,--,--,--,--,--,--,--,--,--,--,--,--,--,--,--,--,--,--,--,--,--,--,--,--,--,--,--,--,--,--,--,--,--,--,--,--,--,--,--,--,--,--,--,--,--,--,--,--,--,--,--,--,--
2026/5/29 4:04,--,--,--,--,23.1,11.5,23.1,48,--,--,--,--,12.0,9.0,12.0,82,--,--,--,--,--,--,--,--,--,--,--,--,--,--,--,--,--,--,--,--,--,--,--,--,--,--,--,--,--,--,--,--,--,--,--,--,--,--,--,--,--,--,--,--,--,--,--,--,--,--,--,--,--,--,--
2026/5/29 4:19,--,--,--,--,23.1,11.5,23.1,48,--,--,--,--,11.9,9.1,11.9,83,--,--,--,--,--,--,--,--,--,--,--,--,--,--,--,--,--,--,--,--,--,--,--,--,--,--,--,--,--,--,--,--,--,--,--,--,--,--,--,--,--,--,--,--,--,--,--,--,--,--,--,--,--,--,--
2026/5/29 4:34,--,--,--,--,23.1,11.5,23.1,48,--,--,--,--,11.8,9.2,11.8,84,--,--,--,--,--,--,--,--,--,--,--,--,--,--,--,--,--,--,--,--,--,--,--,--,--,--,--,--,--,--,--,--,--,--,--,--,--,--,--,--,--,--,--,--,--,--,--,--,--,--,--,--,--,--,--
2026/5/29 4:49,--,--,--,--,23.0,11.4,23.0,48,--,--,--,--,11.7,9.1,11.7,84,--,--,--,--,--,--,--,--,--,--,--,--,--,--,--,--,--,--,--,--,--,--,--,--,--,--,--,--,--,--,--,--,--,--,--,--,--,--,--,--,--,--,--,--,--,--,--,--,--,--,--,--,--,--,--
2026/5/29 5:04,--,--,--,--,23.0,11.4,23.0,48,--,--,--,--,11.5,9.1,11.5,85,--,--,--,--,--,--,--,--,--,--,--,--,--,--,--,--,--,--,--,--,--,--,--,--,--,--,--,--,--,--,--,--,--,--,--,--,--,--,--,--,--,--,--,--,--,--,--,--,--,--,--,--,--,--,--
2026/5/29 5:19,--,--,--,--,23.0,11.4,23.0,48,--,--,--,--,11.6,9.4,11.6,86,--,--,--,--,--,--,--,--,--,--,--,--,--,--,--,--,--,--,--,--,--,--,--,--,--,--,--,--,--,--,--,--,--,--,--,--,--,--,--,--,--,--,--,--,--,--,--,--,--,--,--,--,--,--,--
2026/5/29 5:34,--,--,--,--,22.3,10.8,22.3,48,--,--,--,--,11.5,9.3,11.5,86,--,--,--,--,--,--,--,--,--,--,--,--,--,--,--,--,--,--,--,--,--,--,--,--,--,--,--,--,--,--,--,--,--,--,--,--,--,--,--,--,--,--,--,--,--,--,--,--,--,--,--,--,--,--,--
2026/5/29 5:49,--,--,--,--,21.7,10.2,21.7,48,--,--,--,--,11.8,9.6,11.8,86,--,--,--,--,--,--,--,--,--,--,--,--,--,--,--,--,--,--,--,--,--,--,--,--,--,--,--,--,--,--,--,--,--,--,--,--,--,--,--,--,--,--,--,--,--,--,--,--,--,--,--,--,--,--,--
2026/5/29 6:04,--,--,--,--,21.2,10.4,21.2,50,--,--,--,--,12.2,9.9,12.2,86,--,--,--,--,--,--,--,--,--,--,--,--,--,--,--,--,--,--,--,--,--,--,--,--,--,--,--,--,--,--,--,--,--,--,--,--,--,--,--,--,--,--,--,--,--,--,--,--,--,--,--,--,--,--,--
2026/5/29 6:19,--,--,--,--,20.7,10.2,20.7,51,--,--,--,--,12.6,10.3,12.6,86,--,--,--,--,--,--,--,--,--,--,--,--,--,--,--,--,--,--,--,--,--,--,--,--,--,--,--,--,--,--,--,--,--,--,--,--,--,--,--,--,--,--,--,--,--,--,--,--,--,--,--,--,--,--,--
2026/5/29 6:34,--,--,--,--,20.4,10.2,20.4,52,--,--,--,--,13.4,11.1,13.4,86,--,--,--,--,--,--,--,--,--,--,--,--,--,--,--,--,--,--,--,--,--,--,--,--,--,--,--,--,--,--,--,--,--,--,--,--,--,--,--,--,--,--,--,--,--,--,--,--,--,--,--,--,--,--,--
2026/5/29 6:49,--,--,--,--,20.3,10.7,20.3,54,--,--,--,--,14.6,11.9,14.6,84,--,--,--,--,--,--,--,--,--,--,--,--,--,--,--,--,--,--,--,--,--,--,--,--,--,--,--,--,--,--,--,--,--,--,--,--,--,--,--,--,--,--,--,--,--,--,--,--,--,--,--,--,--,--,--
2026/5/29 7:04,--,--,--,--,20.3,10.7,20.3,54,--,--,--,--,15.8,12.2,15.8,79,--,--,--,--,--,--,--,--,--,--,--,--,--,--,--,--,--,--,--,--,--,--,--,--,--,--,--,--,--,--,--,--,--,--,--,--,--,--,--,--,--,--,--,--,--,--,--,--,--,--,--,--,--,--,--
2026/5/29 7:19,--,--,--,--,20.6,10.7,20.6,53,--,--,--,--,16.7,12.4,16.7,76,--,--,--,--,--,--,--,--,--,--,--,--,--,--,--,--,--,--,--,--,--,--,--,--,--,--,--,--,--,--,--,--,--,--,--,--,--,--,--,--,--,--,--,--,--,--,--,--,--,--,--,--,--,--,--
2026/5/29 7:34,--,--,--,--,20.9,11.0,20.9,53,--,--,--,--,17.7,12.8,17.7,73,--,--,--,--,--,--,--,--,--,--,--,--,--,--,--,--,--,--,--,--,--,--,--,--,--,--,--,--,--,--,--,--,--,--,--,--,--,--,--,--,--,--,--,--,--,--,--,--,--,--,--,--,--,--,--
2026/5/29 7:49,--,--,--,--,21.2,11.3,21.2,53,--,--,--,--,19.2,13.6,19.2,70,--,--,--,--,--,--,--,--,--,--,--,--,--,--,--,--,--,--,--,--,--,--,--,--,--,--,--,--,--,--,--,--,--,--,--,--,--,--,--,--,--,--,--,--,--,--,--,--,--,--,--,--,--,--,--
2026/5/29 8:04,--,--,--,--,21.4,11.2,21.4,52,--,--,--,--,20.8,14.5,20.8,67,--,--,--,--,--,--,--,--,--,--,--,--,--,--,--,--,--,--,--,--,--,--,--,--,--,--,--,--,--,--,--,--,--,--,--,--,--,--,--,--,--,--,--,--,--,--,--,--,--,--,--,--,--,--,--
2026/5/29 8:19,--,--,--,--,21.6,11.3,21.6,52,--,--,--,--,22.2,14.6,22.2,62,--,--,--,--,--,--,--,--,--,--,--,--,--,--,--,--,--,--,--,--,--,--,--,--,--,--,--,--,--,--,--,--,--,--,--,--,--,--,--,--,--,--,--,--,--,--,--,--,--,--,--,--,--,--,--
2026/5/29 8:34,--,--,--,--,21.8,11.5,21.8,52,--,--,--,--,22.7,14.6,22.7,60,--,--,--,--,--,--,--,--,--,--,--,--,--,--,--,--,--,--,--,--,--,--,--,--,--,--,--,--,--,--,--,--,--,--,--,--,--,--,--,--,--,--,--,--,--,--,--,--,--,--,--,--,--,--,--
2026/5/29 8:49,--,--,--,--,21.9,11.6,21.9,52,--,--,--,--,22.5,14.4,22.5,60,--,--,--,--,--,--,--,--,--,--,--,--,--,--,--,--,--,--,--,--,--,--,--,--,--,--,--,--,--,--,--,--,--,--,--,--,--,--,--,--,--,--,--,--,--,--,--,--,--,--,--,--,--,--,--
2026/5/29 9:04,--,--,--,--,22.0,11.7,22.0,52,--,--,--,--,23.6,14.9,23.6,58,--,--,--,--,--,--,--,--,--,--,--,--,--,--,--,--,--,--,--,--,--,--,--,--,--,--,--,--,--,--,--,--,--,--,--,--,--,--,--,--,--,--,--,--,--,--,--,--,--,--,--,--,--,--,--
2026/5/29 9:19,--,--,--,--,22.1,11.8,22.1,52,--,--,--,--,24.2,14.9,24.2,56,--,--,--,--,--,--,--,--,--,--,--,--,--,--,--,--,--,--,--,--,--,--,--,--,--,--,--,--,--,--,--,--,--,--,--,--,--,--,--,--,--,--,--,--,--,--,--,--,--,--,--,--,--,--,--
2026/5/29 9:34,--,--,--,--,22.1,11.8,22.1,52,--,--,--,--,25.5,15.2,25.5,53,--,--,--,--,--,--,--,--,--,--,--,--,--,--,--,--,--,--,--,--,--,--,--,--,--,--,--,--,--,--,--,--,--,--,--,--,--,--,--,--,--,--,--,--,--,--,--,--,--,--,--,--,--,--,--
2026/5/29 9:49,--,--,--,--,22.2,11.6,22.2,51,--,--,--,--,27.4,16.1,27.8,50,--,--,--,--,--,--,--,--,--,--,--,--,--,--,--,--,--,--,--,--,--,--,--,--,--,--,--,--,--,--,--,--,--,--,--,--,--,--,--,--,--,--,--,--,--,--,--,--,--,--,--,--,--,--,--
2026/5/29 10:04,--,--,--,--,22.3,11.7,22.3,51,--,--,--,--,30.9,16.9,31.2,43,--,--,--,--,--,--,--,--,--,--,--,--,--,--,--,--,--,--,--,--,--,--,--,--,--,--,--,--,--,--,--,--,--,--,--,--,--,--,--,--,--,--,--,--,--,--,--,--,--,--,--,--,--,--,--
2026/5/29 10:19,--,--,--,--,22.3,11.7,22.3,51,--,--,--,--,32.6,17.7,33.4,41,--,--,--,--,--,--,--,--,--,--,--,--,--,--,--,--,--,--,--,--,--,--,--,--,--,--,--,--,--,--,--,--,--,--,--,--,--,--,--,--,--,--,--,--,--,--,--,--,--,--,--,--,--,--,--
2026/5/29 10:34,--,--,--,--,22.4,11.8,22.4,51,--,--,--,--,32.1,17.6,32.8,42,--,--,--,--,--,--,--,--,--,--,--,--,--,--,--,--,--,--,--,--,--,--,--,--,--,--,--,--,--,--,--,--,--,--,--,--,--,--,--,--,--,--,--,--,--,--,--,--,--,--,--,--,--,--,--
2026/5/29 10:49,--,--,--,--,22.4,11.8,22.4,51,--,--,--,--,30.6,17.4,31.1,45,--,--,--,--,--,--,--,--,--,--,--,--,--,--,--,--,--,--,--,--,--,--,--,--,--,--,--,--,--,--,--,--,--,--,--,--,--,--,--,--,--,--,--,--,--,--,--,--,--,--,--,--,--,--,--
2026/5/29 11:04,--,--,--,--,22.5,11.9,22.5,51,--,--,--,--,35.9,20.2,38.9,40,--,--,--,--,--,--,--,--,--,--,--,--,--,--,--,--,--,--,--,--,--,--,--,--,--,--,--,--,--,--,--,--,--,--,--,--,--,--,--,--,--,--,--,--,--,--,--,--,--,--,--,--,--,--,--
2026/5/29 11:19,--,--,--,--,22.5,11.9,22.5,51,--,--,--,--,38.8,21.5,43.8,37,--,--,--,--,--,--,--,--,--,--,--,--,--,--,--,--,--,--,--,--,--,--,--,--,--,--,--,--,--,--,--,--,--,--,--,--,--,--,--,--,--,--,--,--,--,--,--,--,--,--,--,--,--,--,--
2026/5/29 11:34,--,--,--,--,22.6,12.0,22.6,51,--,--,--,--,39.7,21.0,39.7,34,--,--,--,--,--,--,--,--,--,--,--,--,--,--,--,--,--,--,--,--,--,--,--,--,--,--,--,--,--,--,--,--,--,--,--,--,--,--,--,--,--,--,--,--,--,--,--,--,--,--,--,--,--,--,--
2026/5/29 11:49,--,--,--,--,22.6,12.0,22.6,51,--,--,--,--,39.8,21.0,39.8,34,--,--,--,--,--,--,--,--,--,--,--,--,--,--,--,--,--,--,--,--,--,--,--,--,--,--,--,--,--,--,--,--,--,--,--,--,--,--,--,--,--,--,--,--,--,--,--,--,--,--,--,--,--,--,--
2026/5/29 12:04,--,--,--,--,22.6,12.0,22.6,51,--,--,--,--,39.5,20.3,39.5,33,--,--,--,--,--,--,--,--,--,--,--,--,--,--,--,--,--,--,--,--,--,--,--,--,--,--,--,--,--,--,--,--,--,--,--,--,--,--,--,--,--,--,--,--,--,--,--,--,--,--,--,--,--,--,--
2026/5/29 12:19,--,--,--,--,22.7,12.1,22.7,51,--,--,--,--,39.9,20.6,39.9,33,--,--,--,--,--,--,--,--,--,--,--,--,--,--,--,--,--,--,--,--,--,--,--,--,--,--,--,--,--,--,--,--,--,--,--,--,--,--,--,--,--,--,--,--,--,--,--,--,--,--,--,--,--,--,--
2026/5/29 12:34,--,--,--,--,22.7,12.1,22.7,51,--,--,--,--,41.0,21.1,41.0,32,--,--,--,--,--,--,--,--,--,--,--,--,--,--,--,--,--,--,--,--,--,--,--,--,--,--,--,--,--,--,--,--,--,--,--,--,--,--,--,--,--,--,--,--,--,--,--,--,--,--,--,--,--,--,--
2026/5/29 12:49,--,--,--,--,22.7,12.1,22.7,51,--,--,--,--,41.4,21.4,41.4,32,--,--,--,--,--,--,--,--,--,--,--,--,--,--,--,--,--,--,--,--,--,--,--,--,--,--,--,--,--,--,--,--,--,--,--,--,--,--,--,--,--,--,--,--,--,--,--,--,--,--,--,--,--,--,--
2026/5/29 13:04,--,--,--,--,22.8,12.2,22.8,51,--,--,--,--,43.4,22.6,43.4,31,--,--,--,--,--,--,--,--,--,--,--,--,--,--,--,--,--,--,--,--,--,--,--,--,--,--,--,--,--,--,--,--,--,--,--,--,--,--,--,--,--,--,--,--,--,--,--,--,--,--,--,--,--,--,--
2026/5/29 13:19,--,--,--,--,22.8,12.5,22.8,52,--,--,--,--,43.8,22.4,43.8,30,--,--,--,--,--,--,--,--,--,--,--,--,--,--,--,--,--,--,--,--,--,--,--,--,--,--,--,--,--,--,--,--,--,--,--,--,--,--,--,--,--,--,--,--,--,--,--,--,--,--,--,--,--,--,--
2026/5/29 13:34,--,--,--,--,22.8,12.5,22.8,52,--,--,--,--,45.4,22.7,45.4,28,--,--,--,--,--,--,--,--,--,--,--,--,--,--,--,--,--,--,--,--,--,--,--,--,--,--,--,--,--,--,--,--,--,--,--,--,--,--,--,--,--,--,--,--,--,--,--,--,--,--,--,--,--,--,--
2026/5/29 13:49,--,--,--,--,22.9,12.5,22.9,52,--,--,--,--,44.8,22.2,44.8,28,--,--,--,--,--,--,--,--,--,--,--,--,--,--,--,--,--,--,--,--,--,--,--,--,--,--,--,--,--,--,--,--,--,--,--,--,--,--,--,--,--,--,--,--,--,--,--,--,--,--,--,--,--,--,--
2026/5/29 14:04,--,--,--,--,22.9,12.5,22.9,52,--,--,--,--,46.4,23.5,46.4,28,--,--,--,--,--,--,--,--,--,--,--,--,--,--,--,--,--,--,--,--,--,--,--,--,--,--,--,--,--,--,--,--,--,--,--,--,--,--,--,--,--,--,--,--,--,--,--,--,--,--,--,--,--,--,--
2026/5/29 14:19,--,--,--,--,22.9,12.5,22.9,52,--,--,--,--,47.1,22.2,47.1,25,--,--,--,--,--,--,--,--,--,--,--,--,--,--,--,--,--,--,--,--,--,--,--,--,--,--,--,--,--,--,--,--,--,--,--,--,--,--,--,--,--,--,--,--,--,--,--,--,--,--,--,--,--,--,--
2026/5/29 14:34,--,--,--,--,22.9,12.5,22.9,52,--,--,--,--,48.3,23.9,48.3,26,--,--,--,--,--,--,--,--,--,--,--,--,--,--,--,--,--,--,--,--,--,--,--,--,--,--,--,--,--,--,--,--,--,--,--,--,--,--,--,--,--,--,--,--,--,--,--,--,--,--,--,--,--,--,--
2026/5/29 14:49,--,--,--,--,23.0,12.9,23.0,53,--,--,--,--,48.7,23.6,48.7,25,--,--,--,--,--,--,--,--,--,--,--,--,--,--,--,--,--,--,--,--,--,--,--,--,--,--,--,--,--,--,--,--,--,--,--,--,--,--,--,--,--,--,--,--,--,--,--,--,--,--,--,--,--,--,--
2026/5/29 15:04,--,--,--,--,23.1,13.3,23.1,54,--,--,--,--,48.7,23.6,48.7,25,--,--,--,--,--,--,--,--,--,--,--,--,--,--,--,--,--,--,--,--,--,--,--,--,--,--,--,--,--,--,--,--,--,--,--,--,--,--,--,--,--,--,--,--,--,--,--,--,--,--,--,--,--,--,--
2026/5/29 15:19,--,--,--,--,23.3,13.8,23.3,55,--,--,--,--,48.3,23.3,48.3,25,--,--,--,--,--,--,--,--,--,--,--,--,--,--,--,--,--,--,--,--,--,--,--,--,--,--,--,--,--,--,--,--,--,--,--,--,--,--,--,--,--,--,--,--,--,--,--,--,--,--,--,--,--,--,--
2026/5/29 15:34,--,--,--,--,23.3,13.5,23.3,54,--,--,--,--,47.4,23.1,47.4,26,--,--,--,--,--,--,--,--,--,--,--,--,--,--,--,--,--,--,--,--,--,--,--,--,--,--,--,--,--,--,--,--,--,--,--,--,--,--,--,--,--,--,--,--,--,--,--,--,--,--,--,--,--,--,--
2026/5/29 15:49,--,--,--,--,23.4,13.6,23.4,54,--,--,--,--,48.6,24.2,48.6,26,--,--,--,--,--,--,--,--,--,--,--,--,--,--,--,--,--,--,--,--,--,--,--,--,--,--,--,--,--,--,--,--,--,--,--,--,--,--,--,--,--,--,--,--,--,--,--,--,--,--,--,--,--,--,--
2026/5/29 16:04,--,--,--,--,23.4,13.6,23.4,54,--,--,--,--,48.0,23.0,48.0,25,--,--,--,--,--,--,--,--,--,--,--,--,--,--,--,--,--,--,--,--,--,--,--,--,--,--,--,--,--,--,--,--,--,--,--,--,--,--,--,--,--,--,--,--,--,--,--,--,--,--,--,--,--,--,--
2026/5/29 16:19,--,--,--,--,23.5,13.7,23.5,54,--,--,--,--,47.5,22.6,47.5,25,--,--,--,--,--,--,--,--,--,--,--,--,--,--,--,--,--,--,--,--,--,--,--,--,--,--,--,--,--,--,--,--,--,--,--,--,--,--,--,--,--,--,--,--,--,--,--,--,--,--,--,--,--,--,--
2026/5/29 16:34,--,--,--,--,23.6,13.8,23.6,54,--,--,--,--,46.1,22.7,46.1,27,--,--,--,--,--,--,--,--,--,--,--,--,--,--,--,--,--,--,--,--,--,--,--,--,--,--,--,--,--,--,--,--,--,--,--,--,--,--,--,--,--,--,--,--,--,--,--,--,--,--,--,--,--,--,--
2026/5/29 16:49,--,--,--,--,23.6,14.0,23.6,55,--,--,--,--,45.3,22.0,45.3,27,--,--,--,--,--,--,--,--,--,--,--,--,--,--,--,--,--,--,--,--,--,--,--,--,--,--,--,--,--,--,--,--,--,--,--,--,--,--,--,--,--,--,--,--,--,--,--,--,--,--,--,--,--,--,--
2026/5/29 17:04,--,--,--,--,24.0,14.4,24.0,55,--,--,--,--,43.6,21.2,43.6,28,--,--,--,--,--,--,--,--,--,--,--,--,--,--,--,--,--,--,--,--,--,--,--,--,--,--,--,--,--,--,--,--,--,--,--,--,--,--,--,--,--,--,--,--,--,--,--,--,--,--,--,--,--,--,--
2026/5/29 17:19,--,--,--,--,24.2,14.6,24.2,55,--,--,--,--,42.6,20.3,42.6,28,--,--,--,--,--,--,--,--,--,--,--,--,--,--,--,--,--,--,--,--,--,--,--,--,--,--,--,--,--,--,--,--,--,--,--,--,--,--,--,--,--,--,--,--,--,--,--,--,--,--,--,--,--,--,--
2026/5/29 17:34,--,--,--,--,24.3,14.7,24.3,55,--,--,--,--,40.1,19.8,40.1,31,--,--,--,--,--,--,--,--,--,--,--,--,--,--,--,--,--,--,--,--,--,--,--,--,--,--,--,--,--,--,--,--,--,--,--,--,--,--,--,--,--,--,--,--,--,--,--,--,--,--,--,--,--,--,--
2026/5/29 17:49,--,--,--,--,24.2,14.6,24.2,55,--,--,--,--,38.3,19.2,38.3,33,--,--,--,--,--,--,--,--,--,--,--,--,--,--,--,--,--,--,--,--,--,--,--,--,--,--,--,--,--,--,--,--,--,--,--,--,--,--,--,--,--,--,--,--,--,--,--,--,--,--,--,--,--,--,--
2026/5/29 18:04,--,--,--,--,24.2,14.9,24.2,56,--,--,--,--,37.1,18.7,37.1,34,--,--,--,--,--,--,--,--,--,--,--,--,--,--,--,--,--,--,--,--,--,--,--,--,--,--,--,--,--,--,--,--,--,--,--,--,--,--,--,--,--,--,--,--,--,--,--,--,--,--,--,--,--,--,--
2026/5/29 18:19,--,--,--,--,24.2,14.6,24.2,55,--,--,--,--,35.9,19.0,37.9,37,--,--,--,--,--,--,--,--,--,--,--,--,--,--,--,--,--,--,--,--,--,--,--,--,--,--,--,--,--,--,--,--,--,--,--,--,--,--,--,--,--,--,--,--,--,--,--,--,--,--,--,--,--,--,--
2026/5/29 18:34,--,--,--,--,24.1,14.8,24.1,56,--,--,--,--,34.3,18.4,35.6,39,--,--,--,--,--,--,--,--,--,--,--,--,--,--,--,--,--,--,--,--,--,--,--,--,--,--,--,--,--,--,--,--,--,--,--,--,--,--,--,--,--,--,--,--,--,--,--,--,--,--,--,--,--,--,--
2026/5/29 18:49,--,--,--,--,24.2,14.9,24.2,56,--,--,--,--,33.9,18.4,35.2,40,--,--,--,--,--,--,--,--,--,--,--,--,--,--,--,--,--,--,--,--,--,--,--,--,--,--,--,--,--,--,--,--,--,--,--,--,--,--,--,--,--,--,--,--,--,--,--,--,--,--,--,--,--,--,--
2026/5/29 19:04,--,--,--,--,24.3,15.3,24.3,57,--,--,--,--,33.2,17.8,34.1,40,--,--,--,--,--,--,--,--,--,--,--,--,--,--,--,--,--,--,--,--,--,--,--,--,--,--,--,--,--,--,--,--,--,--,--,--,--,--,--,--,--,--,--,--,--,--,--,--,--,--,--,--,--,--,--
2026/5/29 19:19,--,--,--,--,24.3,15.0,24.3,56,--,--,--,--,30.5,16.5,30.7,43,--,--,--,--,--,--,--,--,--,--,--,--,--,--,--,--,--,--,--,--,--,--,--,--,--,--,--,--,--,--,--,--,--,--,--,--,--,--,--,--,--,--,--,--,--,--,--,--,--,--,--,--,--,--,--
2026/5/29 19:34,--,--,--,--,24.3,14.7,24.3,55,--,--,--,--,27.6,16.3,28.0,50,--,--,--,--,--,--,--,--,--,--,--,--,--,--,--,--,--,--,--,--,--,--,--,--,--,--,--,--,--,--,--,--,--,--,--,--,--,--,--,--,--,--,--,--,--,--,--,--,--,--,--,--,--,--,--
2026/5/29 19:49,--,--,--,--,24.2,14.9,24.2,56,--,--,--,--,26.7,16.9,27.4,55,--,--,--,--,--,--,--,--,--,--,--,--,--,--,--,--,--,--,--,--,--,--,--,--,--,--,--,--,--,--,--,--,--,--,--,--,--,--,--,--,--,--,--,--,--,--,--,--,--,--,--,--,--,--,--
2026/5/29 20:04,--,--,--,--,24.2,14.9,24.2,56,--,--,--,--,27.4,18.4,28.4,58,--,--,--,--,--,--,--,--,--,--,--,--,--,--,--,--,--,--,--,--,--,--,--,--,--,--,--,--,--,--,--,--,--,--,--,--,--,--,--,--,--,--,--,--,--,--,--,--,--,--,--,--,--,--,--
2026/5/29 20:19,--,--,--,--,24.2,14.9,24.2,56,--,--,--,--,26.8,18.7,27.8,61,--,--,--,--,--,--,--,--,--,--,--,--,--,--,--,--,--,--,--,--,--,--,--,--,--,--,--,--,--,--,--,--,--,--,--,--,--,--,--,--,--,--,--,--,--,--,--,--,--,--,--,--,--,--,--
2026/5/29 20:34,--,--,--,--,24.1,14.8,24.1,56,--,--,--,--,25.8,18.0,25.8,62,--,--,--,--,--,--,--,--,--,--,--,--,--,--,--,--,--,--,--,--,--,--,--,--,--,--,--,--,--,--,--,--,--,--,--,--,--,--,--,--,--,--,--,--,--,--,--,--,--,--,--,--,--,--,--
2026/5/29 20:49,--,--,--,--,24.1,14.8,24.1,56,--,--,--,--,24.6,17.4,24.6,64,--,--,--,--,--,--,--,--,--,--,--,--,--,--,--,--,--,--,--,--,--,--,--,--,--,--,--,--,--,--,--,--,--,--,--,--,--,--,--,--,--,--,--,--,--,--,--,--,--,--,--,--,--,--,--
2026/5/29 21:04,--,--,--,--,24.0,14.7,24.0,56,--,--,--,--,22.7,17.4,22.7,72,--,--,--,--,--,--,--,--,--,--,--,--,--,--,--,--,--,--,--,--,--,--,--,--,--,--,--,--,--,--,--,--,--,--,--,--,--,--,--,--,--,--,--,--,--,--,--,--,--,--,--,--,--,--,--
2026/5/29 21:19,--,--,--,--,24.0,14.7,24.0,56,--,--,--,--,21.1,16.5,21.1,75,--,--,--,--,--,--,--,--,--,--,--,--,--,--,--,--,--,--,--,--,--,--,--,--,--,--,--,--,--,--,--,--,--,--,--,--,--,--,--,--,--,--,--,--,--,--,--,--,--,--,--,--,--,--,--
2026/5/29 21:34,--,--,--,--,24.0,15.0,24.0,57,--,--,--,--,19.5,15.8,19.5,79,--,--,--,--,--,--,--,--,--,--,--,--,--,--,--,--,--,--,--,--,--,--,--,--,--,--,--,--,--,--,--,--,--,--,--,--,--,--,--,--,--,--,--,--,--,--,--,--,--,--,--,--,--,--,--
2026/5/29 21:49,--,--,--,--,24.0,15.0,24.0,57,--,--,--,--,19.0,15.9,19.0,82,--,--,--,--,--,--,--,--,--,--,--,--,--,--,--,--,--,--,--,--,--,--,--,--,--,--,--,--,--,--,--,--,--,--,--,--,--,--,--,--,--,--,--,--,--,--,--,--,--,--,--,--,--,--,--
2026/5/29 22:04,--,--,--,--,24.0,15.0,24.0,57,--,--,--,--,18.4,15.5,18.4,83,--,--,--,--,--,--,--,--,--,--,--,--,--,--,--,--,--,--,--,--,--,--,--,--,--,--,--,--,--,--,--,--,--,--,--,--,--,--,--,--,--,--,--,--,--,--,--,--,--,--,--,--,--,--,--
2026/5/29 22:19,--,--,--,--,23.9,14.9,23.9,57,--,--,--,--,18.3,15.6,18.3,84,--,--,--,--,--,--,--,--,--,--,--,--,--,--,--,--,--,--,--,--,--,--,--,--,--,--,--,--,--,--,--,--,--,--,--,--,--,--,--,--,--,--,--,--,--,--,--,--,--,--,--,--,--,--,--
2026/5/29 22:34,--,--,--,--,23.9,14.9,23.9,57,--,--,--,--,18.5,16.1,18.5,86,--,--,--,--,--,--,--,--,--,--,--,--,--,--,--,--,--,--,--,--,--,--,--,--,--,--,--,--,--,--,--,--,--,--,--,--,--,--,--,--,--,--,--,--,--,--,--,--,--,--,--,--,--,--,--
2026/5/29 22:49,--,--,--,--,23.8,14.8,23.8,57,--,--,--,--,18.6,16.4,18.6,87,--,--,--,--,--,--,--,--,--,--,--,--,--,--,--,--,--,--,--,--,--,--,--,--,--,--,--,--,--,--,--,--,--,--,--,--,--,--,--,--,--,--,--,--,--,--,--,--,--,--,--,--,--,--,--
2026/5/29 23:04,--,--,--,--,23.8,14.5,23.8,56,--,--,--,--,18.8,16.7,18.8,88,--,--,--,--,--,--,--,--,--,--,--,--,--,--,--,--,--,--,--,--,--,--,--,--,--,--,--,--,--,--,--,--,--,--,--,--,--,--,--,--,--,--,--,--,--,--,--,--,--,--,--,--,--,--,--
2026/5/29 23:19,--,--,--,--,23.8,14.8,23.8,57,--,--,--,--,18.9,16.7,18.9,87,--,--,--,--,--,--,--,--,--,--,--,--,--,--,--,--,--,--,--,--,--,--,--,--,--,--,--,--,--,--,--,--,--,--,--,--,--,--,--,--,--,--,--,--,--,--,--,--,--,--,--,--,--,--,--
2026/5/29 23:34,--,--,--,--,23.8,14.5,23.8,56,--,--,--,--,18.8,16.7,18.8,88,--,--,--,--,--,--,--,--,--,--,--,--,--,--,--,--,--,--,--,--,--,--,--,--,--,--,--,--,--,--,--,--,--,--,--,--,--,--,--,--,--,--,--,--,--,--,--,--,--,--,--,--,--,--,--
2026/5/29 23:49,--,--,--,--,23.7,14.4,23.7,56,--,--,--,--,18.6,16.5,18.6,88,--,--,--,--,--,--,--,--,--,--,--,--,--,--,--,--,--,--,--,--,--,--,--,--,--,--,--,--,--,--,--,--,--,--,--,--,--,--,--,--,--,--,--,--,--,--,--,--,--,--,--,--,--,--,--
2026/5/30 0:00,--,--,--,--,23.7,14.7,23.7,57,--,--,--,--,18.5,16.4,18.5,88,--,--,--,--,--,--,--,--,--,--,--,--,--,--,--,--,--,--,--,--,--,--,--,--,--,--,--,--,--,--,--,--,--,--,--,--,--,--,--,--,--,--,--,--,--,--,--,--,--,--,--,--,--,--,--
2026/5/30 0:04,--,--,--,--,23.7,14.7,23.7,57,--,--,--,--,18.5,16.4,18.5,88,--,--,--,--,--,--,--,--,--,--,--,--,--,--,--,--,--,--,--,--,--,--,--,--,--,--,--,--,--,--,--,--,--,--,--,--,--,--,--,--,--,--,--,--,--,--,--,--,--,--,--,--,--,--,--
2026/5/30 0:19,--,--,--,--,23.7,14.7,23.7,57,--,--,--,--,18.4,16.3,18.4,88,--,--,--,--,--,--,--,--,--,--,--,--,--,--,--,--,--,--,--,--,--,--,--,--,--,--,--,--,--,--,--,--,--,--,--,--,--,--,--,--,--,--,--,--,--,--,--,--,--,--,--,--,--,--,--
2026/5/30 0:34,--,--,--,--,23.7,14.7,23.7,57,--,--,--,--,18.1,16.0,18.1,88,--,--,--,--,--,--,--,--,--,--,--,--,--,--,--,--,--,--,--,--,--,--,--,--,--,--,--,--,--,--,--,--,--,--,--,--,--,--,--,--,--,--,--,--,--,--,--,--,--,--,--,--,--,--,--
2026/5/30 0:49,--,--,--,--,23.7,14.7,23.7,57,--,--,--,--,18.0,16.1,18.0,89,--,--,--,--,--,--,--,--,--,--,--,--,--,--,--,--,--,--,--,--,--,--,--,--,--,--,--,--,--,--,--,--,--,--,--,--,--,--,--,--,--,--,--,--,--,--,--,--,--,--,--,--,--,--,--
2026/5/30 1:04,--,--,--,--,23.7,14.7,23.7,57,--,--,--,--,17.9,16.2,17.9,90,--,--,--,--,--,--,--,--,--,--,--,--,--,--,--,--,--,--,--,--,--,--,--,--,--,--,--,--,--,--,--,--,--,--,--,--,--,--,--,--,--,--,--,--,--,--,--,--,--,--,--,--,--,--,--
2026/5/30 1:19,--,--,--,--,23.7,14.7,23.7,57,--,--,--,--,17.8,16.1,17.8,90,--,--,--,--,--,--,--,--,--,--,--,--,--,--,--,--,--,--,--,--,--,--,--,--,--,--,--,--,--,--,--,--,--,--,--,--,--,--,--,--,--,--,--,--,--,--,--,--,--,--,--,--,--,--,--
2026/5/30 1:34,--,--,--,--,23.6,14.6,23.6,57,--,--,--,--,17.9,16.2,17.9,90,--,--,--,--,--,--,--,--,--,--,--,--,--,--,--,--,--,--,--,--,--,--,--,--,--,--,--,--,--,--,--,--,--,--,--,--,--,--,--,--,--,--,--,--,--,--,--,--,--,--,--,--,--,--,--
2026/5/30 1:49,--,--,--,--,23.6,14.6,23.6,57,--,--,--,--,18.0,16.5,18.0,91,--,--,--,--,--,--,--,--,--,--,--,--,--,--,--,--,--,--,--,--,--,--,--,--,--,--,--,--,--,--,--,--,--,--,--,--,--,--,--,--,--,--,--,--,--,--,--,--,--,--,--,--,--,--,--
2026/5/30 2:04,--,--,--,--,23.6,14.6,23.6,57,--,--,--,--,18.0,16.5,18.0,91,--,--,--,--,--,--,--,--,--,--,--,--,--,--,--,--,--,--,--,--,--,--,--,--,--,--,--,--,--,--,--,--,--,--,--,--,--,--,--,--,--,--,--,--,--,--,--,--,--,--,--,--,--,--,--
2026/5/30 2:19,--,--,--,--,23.6,14.6,23.6,57,--,--,--,--,18.1,16.6,18.1,91,--,--,--,--,--,--,--,--,--,--,--,--,--,--,--,--,--,--,--,--,--,--,--,--,--,--,--,--,--,--,--,--,--,--,--,--,--,--,--,--,--,--,--,--,--,--,--,--,--,--,--,--,--,--,--
2026/5/30 2:34,--,--,--,--,23.6,14.6,23.6,57,--,--,--,--,18.1,16.6,18.1,91,--,--,--,--,--,--,--,--,--,--,--,--,--,--,--,--,--,--,--,--,--,--,--,--,--,--,--,--,--,--,--,--,--,--,--,--,--,--,--,--,--,--,--,--,--,--,--,--,--,--,--,--,--,--,--
2026/5/30 2:49,--,--,--,--,23.6,14.6,23.6,57,--,--,--,--,18.0,16.5,18.0,91,--,--,--,--,--,--,--,--,--,--,--,--,--,--,--,--,--,--,--,--,--,--,--,--,--,--,--,--,--,--,--,--,--,--,--,--,--,--,--,--,--,--,--,--,--,--,--,--,--,--,--,--,--,--,--
2026/5/30 3:04,--,--,--,--,23.6,14.6,23.6,57,--,--,--,--,18.1,16.8,18.1,92,--,--,--,--,--,--,--,--,--,--,--,--,--,--,--,--,--,--,--,--,--,--,--,--,--,--,--,--,--,--,--,--,--,--,--,--,--,--,--,--,--,--,--,--,--,--,--,--,--,--,--,--,--,--,--
2026/5/30 3:19,--,--,--,--,23.6,14.6,23.6,57,--,--,--,--,18.1,16.8,18.1,92,--,--,--,--,--,--,--,--,--,--,--,--,--,--,--,--,--,--,--,--,--,--,--,--,--,--,--,--,--,--,--,--,--,--,--,--,--,--,--,--,--,--,--,--,--,--,--,--,--,--,--,--,--,--,--
2026/5/30 3:34,--,--,--,--,23.6,14.6,23.6,57,--,--,--,--,18.0,16.7,18.0,92,--,--,--,--,--,--,--,--,--,--,--,--,--,--,--,--,--,--,--,--,--,--,--,--,--,--,--,--,--,--,--,--,--,--,--,--,--,--,--,--,--,--,--,--,--,--,--,--,--,--,--,--,--,--,--
2026/5/30 3:49,--,--,--,--,23.6,14.6,23.6,57,--,--,--,--,17.9,16.6,17.9,92,--,--,--,--,--,--,--,--,--,--,--,--,--,--,--,--,--,--,--,--,--,--,--,--,--,--,--,--,--,--,--,--,--,--,--,--,--,--,--,--,--,--,--,--,--,--,--,--,--,--,--,--,--,--,--
2026/5/30 4:04,--,--,--,--,23.6,14.6,23.6,57,--,--,--,--,17.9,16.6,17.9,92,--,--,--,--,--,--,--,--,--,--,--,--,--,--,--,--,--,--,--,--,--,--,--,--,--,--,--,--,--,--,--,--,--,--,--,--,--,--,--,--,--,--,--,--,--,--,--,--,--,--,--,--,--,--,--
2026/5/30 4:19,--,--,--,--,23.6,14.6,23.6,57,--,--,--,--,17.8,16.5,17.8,92,--,--,--,--,--,--,--,--,--,--,--,--,--,--,--,--,--,--,--,--,--,--,--,--,--,--,--,--,--,--,--,--,--,--,--,--,--,--,--,--,--,--,--,--,--,--,--,--,--,--,--,--,--,--,--
2026/5/30 4:34,--,--,--,--,23.6,14.6,23.6,57,--,--,--,--,17.5,16.2,17.5,92,--,--,--,--,--,--,--,--,--,--,--,--,--,--,--,--,--,--,--,--,--,--,--,--,--,--,--,--,--,--,--,--,--,--,--,--,--,--,--,--,--,--,--,--,--,--,--,--,--,--,--,--,--,--,--
2026/5/30 4:49,--,--,--,--,23.5,14.5,23.5,57,--,--,--,--,17.4,16.2,17.4,93,--,--,--,--,--,--,--,--,--,--,--,--,--,--,--,--,--,--,--,--,--,--,--,--,--,--,--,--,--,--,--,--,--,--,--,--,--,--,--,--,--,--,--,--,--,--,--,--,--,--,--,--,--,--,--
2026/5/30 5:04,--,--,--,--,23.5,14.5,23.5,57,--,--,--,--,17.4,16.2,17.4,93,--,--,--,--,--,--,--,--,--,--,--,--,--,--,--,--,--,--,--,--,--,--,--,--,--,--,--,--,--,--,--,--,--,--,--,--,--,--,--,--,--,--,--,--,--,--,--,--,--,--,--,--,--,--,--
2026/5/30 5:19,--,--,--,--,23.5,14.5,23.5,57,--,--,--,--,17.5,16.3,17.5,93,--,--,--,--,--,--,--,--,--,--,--,--,--,--,--,--,--,--,--,--,--,--,--,--,--,--,--,--,--,--,--,--,--,--,--,--,--,--,--,--,--,--,--,--,--,--,--,--,--,--,--,--,--,--,--
2026/5/30 5:34,--,--,--,--,23.5,14.5,23.5,57,--,--,--,--,17.5,16.3,17.5,93,--,--,--,--,--,--,--,--,--,--,--,--,--,--,--,--,--,--,--,--,--,--,--,--,--,--,--,--,--,--,--,--,--,--,--,--,--,--,--,--,--,--,--,--,--,--,--,--,--,--,--,--,--,--,--
2026/5/30 5:49,--,--,--,--,23.5,14.5,23.5,57,--,--,--,--,17.4,16.2,17.4,93,--,--,--,--,--,--,--,--,--,--,--,--,--,--,--,--,--,--,--,--,--,--,--,--,--,--,--,--,--,--,--,--,--,--,--,--,--,--,--,--,--,--,--,--,--,--,--,--,--,--,--,--,--,--,--
2026/5/30 6:04,--,--,--,--,23.5,14.5,23.5,57,--,--,--,--,17.5,16.3,17.5,93,--,--,--,--,--,--,--,--,--,--,--,--,--,--,--,--,--,--,--,--,--,--,--,--,--,--,--,--,--,--,--,--,--,--,--,--,--,--,--,--,--,--,--,--,--,--,--,--,--,--,--,--,--,--,--
2026/5/30 6:19,--,--,--,--,23.1,15.4,23.1,62,--,--,--,--,17.7,16.5,17.7,93,--,--,--,--,--,--,--,--,--,--,--,--,--,--,--,--,--,--,--,--,--,--,--,--,--,--,--,--,--,--,--,--,--,--,--,--,--,--,--,--,--,--,--,--,--,--,--,--,--,--,--,--,--,--,--
2026/5/30 6:34,--,--,--,--,22.7,15.6,22.7,64,--,--,--,--,18.1,16.9,18.1,93,--,--,--,--,--,--,--,--,--,--,--,--,--,--,--,--,--,--,--,--,--,--,--,--,--,--,--,--,--,--,--,--,--,--,--,--,--,--,--,--,--,--,--,--,--,--,--,--,--,--,--,--,--,--,--
2026/5/30 6:49,--,--,--,--,22.6,15.7,22.6,65,--,--,--,--,18.7,17.5,18.7,93,--,--,--,--,--,--,--,--,--,--,--,--,--,--,--,--,--,--,--,--,--,--,--,--,--,--,--,--,--,--,--,--,--,--,--,--,--,--,--,--,--,--,--,--,--,--,--,--,--,--,--,--,--,--,--
2026/5/30 7:04,--,--,--,--,22.5,16.1,22.5,67,--,--,--,--,19.3,18.0,19.3,92,--,--,--,--,--,--,--,--,--,--,--,--,--,--,--,--,--,--,--,--,--,--,--,--,--,--,--,--,--,--,--,--,--,--,--,--,--,--,--,--,--,--,--,--,--,--,--,--,--,--,--,--,--,--,--
2026/5/30 7:19,--,--,--,--,22.4,16.2,22.4,68,--,--,--,--,20.1,18.6,20.1,91,--,--,--,--,--,--,--,--,--,--,--,--,--,--,--,--,--,--,--,--,--,--,--,--,--,--,--,--,--,--,--,--,--,--,--,--,--,--,--,--,--,--,--,--,--,--,--,--,--,--,--,--,--,--,--
2026/5/30 7:34,--,--,--,--,22.0,16.7,22.0,72,--,--,--,--,20.2,18.3,20.2,89,--,--,--,--,--,--,--,--,--,--,--,--,--,--,--,--,--,--,--,--,--,--,--,--,--,--,--,--,--,--,--,--,--,--,--,--,--,--,--,--,--,--,--,--,--,--,--,--,--,--,--,--,--,--,--
2026/5/30 7:49,--,--,--,--,22.1,16.6,22.1,71,--,--,--,--,20.7,18.8,20.7,89,--,--,--,--,--,--,--,--,--,--,--,--,--,--,--,--,--,--,--,--,--,--,--,--,--,--,--,--,--,--,--,--,--,--,--,--,--,--,--,--,--,--,--,--,--,--,--,--,--,--,--,--,--,--,--
2026/5/30 8:04,--,--,--,--,22.2,16.7,22.2,71,--,--,--,--,22.0,19.6,22.0,86,--,--,--,--,--,--,--,--,--,--,--,--,--,--,--,--,--,--,--,--,--,--,--,--,--,--,--,--,--,--,--,--,--,--,--,--,--,--,--,--,--,--,--,--,--,--,--,--,--,--,--,--,--,--,--
2026/5/30 8:19,--,--,--,--,22.3,16.6,22.3,70,--,--,--,--,22.5,19.7,22.5,84,--,--,--,--,--,--,--,--,--,--,--,--,--,--,--,--,--,--,--,--,--,--,--,--,--,--,--,--,--,--,--,--,--,--,--,--,--,--,--,--,--,--,--,--,--,--,--,--,--,--,--,--,--,--,--
2026/5/30 8:34,--,--,--,--,22.4,16.9,22.4,71,--,--,--,--,23.9,20.4,23.9,81,--,--,--,--,--,--,--,--,--,--,--,--,--,--,--,--,--,--,--,--,--,--,--,--,--,--,--,--,--,--,--,--,--,--,--,--,--,--,--,--,--,--,--,--,--,--,--,--,--,--,--,--,--,--,--
2026/5/30 8:49,--,--,--,--,22.2,16.9,22.2,72,--,--,--,--,23.4,19.6,23.4,79,--,--,--,--,--,--,--,--,--,--,--,--,--,--,--,--,--,--,--,--,--,--,--,--,--,--,--,--,--,--,--,--,--,--,--,--,--,--,--,--,--,--,--,--,--,--,--,--,--,--,--,--,--,--,--
2026/5/30 9:04,--,--,--,--,22.1,16.8,22.1,72,--,--,--,--,22.4,18.8,22.4,80,--,--,--,--,--,--,--,--,--,--,--,--,--,--,--,--,--,--,--,--,--,--,--,--,--,--,--,--,--,--,--,--,--,--,--,--,--,--,--,--,--,--,--,--,--,--,--,--,--,--,--,--,--,--,--
2026/5/30 9:19,--,--,--,--,22.4,16.7,22.4,70,--,--,--,--,21.7,18.5,21.7,82,--,--,--,--,--,--,--,--,--,--,--,--,--,--,--,--,--,--,--,--,--,--,--,--,--,--,--,--,--,--,--,--,--,--,--,--,--,--,--,--,--,--,--,--,--,--,--,--,--,--,--,--,--,--,--
2026/5/30 9:34,--,--,--,--,22.6,16.9,22.6,70,--,--,--,--,22.7,19.7,22.7,83,--,--,--,--,--,--,--,--,--,--,--,--,--,--,--,--,--,--,--,--,--,--,--,--,--,--,--,--,--,--,--,--,--,--,--,--,--,--,--,--,--,--,--,--,--,--,--,--,--,--,--,--,--,--,--
2026/5/30 9:49,--,--,--,--,22.7,17.0,22.7,70,--,--,--,--,23.3,19.7,23.3,80,--,--,--,--,--,--,--,--,--,--,--,--,--,--,--,--,--,--,--,--,--,--,--,--,--,--,--,--,--,--,--,--,--,--,--,--,--,--,--,--,--,--,--,--,--,--,--,--,--,--,--,--,--,--,--
2026/5/30 10:04,--,--,--,--,22.8,16.8,22.8,69,--,--,--,--,23.3,19.8,23.3,81,--,--,--,--,--,--,--,--,--,--,--,--,--,--,--,--,--,--,--,--,--,--,--,--,--,--,--,--,--,--,--,--,--,--,--,--,--,--,--,--,--,--,--,--,--,--,--,--,--,--,--,--,--,--,--
2026/5/30 10:19,--,--,--,--,23.0,17.0,23.0,69,--,--,--,--,26.2,21.5,26.2,75,--,--,--,--,--,--,--,--,--,--,--,--,--,--,--,--,--,--,--,--,--,--,--,--,--,--,--,--,--,--,--,--,--,--,--,--,--,--,--,--,--,--,--,--,--,--,--,--,--,--,--,--,--,--,--
2026/5/30 10:34,--,--,--,--,23.1,16.9,23.1,68,--,--,--,--,26.2,20.6,26.2,71,--,--,--,--,--,--,--,--,--,--,--,--,--,--,--,--,--,--,--,--,--,--,--,--,--,--,--,--,--,--,--,--,--,--,--,--,--,--,--,--,--,--,--,--,--,--,--,--,--,--,--,--,--,--,--
2026/5/30 10:49,--,--,--,--,23.1,16.9,23.1,68,--,--,--,--,23.5,18.6,23.5,74,--,--,--,--,--,--,--,--,--,--,--,--,--,--,--,--,--,--,--,--,--,--,--,--,--,--,--,--,--,--,--,--,--,--,--,--,--,--,--,--,--,--,--,--,--,--,--,--,--,--,--,--,--,--,--
2026/5/30 11:04,--,--,--,--,23.2,16.7,23.2,67,--,--,--,--,22.3,18.5,22.3,79,--,--,--,--,--,--,--,--,--,--,--,--,--,--,--,--,--,--,--,--,--,--,--,--,--,--,--,--,--,--,--,--,--,--,--,--,--,--,--,--,--,--,--,--,--,--,--,--,--,--,--,--,--,--,--
2026/5/30 11:19,--,--,--,--,23.2,16.7,23.2,67,--,--,--,--,22.5,18.9,22.5,80,--,--,--,--,--,--,--,--,--,--,--,--,--,--,--,--,--,--,--,--,--,--,--,--,--,--,--,--,--,--,--,--,--,--,--,--,--,--,--,--,--,--,--,--,--,--,--,--,--,--,--,--,--,--,--
2026/5/30 11:34,--,--,--,--,23.2,16.7,23.2,67,--,--,--,--,23.0,19.4,23.0,80,--,--,--,--,--,--,--,--,--,--,--,--,--,--,--,--,--,--,--,--,--,--,--,--,--,--,--,--,--,--,--,--,--,--,--,--,--,--,--,--,--,--,--,--,--,--,--,--,--,--,--,--,--,--,--
2026/5/30 11:49,--,--,--,--,23.3,16.6,23.3,66,--,--,--,--,25.2,20.7,25.2,76,--,--,--,--,--,--,--,--,--,--,--,--,--,--,--,--,--,--,--,--,--,--,--,--,--,--,--,--,--,--,--,--,--,--,--,--,--,--,--,--,--,--,--,--,--,--,--,--,--,--,--,--,--,--,--
2026/5/30 12:04,--,--,--,--,23.3,16.6,23.3,66,--,--,--,--,27.4,21.2,29.4,69,--,--,--,--,--,--,--,--,--,--,--,--,--,--,--,--,--,--,--,--,--,--,--,--,--,--,--,--,--,--,--,--,--,--,--,--,--,--,--,--,--,--,--,--,--,--,--,--,--,--,--,--,--,--,--
2026/5/30 12:19,--,--,--,--,23.4,16.5,23.4,65,--,--,--,--,29.1,21.6,31.8,64,--,--,--,--,--,--,--,--,--,--,--,--,--,--,--,--,--,--,--,--,--,--,--,--,--,--,--,--,--,--,--,--,--,--,--,--,--,--,--,--,--,--,--,--,--,--,--,--,--,--,--,--,--,--,--
2026/5/30 12:34,--,--,--,--,23.4,16.5,23.4,65,--,--,--,--,32.8,23.2,37.9,57,--,--,--,--,--,--,--,--,--,--,--,--,--,--,--,--,--,--,--,--,--,--,--,--,--,--,--,--,--,--,--,--,--,--,--,--,--,--,--,--,--,--,--,--,--,--,--,--,--,--,--,--,--,--,--
2026/5/30 12:49,--,--,--,--,23.5,16.6,23.5,65,--,--,--,--,33.8,22.3,38.2,51,--,--,--,--,--,--,--,--,--,--,--,--,--,--,--,--,--,--,--,--,--,--,--,--,--,--,--,--,--,--,--,--,--,--,--,--,--,--,--,--,--,--,--,--,--,--,--,--,--,--,--,--,--,--,--
2026/5/30 13:04,--,--,--,--,23.6,16.7,23.6,65,--,--,--,--,33.0,21.6,36.6,51,--,--,--,--,--,--,--,--,--,--,--,--,--,--,--,--,--,--,--,--,--,--,--,--,--,--,--,--,--,--,--,--,--,--,--,--,--,--,--,--,--,--,--,--,--,--,--,--,--,--,--,--,--,--,--
2026/5/30 13:19,--,--,--,--,23.7,16.8,23.7,65,--,--,--,--,32.7,21.6,36.3,52,--,--,--,--,--,--,--,--,--,--,--,--,--,--,--,--,--,--,--,--,--,--,--,--,--,--,--,--,--,--,--,--,--,--,--,--,--,--,--,--,--,--,--,--,--,--,--,--,--,--,--,--,--,--,--
2026/5/30 13:34,--,--,--,--,23.7,16.8,23.7,65,--,--,--,--,30.3,19.1,31.6,51,--,--,--,--,--,--,--,--,--,--,--,--,--,--,--,--,--,--,--,--,--,--,--,--,--,--,--,--,--,--,--,--,--,--,--,--,--,--,--,--,--,--,--,--,--,--,--,--,--,--,--,--,--,--,--
2026/5/30 13:49,--,--,--,--,23.7,16.8,23.7,65,--,--,--,--,31.1,20.1,33.2,52,--,--,--,--,--,--,--,--,--,--,--,--,--,--,--,--,--,--,--,--,--,--,--,--,--,--,--,--,--,--,--,--,--,--,--,--,--,--,--,--,--,--,--,--,--,--,--,--,--,--,--,--,--,--,--
2026/5/30 14:04,--,--,--,--,23.7,16.8,23.7,65,--,--,--,--,32.1,20.4,34.6,50,--,--,--,--,--,--,--,--,--,--,--,--,--,--,--,--,--,--,--,--,--,--,--,--,--,--,--,--,--,--,--,--,--,--,--,--,--,--,--,--,--,--,--,--,--,--,--,--,--,--,--,--,--,--,--
2026/5/30 14:19,--,--,--,--,23.8,16.8,23.8,65,--,--,--,--,33.9,21.4,37.5,48,--,--,--,--,--,--,--,--,--,--,--,--,--,--,--,--,--,--,--,--,--,--,--,--,--,--,--,--,--,--,--,--,--,--,--,--,--,--,--,--,--,--,--,--,--,--,--,--,--,--,--,--,--,--,--
2026/5/30 14:34,--,--,--,--,23.9,16.9,23.9,65,--,--,--,--,37.2,22.9,43.4,44,--,--,--,--,--,--,--,--,--,--,--,--,--,--,--,--,--,--,--,--,--,--,--,--,--,--,--,--,--,--,--,--,--,--,--,--,--,--,--,--,--,--,--,--,--,--,--,--,--,--,--,--,--,--,--
2026/5/30 14:49,--,--,--,--,24.0,16.8,24.0,64,--,--,--,--,40.5,22.1,46.6,35,--,--,--,--,--,--,--,--,--,--,--,--,--,--,--,--,--,--,--,--,--,--,--,--,--,--,--,--,--,--,--,--,--,--,--,--,--,--,--,--,--,--,--,--,--,--,--,--,--,--,--,--,--,--,--
2026/5/30 15:04,--,--,--,--,24.0,16.8,24.0,64,--,--,--,--,40.5,21.6,40.5,34,--,--,--,--,--,--,--,--,--,--,--,--,--,--,--,--,--,--,--,--,--,--,--,--,--,--,--,--,--,--,--,--,--,--,--,--,--,--,--,--,--,--,--,--,--,--,--,--,--,--,--,--,--,--,--
2026/5/30 15:19,--,--,--,--,24.1,16.9,24.1,64,--,--,--,--,41.4,23.4,49.3,36,--,--,--,--,--,--,--,--,--,--,--,--,--,--,--,--,--,--,--,--,--,--,--,--,--,--,--,--,--,--,--,--,--,--,--,--,--,--,--,--,--,--,--,--,--,--,--,--,--,--,--,--,--,--,--
2026/5/30 15:34,--,--,--,--,24.1,16.9,24.1,64,--,--,--,--,40.0,20.7,40.0,33,--,--,--,--,--,--,--,--,--,--,--,--,--,--,--,--,--,--,--,--,--,--,--,--,--,--,--,--,--,--,--,--,--,--,--,--,--,--,--,--,--,--,--,--,--,--,--,--,--,--,--,--,--,--,--
2026/5/30 15:49,--,--,--,--,24.2,17.0,24.2,64,--,--,--,--,39.7,21.0,39.7,34,--,--,--,--,--,--,--,--,--,--,--,--,--,--,--,--,--,--,--,--,--,--,--,--,--,--,--,--,--,--,--,--,--,--,--,--,--,--,--,--,--,--,--,--,--,--,--,--,--,--,--,--,--,--,--
2026/5/30 16:04,--,--,--,--,24.2,17.0,24.2,64,--,--,--,--,40.1,20.8,40.1,33,--,--,--,--,--,--,--,--,--,--,--,--,--,--,--,--,--,--,--,--,--,--,--,--,--,--,--,--,--,--,--,--,--,--,--,--,--,--,--,--,--,--,--,--,--,--,--,--,--,--,--,--,--,--,--
2026/5/30 16:19,--,--,--,--,24.2,16.7,24.2,63,--,--,--,--,41.0,21.6,41.0,33,--,--,--,--,--,--,--,--,--,--,--,--,--,--,--,--,--,--,--,--,--,--,--,--,--,--,--,--,--,--,--,--,--,--,--,--,--,--,--,--,--,--,--,--,--,--,--,--,--,--,--,--,--,--,--
2026/5/30 16:34,--,--,--,--,24.2,16.7,24.2,63,--,--,--,--,40.1,21.3,40.1,34,--,--,--,--,--,--,--,--,--,--,--,--,--,--,--,--,--,--,--,--,--,--,--,--,--,--,--,--,--,--,--,--,--,--,--,--,--,--,--,--,--,--,--,--,--,--,--,--,--,--,--,--,--,--,--
2026/5/30 16:49,--,--,--,--,24.2,16.7,24.2,63,--,--,--,--,40.1,20.8,40.1,33,--,--,--,--,--,--,--,--,--,--,--,--,--,--,--,--,--,--,--,--,--,--,--,--,--,--,--,--,--,--,--,--,--,--,--,--,--,--,--,--,--,--,--,--,--,--,--,--,--,--,--,--,--,--,--
2026/5/30 17:04,--,--,--,--,24.2,16.7,24.2,63,--,--,--,--,38.3,20.2,41.8,35,--,--,--,--,--,--,--,--,--,--,--,--,--,--,--,--,--,--,--,--,--,--,--,--,--,--,--,--,--,--,--,--,--,--,--,--,--,--,--,--,--,--,--,--,--,--,--,--,--,--,--,--,--,--,--
2026/5/30 17:19,--,--,--,--,24.2,16.7,24.2,63,--,--,--,--,36.8,20.6,40.3,39,--,--,--,--,--,--,--,--,--,--,--,--,--,--,--,--,--,--,--,--,--,--,--,--,--,--,--,--,--,--,--,--,--,--,--,--,--,--,--,--,--,--,--,--,--,--,--,--,--,--,--,--,--,--,--
2026/5/30 17:34,--,--,--,--,24.2,16.7,24.2,63,--,--,--,--,36.7,20.5,40.2,39,--,--,--,--,--,--,--,--,--,--,--,--,--,--,--,--,--,--,--,--,--,--,--,--,--,--,--,--,--,--,--,--,--,--,--,--,--,--,--,--,--,--,--,--,--,--,--,--,--,--,--,--,--,--,--
2026/5/30 17:49,--,--,--,--,24.2,16.7,24.2,63,--,--,--,--,35.7,20.4,38.9,41,--,--,--,--,--,--,--,--,--,--,--,--,--,--,--,--,--,--,--,--,--,--,--,--,--,--,--,--,--,--,--,--,--,--,--,--,--,--,--,--,--,--,--,--,--,--,--,--,--,--,--,--,--,--,--
2026/5/30 18:04,--,--,--,--,24.2,16.7,24.2,63,--,--,--,--,35.2,20.0,37.9,41,--,--,--,--,--,--,--,--,--,--,--,--,--,--,--,--,--,--,--,--,--,--,--,--,--,--,--,--,--,--,--,--,--,--,--,--,--,--,--,--,--,--,--,--,--,--,--,--,--,--,--,--,--,--,--
2026/5/30 18:19,--,--,--,--,24.3,16.8,24.3,63,--,--,--,--,33.3,19.8,35.4,45,--,--,--,--,--,--,--,--,--,--,--,--,--,--,--,--,--,--,--,--,--,--,--,--,--,--,--,--,--,--,--,--,--,--,--,--,--,--,--,--,--,--,--,--,--,--,--,--,--,--,--,--,--,--,--
2026/5/30 18:34,--,--,--,--,24.3,16.8,24.3,63,--,--,--,--,32.5,20.5,35.1,49,--,--,--,--,--,--,--,--,--,--,--,--,--,--,--,--,--,--,--,--,--,--,--,--,--,--,--,--,--,--,--,--,--,--,--,--,--,--,--,--,--,--,--,--,--,--,--,--,--,--,--,--,--,--,--
2026/5/30 18:49,--,--,--,--,24.3,17.1,24.3,64,--,--,--,--,30.7,19.8,32.5,52,--,--,--,--,--,--,--,--,--,--,--,--,--,--,--,--,--,--,--,--,--,--,--,--,--,--,--,--,--,--,--,--,--,--,--,--,--,--,--,--,--,--,--,--,--,--,--,--,--,--,--,--,--,--,--
2026/5/30 19:04,--,--,--,--,24.3,16.8,24.3,63,--,--,--,--,29.7,19.7,31.4,55,--,--,--,--,--,--,--,--,--,--,--,--,--,--,--,--,--,--,--,--,--,--,--,--,--,--,--,--,--,--,--,--,--,--,--,--,--,--,--,--,--,--,--,--,--,--,--,--,--,--,--,--,--,--,--
2026/5/30 19:19,--,--,--,--,24.3,16.8,24.3,63,--,--,--,--,29.4,19.1,30.7,54,--,--,--,--,--,--,--,--,--,--,--,--,--,--,--,--,--,--,--,--,--,--,--,--,--,--,--,--,--,--,--,--,--,--,--,--,--,--,--,--,--,--,--,--,--,--,--,--,--,--,--,--,--,--,--
2026/5/30 19:34,--,--,--,--,24.3,16.8,24.3,63,--,--,--,--,28.3,19.0,29.5,57,--,--,--,--,--,--,--,--,--,--,--,--,--,--,--,--,--,--,--,--,--,--,--,--,--,--,--,--,--,--,--,--,--,--,--,--,--,--,--,--,--,--,--,--,--,--,--,--,--,--,--,--,--,--,--
2026/5/30 19:49,--,--,--,--,24.3,16.8,24.3,63,--,--,--,--,27.2,19.3,28.5,62,--,--,--,--,--,--,--,--,--,--,--,--,--,--,--,--,--,--,--,--,--,--,--,--,--,--,--,--,--,--,--,--,--,--,--,--,--,--,--,--,--,--,--,--,--,--,--,--,--,--,--,--,--,--,--
2026/5/30 20:04,--,--,--,--,24.3,16.8,24.3,63,--,--,--,--,26.2,19.6,26.2,67,--,--,--,--,--,--,--,--,--,--,--,--,--,--,--,--,--,--,--,--,--,--,--,--,--,--,--,--,--,--,--,--,--,--,--,--,--,--,--,--,--,--,--,--,--,--,--,--,--,--,--,--,--,--,--
2026/5/30 20:19,--,--,--,--,24.2,16.7,24.2,63,--,--,--,--,25.3,19.5,25.3,70,--,--,--,--,--,--,--,--,--,--,--,--,--,--,--,--,--,--,--,--,--,--,--,--,--,--,--,--,--,--,--,--,--,--,--,--,--,--,--,--,--,--,--,--,--,--,--,--,--,--,--,--,--,--,--
2026/5/30 20:34,--,--,--,--,24.2,16.7,24.2,63,--,--,--,--,24.2,18.6,24.2,71,--,--,--,--,--,--,--,--,--,--,--,--,--,--,--,--,--,--,--,--,--,--,--,--,--,--,--,--,--,--,--,--,--,--,--,--,--,--,--,--,--,--,--,--,--,--,--,--,--,--,--,--,--,--,--
2026/5/30 20:49,--,--,--,--,24.1,16.6,24.1,63,--,--,--,--,23.1,18.0,23.1,73,--,--,--,--,--,--,--,--,--,--,--,--,--,--,--,--,--,--,--,--,--,--,--,--,--,--,--,--,--,--,--,--,--,--,--,--,--,--,--,--,--,--,--,--,--,--,--,--,--,--,--,--,--,--,--
2026/5/30 21:04,--,--,--,--,24.2,16.7,24.2,63,--,--,--,--,22.4,17.8,22.4,75,--,--,--,--,--,--,--,--,--,--,--,--,--,--,--,--,--,--,--,--,--,--,--,--,--,--,--,--,--,--,--,--,--,--,--,--,--,--,--,--,--,--,--,--,--,--,--,--,--,--,--,--,--,--,--
2026/5/30 21:19,--,--,--,--,24.1,16.6,24.1,63,--,--,--,--,21.7,17.3,21.7,76,--,--,--,--,--,--,--,--,--,--,--,--,--,--,--,--,--,--,--,--,--,--,--,--,--,--,--,--,--,--,--,--,--,--,--,--,--,--,--,--,--,--,--,--,--,--,--,--,--,--,--,--,--,--,--
2026/5/30 21:34,--,--,--,--,24.2,16.7,24.2,63,--,--,--,--,21.1,17.1,21.1,78,--,--,--,--,--,--,--,--,--,--,--,--,--,--,--,--,--,--,--,--,--,--,--,--,--,--,--,--,--,--,--,--,--,--,--,--,--,--,--,--,--,--,--,--,--,--,--,--,--,--,--,--,--,--,--
2026/5/30 21:49,--,--,--,--,24.2,16.7,24.2,63,--,--,--,--,20.7,17.1,20.7,80,--,--,--,--,--,--,--,--,--,--,--,--,--,--,--,--,--,--,--,--,--,--,--,--,--,--,--,--,--,--,--,--,--,--,--,--,--,--,--,--,--,--,--,--,--,--,--,--,--,--,--,--,--,--,--
2026/5/30 22:04,--,--,--,--,24.1,16.6,24.1,63,--,--,--,--,20.4,17.2,20.4,82,--,--,--,--,--,--,--,--,--,--,--,--,--,--,--,--,--,--,--,--,--,--,--,--,--,--,--,--,--,--,--,--,--,--,--,--,--,--,--,--,--,--,--,--,--,--,--,--,--,--,--,--,--,--,--
2026/5/30 22:19,--,--,--,--,24.1,16.6,24.1,63,--,--,--,--,20.1,17.1,20.1,83,--,--,--,--,--,--,--,--,--,--,--,--,--,--,--,--,--,--,--,--,--,--,--,--,--,--,--,--,--,--,--,--,--,--,--,--,--,--,--,--,--,--,--,--,--,--,--,--,--,--,--,--,--,--,--
2026/5/30 22:34,--,--,--,--,24.1,16.6,24.1,63,--,--,--,--,19.9,17.1,19.9,84,--,--,--,--,--,--,--,--,--,--,--,--,--,--,--,--,--,--,--,--,--,--,--,--,--,--,--,--,--,--,--,--,--,--,--,--,--,--,--,--,--,--,--,--,--,--,--,--,--,--,--,--,--,--,--
2026/5/30 22:49,--,--,--,--,24.1,16.4,24.1,62,--,--,--,--,19.9,17.3,19.9,85,--,--,--,--,--,--,--,--,--,--,--,--,--,--,--,--,--,--,--,--,--,--,--,--,--,--,--,--,--,--,--,--,--,--,--,--,--,--,--,--,--,--,--,--,--,--,--,--,--,--,--,--,--,--,--
2026/5/30 23:04,--,--,--,--,24.0,16.3,24.0,62,--,--,--,--,20.6,17.6,20.6,83,--,--,--,--,--,--,--,--,--,--,--,--,--,--,--,--,--,--,--,--,--,--,--,--,--,--,--,--,--,--,--,--,--,--,--,--,--,--,--,--,--,--,--,--,--,--,--,--,--,--,--,--,--,--,--
2026/5/30 23:19,--,--,--,--,24.0,16.3,24.0,62,--,--,--,--,20.8,17.6,20.8,82,--,--,--,--,--,--,--,--,--,--,--,--,--,--,--,--,--,--,--,--,--,--,--,--,--,--,--,--,--,--,--,--,--,--,--,--,--,--,--,--,--,--,--,--,--,--,--,--,--,--,--,--,--,--,--
2026/5/30 23:34,--,--,--,--,24.0,16.3,24.0,62,--,--,--,--,20.7,17.7,20.7,83,--,--,--,--,--,--,--,--,--,--,--,--,--,--,--,--,--,--,--,--,--,--,--,--,--,--,--,--,--,--,--,--,--,--,--,--,--,--,--,--,--,--,--,--,--,--,--,--,--,--,--,--,--,--,--
2026/5/30 23:49,--,--,--,--,24.0,16.3,24.0,62,--,--,--,--,20.6,17.6,20.6,83,--,--,--,--,--,--,--,--,--,--,--,--,--,--,--,--,--,--,--,--,--,--,--,--,--,--,--,--,--,--,--,--,--,--,--,--,--,--,--,--,--,--,--,--,--,--,--,--,--,--,--,--,--,--,--
2026/5/31 0:00,--,--,--,--,24.0,16.3,24.0,62,--,--,--,--,20.5,17.5,20.5,83,--,--,--,--,--,--,--,--,--,--,--,--,--,--,--,--,--,--,--,--,--,--,--,--,--,--,--,--,--,--,--,--,--,--,--,--,--,--,--,--,--,--,--,--,--,--,--,--,--,--,--,--,--,--,--
2026/5/31 0:04,--,--,--,--,24.0,16.3,24.0,62,--,--,--,--,20.5,17.7,20.5,84,--,--,--,--,--,--,--,--,--,--,--,--,--,--,--,--,--,--,--,--,--,--,--,--,--,--,--,--,--,--,--,--,--,--,--,--,--,--,--,--,--,--,--,--,--,--,--,--,--,--,--,--,--,--,--
2026/5/31 0:19,--,--,--,--,24.0,16.3,24.0,62,--,--,--,--,20.4,17.4,20.4,83,--,--,--,--,--,--,--,--,--,--,--,--,--,--,--,--,--,--,--,--,--,--,--,--,--,--,--,--,--,--,--,--,--,--,--,--,--,--,--,--,--,--,--,--,--,--,--,--,--,--,--,--,--,--,--
2026/5/31 0:34,--,--,--,--,24.0,16.3,24.0,62,--,--,--,--,20.4,17.4,20.4,83,--,--,--,--,--,--,--,--,--,--,--,--,--,--,--,--,--,--,--,--,--,--,--,--,--,--,--,--,--,--,--,--,--,--,--,--,--,--,--,--,--,--,--,--,--,--,--,--,--,--,--,--,--,--,--
2026/5/31 0:49,--,--,--,--,23.9,16.2,23.9,62,--,--,--,--,20.3,17.1,20.3,82,--,--,--,--,--,--,--,--,--,--,--,--,--,--,--,--,--,--,--,--,--,--,--,--,--,--,--,--,--,--,--,--,--,--,--,--,--,--,--,--,--,--,--,--,--,--,--,--,--,--,--,--,--,--,--
2026/5/31 1:04,--,--,--,--,23.9,16.2,23.9,62,--,--,--,--,20.0,17.0,20.0,83,--,--,--,--,--,--,--,--,--,--,--,--,--,--,--,--,--,--,--,--,--,--,--,--,--,--,--,--,--,--,--,--,--,--,--,--,--,--,--,--,--,--,--,--,--,--,--,--,--,--,--,--,--,--,--
2026/5/31 1:19,--,--,--,--,24.0,16.3,24.0,62,--,--,--,--,20.0,16.3,20.0,79,--,--,--,--,--,--,--,--,--,--,--,--,--,--,--,--,--,--,--,--,--,--,--,--,--,--,--,--,--,--,--,--,--,--,--,--,--,--,--,--,--,--,--,--,--,--,--,--,--,--,--,--,--,--,--
2026/5/31 1:34,--,--,--,--,24.0,16.3,24.0,62,--,--,--,--,20.8,14.9,20.8,69,--,--,--,--,--,--,--,--,--,--,--,--,--,--,--,--,--,--,--,--,--,--,--,--,--,--,--,--,--,--,--,--,--,--,--,--,--,--,--,--,--,--,--,--,--,--,--,--,--,--,--,--,--,--,--
2026/5/31 1:49,--,--,--,--,23.9,16.2,23.9,62,--,--,--,--,21.2,14.1,21.2,64,--,--,--,--,--,--,--,--,--,--,--,--,--,--,--,--,--,--,--,--,--,--,--,--,--,--,--,--,--,--,--,--,--,--,--,--,--,--,--,--,--,--,--,--,--,--,--,--,--,--,--,--,--,--,--
2026/5/31 2:04,--,--,--,--,23.9,16.2,23.9,62,--,--,--,--,21.4,13.6,21.4,61,--,--,--,--,--,--,--,--,--,--,--,--,--,--,--,--,--,--,--,--,--,--,--,--,--,--,--,--,--,--,--,--,--,--,--,--,--,--,--,--,--,--,--,--,--,--,--,--,--,--,--,--,--,--,--
2026/5/31 2:19,--,--,--,--,23.9,15.9,23.9,61,--,--,--,--,21.7,12.8,21.7,57,--,--,--,--,--,--,--,--,--,--,--,--,--,--,--,--,--,--,--,--,--,--,--,--,--,--,--,--,--,--,--,--,--,--,--,--,--,--,--,--,--,--,--,--,--,--,--,--,--,--,--,--,--,--,--
2026/5/31 2:34,--,--,--,--,23.9,15.9,23.9,61,--,--,--,--,21.7,13.1,21.7,58,--,--,--,--,--,--,--,--,--,--,--,--,--,--,--,--,--,--,--,--,--,--,--,--,--,--,--,--,--,--,--,--,--,--,--,--,--,--,--,--,--,--,--,--,--,--,--,--,--,--,--,--,--,--,--
2026/5/31 2:49,--,--,--,--,23.9,15.9,23.9,61,--,--,--,--,21.3,13.0,21.3,59,--,--,--,--,--,--,--,--,--,--,--,--,--,--,--,--,--,--,--,--,--,--,--,--,--,--,--,--,--,--,--,--,--,--,--,--,--,--,--,--,--,--,--,--,--,--,--,--,--,--,--,--,--,--,--
2026/5/31 3:04,--,--,--,--,23.8,15.8,23.8,61,--,--,--,--,20.6,13.3,20.6,63,--,--,--,--,--,--,--,--,--,--,--,--,--,--,--,--,--,--,--,--,--,--,--,--,--,--,--,--,--,--,--,--,--,--,--,--,--,--,--,--,--,--,--,--,--,--,--,--,--,--,--,--,--,--,--
2026/5/31 3:19,--,--,--,--,23.8,15.8,23.8,61,--,--,--,--,20.1,12.6,20.1,62,--,--,--,--,--,--,--,--,--,--,--,--,--,--,--,--,--,--,--,--,--,--,--,--,--,--,--,--,--,--,--,--,--,--,--,--,--,--,--,--,--,--,--,--,--,--,--,--,--,--,--,--,--,--,--
2026/5/31 3:34,--,--,--,--,23.8,15.6,23.8,60,--,--,--,--,20.6,13.1,20.6,62,--,--,--,--,--,--,--,--,--,--,--,--,--,--,--,--,--,--,--,--,--,--,--,--,--,--,--,--,--,--,--,--,--,--,--,--,--,--,--,--,--,--,--,--,--,--,--,--,--,--,--,--,--,--,--
2026/5/31 3:49,--,--,--,--,23.8,15.6,23.8,60,--,--,--,--,20.7,13.2,20.7,62,--,--,--,--,--,--,--,--,--,--,--,--,--,--,--,--,--,--,--,--,--,--,--,--,--,--,--,--,--,--,--,--,--,--,--,--,--,--,--,--,--,--,--,--,--,--,--,--,--,--,--,--,--,--,--
2026/5/31 4:04,--,--,--,--,23.8,15.6,23.8,60,--,--,--,--,20.3,13.3,20.3,64,--,--,--,--,--,--,--,--,--,--,--,--,--,--,--,--,--,--,--,--,--,--,--,--,--,--,--,--,--,--,--,--,--,--,--,--,--,--,--,--,--,--,--,--,--,--,--,--,--,--,--,--,--,--,--
2026/5/31 4:19,--,--,--,--,23.8,15.6,23.8,60,--,--,--,--,19.8,13.7,19.8,68,--,--,--,--,--,--,--,--,--,--,--,--,--,--,--,--,--,--,--,--,--,--,--,--,--,--,--,--,--,--,--,--,--,--,--,--,--,--,--,--,--,--,--,--,--,--,--,--,--,--,--,--,--,--,--
2026/5/31 4:34,--,--,--,--,23.8,15.6,23.8,60,--,--,--,--,19.3,13.5,19.3,69,--,--,--,--,--,--,--,--,--,--,--,--,--,--,--,--,--,--,--,--,--,--,--,--,--,--,--,--,--,--,--,--,--,--,--,--,--,--,--,--,--,--,--,--,--,--,--,--,--,--,--,--,--,--,--
2026/5/31 4:49,--,--,--,--,23.7,15.0,23.7,58,--,--,--,--,18.8,13.2,18.8,70,--,--,--,--,--,--,--,--,--,--,--,--,--,--,--,--,--,--,--,--,--,--,--,--,--,--,--,--,--,--,--,--,--,--,--,--,--,--,--,--,--,--,--,--,--,--,--,--,--,--,--,--,--,--,--
2026/5/31 5:04,--,--,--,--,23.3,14.3,23.3,57,--,--,--,--,18.3,13.4,18.3,73,--,--,--,--,--,--,--,--,--,--,--,--,--,--,--,--,--,--,--,--,--,--,--,--,--,--,--,--,--,--,--,--,--,--,--,--,--,--,--,--,--,--,--,--,--,--,--,--,--,--,--,--,--,--,--
2026/5/31 5:19,--,--,--,--,23.1,13.9,23.1,56,--,--,--,--,18.5,13.8,18.5,74,--,--,--,--,--,--,--,--,--,--,--,--,--,--,--,--,--,--,--,--,--,--,--,--,--,--,--,--,--,--,--,--,--,--,--,--,--,--,--,--,--,--,--,--,--,--,--,--,--,--,--,--,--,--,--
2026/5/31 5:34,--,--,--,--,22.9,14.0,22.9,57,--,--,--,--,18.1,13.8,18.1,76,--,--,--,--,--,--,--,--,--,--,--,--,--,--,--,--,--,--,--,--,--,--,--,--,--,--,--,--,--,--,--,--,--,--,--,--,--,--,--,--,--,--,--,--,--,--,--,--,--,--,--,--,--,--,--
2026/5/31 5:49,--,--,--,--,23.0,14.3,23.0,58,--,--,--,--,18.5,13.8,18.5,74,--,--,--,--,--,--,--,--,--,--,--,--,--,--,--,--,--,--,--,--,--,--,--,--,--,--,--,--,--,--,--,--,--,--,--,--,--,--,--,--,--,--,--,--,--,--,--,--,--,--,--,--,--,--,--
2026/5/31 6:04,--,--,--,--,23.1,14.4,23.1,58,--,--,--,--,18.4,14.1,18.4,76,--,--,--,--,--,--,--,--,--,--,--,--,--,--,--,--,--,--,--,--,--,--,--,--,--,--,--,--,--,--,--,--,--,--,--,--,--,--,--,--,--,--,--,--,--,--,--,--,--,--,--,--,--,--,--
2026/5/31 6:19,--,--,--,--,23.2,14.5,23.2,58,--,--,--,--,17.9,13.8,17.9,77,--,--,--,--,--,--,--,--,--,--,--,--,--,--,--,--,--,--,--,--,--,--,--,--,--,--,--,--,--,--,--,--,--,--,--,--,--,--,--,--,--,--,--,--,--,--,--,--,--,--,--,--,--,--,--
2026/5/31 6:34,--,--,--,--,23.2,14.8,23.2,59,--,--,--,--,17.6,14.1,17.6,80,--,--,--,--,--,--,--,--,--,--,--,--,--,--,--,--,--,--,--,--,--,--,--,--,--,--,--,--,--,--,--,--,--,--,--,--,--,--,--,--,--,--,--,--,--,--,--,--,--,--,--,--,--,--,--
2026/5/31 6:49,--,--,--,--,23.1,14.7,23.1,59,--,--,--,--,17.8,14.5,17.8,81,--,--,--,--,--,--,--,--,--,--,--,--,--,--,--,--,--,--,--,--,--,--,--,--,--,--,--,--,--,--,--,--,--,--,--,--,--,--,--,--,--,--,--,--,--,--,--,--,--,--,--,--,--,--,--
2026/5/31 7:04,--,--,--,--,23.1,14.7,23.1,59,--,--,--,--,17.6,14.5,17.6,82,--,--,--,--,--,--,--,--,--,--,--,--,--,--,--,--,--,--,--,--,--,--,--,--,--,--,--,--,--,--,--,--,--,--,--,--,--,--,--,--,--,--,--,--,--,--,--,--,--,--,--,--,--,--,--
2026/5/31 7:19,--,--,--,--,23.1,14.9,23.1,60,--,--,--,--,17.2,15.0,17.2,87,--,--,--,--,--,--,--,--,--,--,--,--,--,--,--,--,--,--,--,--,--,--,--,--,--,--,--,--,--,--,--,--,--,--,--,--,--,--,--,--,--,--,--,--,--,--,--,--,--,--,--,--,--,--,--
2026/5/31 7:34,--,--,--,--,23.0,15.1,23.0,61,--,--,--,--,17.1,15.1,17.1,88,--,--,--,--,--,--,--,--,--,--,--,--,--,--,--,--,--,--,--,--,--,--,--,--,--,--,--,--,--,--,--,--,--,--,--,--,--,--,--,--,--,--,--,--,--,--,--,--,--,--,--,--,--,--,--
2026/5/31 7:49,--,--,--,--,23.0,15.1,23.0,61,--,--,--,--,17.4,15.2,17.4,87,--,--,--,--,--,--,--,--,--,--,--,--,--,--,--,--,--,--,--,--,--,--,--,--,--,--,--,--,--,--,--,--,--,--,--,--,--,--,--,--,--,--,--,--,--,--,--,--,--,--,--,--,--,--,--
2026/5/31 8:04,--,--,--,--,23.0,15.1,23.0,61,--,--,--,--,17.8,15.4,17.8,86,--,--,--,--,--,--,--,--,--,--,--,--,--,--,--,--,--,--,--,--,--,--,--,--,--,--,--,--,--,--,--,--,--,--,--,--,--,--,--,--,--,--,--,--,--,--,--,--,--,--,--,--,--,--,--
2026/5/31 8:19,--,--,--,--,23.0,15.3,23.0,62,--,--,--,--,18.7,16.3,18.7,86,--,--,--,--,--,--,--,--,--,--,--,--,--,--,--,--,--,--,--,--,--,--,--,--,--,--,--,--,--,--,--,--,--,--,--,--,--,--,--,--,--,--,--,--,--,--,--,--,--,--,--,--,--,--,--
2026/5/31 8:34,--,--,--,--,23.1,15.4,23.1,62,--,--,--,--,18.9,16.3,18.9,85,--,--,--,--,--,--,--,--,--,--,--,--,--,--,--,--,--,--,--,--,--,--,--,--,--,--,--,--,--,--,--,--,--,--,--,--,--,--,--,--,--,--,--,--,--,--,--,--,--,--,--,--,--,--,--
2026/5/31 8:49,--,--,--,--,23.0,15.6,23.0,63,--,--,--,--,18.8,16.4,18.8,86,--,--,--,--,--,--,--,--,--,--,--,--,--,--,--,--,--,--,--,--,--,--,--,--,--,--,--,--,--,--,--,--,--,--,--,--,--,--,--,--,--,--,--,--,--,--,--,--,--,--,--,--,--,--,--
2026/5/31 9:04,--,--,--,--,23.0,15.6,23.0,63,--,--,--,--,19.5,17.1,19.5,86,--,--,--,--,--,--,--,--,--,--,--,--,--,--,--,--,--,--,--,--,--,--,--,--,--,--,--,--,--,--,--,--,--,--,--,--,--,--,--,--,--,--,--,--,--,--,--,--,--,--,--,--,--,--,--
2026/5/31 9:19,--,--,--,--,23.1,15.9,23.1,64,--,--,--,--,21.5,18.5,21.5,83,--,--,--,--,--,--,--,--,--,--,--,--,--,--,--,--,--,--,--,--,--,--,--,--,--,--,--,--,--,--,--,--,--,--,--,--,--,--,--,--,--,--,--,--,--,--,--,--,--,--,--,--,--,--,--
2026/5/31 9:34,--,--,--,--,23.2,16.0,23.2,64,--,--,--,--,24.4,19.9,24.4,76,--,--,--,--,--,--,--,--,--,--,--,--,--,--,--,--,--,--,--,--,--,--,--,--,--,--,--,--,--,--,--,--,--,--,--,--,--,--,--,--,--,--,--,--,--,--,--,--,--,--,--,--,--,--,--
2026/5/31 9:49,--,--,--,--,23.3,16.1,23.3,64,--,--,--,--,25.7,20.3,25.7,72,--,--,--,--,--,--,--,--,--,--,--,--,--,--,--,--,--,--,--,--,--,--,--,--,--,--,--,--,--,--,--,--,--,--,--,--,--,--,--,--,--,--,--,--,--,--,--,--,--,--,--,--,--,--,--
2026/5/31 10:04,--,--,--,--,23.5,16.1,23.5,63,--,--,--,--,26.9,20.5,28.5,68,--,--,--,--,--,--,--,--,--,--,--,--,--,--,--,--,--,--,--,--,--,--,--,--,--,--,--,--,--,--,--,--,--,--,--,--,--,--,--,--,--,--,--,--,--,--,--,--,--,--,--,--,--,--,--
2026/5/31 10:19,--,--,--,--,23.5,16.1,23.5,63,--,--,--,--,27.4,20.3,29.0,65,--,--,--,--,--,--,--,--,--,--,--,--,--,--,--,--,--,--,--,--,--,--,--,--,--,--,--,--,--,--,--,--,--,--,--,--,--,--,--,--,--,--,--,--,--,--,--,--,--,--,--,--,--,--,--
2026/5/31 10:34,--,--,--,--,23.5,16.1,23.5,63,--,--,--,--,27.2,20.1,28.8,65,--,--,--,--,--,--,--,--,--,--,--,--,--,--,--,--,--,--,--,--,--,--,--,--,--,--,--,--,--,--,--,--,--,--,--,--,--,--,--,--,--,--,--,--,--,--,--,--,--,--,--,--,--,--,--
2026/5/31 10:49,--,--,--,--,23.5,16.1,23.5,63,--,--,--,--,30.5,21.6,33.6,59,--,--,--,--,--,--,--,--,--,--,--,--,--,--,--,--,--,--,--,--,--,--,--,--,--,--,--,--,--,--,--,--,--,--,--,--,--,--,--,--,--,--,--,--,--,--,--,--,--,--,--,--,--,--,--
2026/5/31 11:04,--,--,--,--,23.6,16.2,23.6,63,--,--,--,--,32.7,21.3,36.0,51,--,--,--,--,--,--,--,--,--,--,--,--,--,--,--,--,--,--,--,--,--,--,--,--,--,--,--,--,--,--,--,--,--,--,--,--,--,--,--,--,--,--,--,--,--,--,--,--,--,--,--,--,--,--,--
2026/5/31 11:19,--,--,--,--,23.6,16.2,23.6,63,--,--,--,--,34.3,22.4,39.0,50,--,--,--,--,--,--,--,--,--,--,--,--,--,--,--,--,--,--,--,--,--,--,--,--,--,--,--,--,--,--,--,--,--,--,--,--,--,--,--,--,--,--,--,--,--,--,--,--,--,--,--,--,--,--,--
2026/5/31 11:34,--,--,--,--,23.6,15.9,23.6,62,--,--,--,--,33.8,21.3,37.2,48,--,--,--,--,--,--,--,--,--,--,--,--,--,--,--,--,--,--,--,--,--,--,--,--,--,--,--,--,--,--,--,--,--,--,--,--,--,--,--,--,--,--,--,--,--,--,--,--,--,--,--,--,--,--,--
2026/5/31 11:49,--,--,--,--,23.6,15.9,23.6,62,--,--,--,--,31.0,20.3,33.2,53,--,--,--,--,--,--,--,--,--,--,--,--,--,--,--,--,--,--,--,--,--,--,--,--,--,--,--,--,--,--,--,--,--,--,--,--,--,--,--,--,--,--,--,--,--,--,--,--,--,--,--,--,--,--,--
2026/5/31 12:04,--,--,--,--,23.6,15.9,23.6,62,--,--,--,--,30.9,20.5,33.2,54,--,--,--,--,--,--,--,--,--,--,--,--,--,--,--,--,--,--,--,--,--,--,--,--,--,--,--,--,--,--,--,--,--,--,--,--,--,--,--,--,--,--,--,--,--,--,--,--,--,--,--,--,--,--,--
2026/5/31 12:19,--,--,--,--,23.6,15.9,23.6,62,--,--,--,--,29.9,18.7,31.0,51,--,--,--,--,--,--,--,--,--,--,--,--,--,--,--,--,--,--,--,--,--,--,--,--,--,--,--,--,--,--,--,--,--,--,--,--,--,--,--,--,--,--,--,--,--,--,--,--,--,--,--,--,--,--,--
2026/5/31 12:34,--,--,--,--,23.7,15.8,23.7,61,--,--,--,--,32.0,20.0,34.1,49,--,--,--,--,--,--,--,--,--,--,--,--,--,--,--,--,--,--,--,--,--,--,--,--,--,--,--,--,--,--,--,--,--,--,--,--,--,--,--,--,--,--,--,--,--,--,--,--,--,--,--,--,--,--,--
2026/5/31 12:49,--,--,--,--,23.7,15.8,23.7,61,--,--,--,--,31.1,17.5,31.7,44,--,--,--,--,--,--,--,--,--,--,--,--,--,--,--,--,--,--,--,--,--,--,--,--,--,--,--,--,--,--,--,--,--,--,--,--,--,--,--,--,--,--,--,--,--,--,--,--,--,--,--,--,--,--,--
2026/5/31 13:04,--,--,--,--,23.7,15.8,23.7,61,--,--,--,--,30.8,18.2,31.7,47,--,--,--,--,--,--,--,--,--,--,--,--,--,--,--,--,--,--,--,--,--,--,--,--,--,--,--,--,--,--,--,--,--,--,--,--,--,--,--,--,--,--,--,--,--,--,--,--,--,--,--,--,--,--,--
2026/5/31 13:19,--,--,--,--,23.7,15.8,23.7,61,--,--,--,--,30.9,19.3,32.4,50,--,--,--,--,--,--,--,--,--,--,--,--,--,--,--,--,--,--,--,--,--,--,--,--,--,--,--,--,--,--,--,--,--,--,--,--,--,--,--,--,--,--,--,--,--,--,--,--,--,--,--,--,--,--,--
2026/5/31 13:34,--,--,--,--,23.7,15.8,23.7,61,--,--,--,--,33.3,20.1,35.7,46,--,--,--,--,--,--,--,--,--,--,--,--,--,--,--,--,--,--,--,--,--,--,--,--,--,--,--,--,--,--,--,--,--,--,--,--,--,--,--,--,--,--,--,--,--,--,--,--,--,--,--,--,--,--,--
2026/5/31 13:49,--,--,--,--,23.7,15.8,23.7,61,--,--,--,--,32.7,17.8,33.6,41,--,--,--,--,--,--,--,--,--,--,--,--,--,--,--,--,--,--,--,--,--,--,--,--,--,--,--,--,--,--,--,--,--,--,--,--,--,--,--,--,--,--,--,--,--,--,--,--,--,--,--,--,--,--,--
2026/5/31 14:04,--,--,--,--,23.7,15.8,23.7,61,--,--,--,--,30.2,17.3,30.7,46,--,--,--,--,--,--,--,--,--,--,--,--,--,--,--,--,--,--,--,--,--,--,--,--,--,--,--,--,--,--,--,--,--,--,--,--,--,--,--,--,--,--,--,--,--,--,--,--,--,--,--,--,--,--,--
2026/5/31 14:19,--,--,--,--,23.8,15.8,23.8,61,--,--,--,--,29.7,18.5,30.8,51,--,--,--,--,--,--,--,--,--,--,--,--,--,--,--,--,--,--,--,--,--,--,--,--,--,--,--,--,--,--,--,--,--,--,--,--,--,--,--,--,--,--,--,--,--,--,--,--,--,--,--,--,--,--,--
2026/5/31 14:34,--,--,--,--,23.8,15.8,23.8,61,--,--,--,--,30.3,18.4,31.3,49,--,--,--,--,--,--,--,--,--,--,--,--,--,--,--,--,--,--,--,--,--,--,--,--,--,--,--,--,--,--,--,--,--,--,--,--,--,--,--,--,--,--,--,--,--,--,--,--,--,--,--,--,--,--,--
2026/5/31 14:49,--,--,--,--,23.8,15.8,23.8,61,--,--,--,--,29.7,18.5,30.8,51,--,--,--,--,--,--,--,--,--,--,--,--,--,--,--,--,--,--,--,--,--,--,--,--,--,--,--,--,--,--,--,--,--,--,--,--,--,--,--,--,--,--,--,--,--,--,--,--,--,--,--,--,--,--,--
2026/5/31 15:04,--,--,--,--,23.8,15.8,23.8,61,--,--,--,--,29.8,18.3,30.7,50,--,--,--,--,--,--,--,--,--,--,--,--,--,--,--,--,--,--,--,--,--,--,--,--,--,--,--,--,--,--,--,--,--,--,--,--,--,--,--,--,--,--,--,--,--,--,--,--,--,--,--,--,--,--,--
2026/5/31 15:19,--,--,--,--,23.8,15.8,23.8,61,--,--,--,--,28.9,17.8,29.6,51,--,--,--,--,--,--,--,--,--,--,--,--,--,--,--,--,--,--,--,--,--,--,--,--,--,--,--,--,--,--,--,--,--,--,--,--,--,--,--,--,--,--,--,--,--,--,--,--,--,--,--,--,--,--,--
2026/5/31 15:34,--,--,--,--,23.7,15.8,23.7,61,--,--,--,--,28.7,18.2,29.6,53,--,--,--,--,--,--,--,--,--,--,--,--,--,--,--,--,--,--,--,--,--,--,--,--,--,--,--,--,--,--,--,--,--,--,--,--,--,--,--,--,--,--,--,--,--,--,--,--,--,--,--,--,--,--,--
2026/5/31 15:49,--,--,--,--,23.7,15.8,23.7,61,--,--,--,--,29.7,18.8,30.9,52,--,--,--,--,--,--,--,--,--,--,--,--,--,--,--,--,--,--,--,--,--,--,--,--,--,--,--,--,--,--,--,--,--,--,--,--,--,--,--,--,--,--,--,--,--,--,--,--,--,--,--,--,--,--,--
2026/5/31 16:04,--,--,--,--,23.7,15.8,23.7,61,--,--,--,--,27.8,17.4,28.4,53,--,--,--,--,--,--,--,--,--,--,--,--,--,--,--,--,--,--,--,--,--,--,--,--,--,--,--,--,--,--,--,--,--,--,--,--,--,--,--,--,--,--,--,--,--,--,--,--,--,--,--,--,--,--,--
2026/5/31 16:19,--,--,--,--,23.8,15.6,23.8,60,--,--,--,--,28.7,17.9,29.5,52,--,--,--,--,--,--,--,--,--,--,--,--,--,--,--,--,--,--,--,--,--,--,--,--,--,--,--,--,--,--,--,--,--,--,--,--,--,--,--,--,--,--,--,--,--,--,--,--,--,--,--,--,--,--,--
2026/5/31 16:34,--,--,--,--,23.8,15.6,23.8,60,--,--,--,--,27.1,16.7,27.7,53,--,--,--,--,--,--,--,--,--,--,--,--,--,--,--,--,--,--,--,--,--,--,--,--,--,--,--,--,--,--,--,--,--,--,--,--,--,--,--,--,--,--,--,--,--,--,--,--,--,--,--,--,--,--,--
2026/5/31 16:49,--,--,--,--,23.8,15.6,23.8,60,--,--,--,--,27.1,17.3,27.8,55,--,--,--,--,--,--,--,--,--,--,--,--,--,--,--,--,--,--,--,--,--,--,--,--,--,--,--,--,--,--,--,--,--,--,--,--,--,--,--,--,--,--,--,--,--,--,--,--,--,--,--,--,--,--,--
2026/5/31 17:04,--,--,--,--,23.8,15.6,23.8,60,--,--,--,--,28.0,17.3,28.6,52,--,--,--,--,--,--,--,--,--,--,--,--,--,--,--,--,--,--,--,--,--,--,--,--,--,--,--,--,--,--,--,--,--,--,--,--,--,--,--,--,--,--,--,--,--,--,--,--,--,--,--,--,--,--,--
2026/5/31 17:19,--,--,--,--,23.8,15.6,23.8,60,--,--,--,--,26.9,16.2,27.4,52,--,--,--,--,--,--,--,--,--,--,--,--,--,--,--,--,--,--,--,--,--,--,--,--,--,--,--,--,--,--,--,--,--,--,--,--,--,--,--,--,--,--,--,--,--,--,--,--,--,--,--,--,--,--,--
2026/5/31 17:34,--,--,--,--,23.8,15.6,23.8,60,--,--,--,--,26.8,16.4,27.3,53,--,--,--,--,--,--,--,--,--,--,--,--,--,--,--,--,--,--,--,--,--,--,--,--,--,--,--,--,--,--,--,--,--,--,--,--,--,--,--,--,--,--,--,--,--,--,--,--,--,--,--,--,--,--,--
2026/5/31 17:49,--,--,--,--,23.8,15.3,23.8,59,--,--,--,--,28.3,17.5,28.9,52,--,--,--,--,--,--,--,--,--,--,--,--,--,--,--,--,--,--,--,--,--,--,--,--,--,--,--,--,--,--,--,--,--,--,--,--,--,--,--,--,--,--,--,--,--,--,--,--,--,--,--,--,--,--,--
2026/5/31 18:04,--,--,--,--,23.8,15.3,23.8,59,--,--,--,--,27.7,16.4,28.1,50,--,--,--,--,--,--,--,--,--,--,--,--,--,--,--,--,--,--,--,--,--,--,--,--,--,--,--,--,--,--,--,--,--,--,--,--,--,--,--,--,--,--,--,--,--,--,--,--,--,--,--,--,--,--,--
2026/5/31 18:19,--,--,--,--,23.8,15.3,23.8,59,--,--,--,--,26.8,17.0,27.4,55,--,--,--,--,--,--,--,--,--,--,--,--,--,--,--,--,--,--,--,--,--,--,--,--,--,--,--,--,--,--,--,--,--,--,--,--,--,--,--,--,--,--,--,--,--,--,--,--,--,--,--,--,--,--,--
2026/5/31 18:34,--,--,--,--,23.8,15.3,23.8,59,--,--,--,--,25.4,16.3,25.4,57,--,--,--,--,--,--,--,--,--,--,--,--,--,--,--,--,--,--,--,--,--,--,--,--,--,--,--,--,--,--,--,--,--,--,--,--,--,--,--,--,--,--,--,--,--,--,--,--,--,--,--,--,--,--,--
2026/5/31 18:49,--,--,--,--,23.8,15.3,23.8,59,--,--,--,--,24.3,15.3,24.3,57,--,--,--,--,--,--,--,--,--,--,--,--,--,--,--,--,--,--,--,--,--,--,--,--,--,--,--,--,--,--,--,--,--,--,--,--,--,--,--,--,--,--,--,--,--,--,--,--,--,--,--,--,--,--,--
2026/5/31 19:04,--,--,--,--,23.8,15.3,23.8,59,--,--,--,--,23.3,15.4,23.3,61,--,--,--,--,--,--,--,--,--,--,--,--,--,--,--,--,--,--,--,--,--,--,--,--,--,--,--,--,--,--,--,--,--,--,--,--,--,--,--,--,--,--,--,--,--,--,--,--,--,--,--,--,--,--,--
2026/5/31 19:19,--,--,--,--,23.9,15.4,23.9,59,--,--,--,--,22.6,14.7,22.6,61,--,--,--,--,--,--,--,--,--,--,--,--,--,--,--,--,--,--,--,--,--,--,--,--,--,--,--,--,--,--,--,--,--,--,--,--,--,--,--,--,--,--,--,--,--,--,--,--,--,--,--,--,--,--,--
2026/5/31 19:34,--,--,--,--,23.9,15.4,23.9,59,--,--,--,--,21.9,15.0,21.9,65,--,--,--,--,--,--,--,--,--,--,--,--,--,--,--,--,--,--,--,--,--,--,--,--,--,--,--,--,--,--,--,--,--,--,--,--,--,--,--,--,--,--,--,--,--,--,--,--,--,--,--,--,--,--,--
2026/5/31 19:49,--,--,--,--,23.9,15.4,23.9,59,--,--,--,--,21.3,14.5,21.3,65,--,--,--,--,--,--,--,--,--,--,--,--,--,--,--,--,--,--,--,--,--,--,--,--,--,--,--,--,--,--,--,--,--,--,--,--,--,--,--,--,--,--,--,--,--,--,--,--,--,--,--,--,--,--,--
2026/5/31 20:04,--,--,--,--,23.9,15.4,23.9,59,--,--,--,--,20.9,14.3,20.9,66,--,--,--,--,--,--,--,--,--,--,--,--,--,--,--,--,--,--,--,--,--,--,--,--,--,--,--,--,--,--,--,--,--,--,--,--,--,--,--,--,--,--,--,--,--,--,--,--,--,--,--,--,--,--,--
2026/5/31 20:19,--,--,--,--,23.9,15.4,23.9,59,--,--,--,--,20.6,14.5,20.6,68,--,--,--,--,--,--,--,--,--,--,--,--,--,--,--,--,--,--,--,--,--,--,--,--,--,--,--,--,--,--,--,--,--,--,--,--,--,--,--,--,--,--,--,--,--,--,--,--,--,--,--,--,--,--,--
2026/5/31 20:34,--,--,--,--,23.9,15.4,23.9,59,--,--,--,--,20.5,14.2,20.5,67,--,--,--,--,--,--,--,--,--,--,--,--,--,--,--,--,--,--,--,--,--,--,--,--,--,--,--,--,--,--,--,--,--,--,--,--,--,--,--,--,--,--,--,--,--,--,--,--,--,--,--,--,--,--,--
2026/5/31 20:49,--,--,--,--,23.9,15.4,23.9,59,--,--,--,--,20.0,13.7,20.0,67,--,--,--,--,--,--,--,--,--,--,--,--,--,--,--,--,--,--,--,--,--,--,--,--,--,--,--,--,--,--,--,--,--,--,--,--,--,--,--,--,--,--,--,--,--,--,--,--,--,--,--,--,--,--,--
2026/5/31 21:04,--,--,--,--,23.9,15.4,23.9,59,--,--,--,--,19.5,12.5,19.5,64,--,--,--,--,--,--,--,--,--,--,--,--,--,--,--,--,--,--,--,--,--,--,--,--,--,--,--,--,--,--,--,--,--,--,--,--,--,--,--,--,--,--,--,--,--,--,--,--,--,--,--,--,--,--,--
2026/5/31 21:19,--,--,--,--,23.8,15.3,23.8,59,--,--,--,--,19.2,12.2,19.2,64,--,--,--,--,--,--,--,--,--,--,--,--,--,--,--,--,--,--,--,--,--,--,--,--,--,--,--,--,--,--,--,--,--,--,--,--,--,--,--,--,--,--,--,--,--,--,--,--,--,--,--,--,--,--,--
2026/5/31 21:34,--,--,--,--,23.9,15.4,23.9,59,--,--,--,--,18.9,11.7,18.9,63,--,--,--,--,--,--,--,--,--,--,--,--,--,--,--,--,--,--,--,--,--,--,--,--,--,--,--,--,--,--,--,--,--,--,--,--,--,--,--,--,--,--,--,--,--,--,--,--,--,--,--,--,--,--,--
2026/5/31 21:49,--,--,--,--,23.8,15.3,23.8,59,--,--,--,--,18.8,11.9,18.8,64,--,--,--,--,--,--,--,--,--,--,--,--,--,--,--,--,--,--,--,--,--,--,--,--,--,--,--,--,--,--,--,--,--,--,--,--,--,--,--,--,--,--,--,--,--,--,--,--,--,--,--,--,--,--,--
2026/5/31 22:04,--,--,--,--,23.8,15.3,23.8,59,--,--,--,--,18.4,11.7,18.4,65,--,--,--,--,--,--,--,--,--,--,--,--,--,--,--,--,--,--,--,--,--,--,--,--,--,--,--,--,--,--,--,--,--,--,--,--,--,--,--,--,--,--,--,--,--,--,--,--,--,--,--,--,--,--,--
2026/5/31 22:19,--,--,--,--,23.8,15.3,23.8,59,--,--,--,--,18.2,12.0,18.2,67,--,--,--,--,--,--,--,--,--,--,--,--,--,--,--,--,--,--,--,--,--,--,--,--,--,--,--,--,--,--,--,--,--,--,--,--,--,--,--,--,--,--,--,--,--,--,--,--,--,--,--,--,--,--,--
2026/5/31 22:34,--,--,--,--,23.7,15.0,23.7,58,--,--,--,--,17.9,11.7,17.9,67,--,--,--,--,--,--,--,--,--,--,--,--,--,--,--,--,--,--,--,--,--,--,--,--,--,--,--,--,--,--,--,--,--,--,--,--,--,--,--,--,--,--,--,--,--,--,--,--,--,--,--,--,--,--,--
2026/5/31 22:49,--,--,--,--,23.7,15.0,23.7,58,--,--,--,--,17.4,11.4,17.4,68,--,--,--,--,--,--,--,--,--,--,--,--,--,--,--,--,--,--,--,--,--,--,--,--,--,--,--,--,--,--,--,--,--,--,--,--,--,--,--,--,--,--,--,--,--,--,--,--,--,--,--,--,--,--,--
2026/5/31 23:04,--,--,--,--,23.7,15.0,23.7,58,--,--,--,--,16.6,11.3,16.6,71,--,--,--,--,--,--,--,--,--,--,--,--,--,--,--,--,--,--,--,--,--,--,--,--,--,--,--,--,--,--,--,--,--,--,--,--,--,--,--,--,--,--,--,--,--,--,--,--,--,--,--,--,--,--,--
2026/5/31 23:19,--,--,--,--,23.7,15.0,23.7,58,--,--,--,--,16.1,11.3,16.1,73,--,--,--,--,--,--,--,--,--,--,--,--,--,--,--,--,--,--,--,--,--,--,--,--,--,--,--,--,--,--,--,--,--,--,--,--,--,--,--,--,--,--,--,--,--,--,--,--,--,--,--,--,--,--,--
2026/5/31 23:34,--,--,--,--,23.7,14.7,23.7,57,--,--,--,--,15.7,11.3,15.7,75,--,--,--,--,--,--,--,--,--,--,--,--,--,--,--,--,--,--,--,--,--,--,--,--,--,--,--,--,--,--,--,--,--,--,--,--,--,--,--,--,--,--,--,--,--,--,--,--,--,--,--,--,--,--,--
2026/5/31 23:49,--,--,--,--,23.7,14.7,23.7,57,--,--,--,--,15.8,11.4,15.8,75,--,--,--,--,--,--,--,--,--,--,--,--,--,--,--,--,--,--,--,--,--,--,--,--,--,--,--,--,--,--,--,--,--,--,--,--,--,--,--,--,--,--,--,--,--,--,--,--,--,--,--,--,--,--,--
